word,side,affix,root,root_free,method,zipf,freq,comp
portly,suffix,ly,port,True,family,2.42,2.63e-07,-0.2063104212284088
comer,suffix,er,come,True,family,2.86,7.24e-07,-0.20626777410507202
joint,suffix,t,join,True,family,4.71,5.13e-05,-0.18956179916858673
survey,prefix,sur,vey,True,freeroot,4.69,4.9e-05,-0.1785435825586319
inclosed,prefix,im,close,True,family,1.61,4.07e-08,-0.16394585371017456
deadly,suffix,ly,dead,True,family,4.16,1.45e-05,-0.15593278408050537
riddance,suffix,ance,rid,True,family,2.9,7.94e-07,-0.1502804011106491
massy,suffix,y,mass,True,family,2.25,1.78e-07,-0.14978757500648499
jobber,suffix,er,job,True,family,2.37,2.34e-07,-0.14193086326122284
rockery,suffix,ory,rock,True,family,1.83,6.76e-08,-0.13734465837478638
outbreak,prefix,out,break,True,family,3.99,9.77e-06,-0.13155196607112885
congress,prefix,co,gress,True,family,4.9,7.94e-05,-0.12971645593643188
ministration,suffix,ion,minister,True,family,1.71,5.13e-08,-0.12746663391590118
corporate,suffix,ate,corpor,False,family,4.64,4.37e-05,-0.12723027169704437
mostly,suffix,ly,most,True,family,4.83,6.76e-05,-0.1272047460079193
corpora,suffix,a,corpor,False,family,2.36,2.29e-07,-0.1223064437508583
radical,suffix,al,radic,True,freeroot,4.33,2.14e-05,-0.12186020612716675
ridden,suffix,en,rid,True,family,3.62,4.17e-06,-0.12050755321979523
servitor,suffix,or,serve,True,family,1.88,7.59e-08,-0.1203603520989418
federal,suffix,al,feder,True,family,5.13,0.000135,-0.11983322352170944
scathingly,suffix,ly,scathe,False,family,1.93,8.51e-08,-0.11637423932552338
continent,suffix,ant,contain,True,family,4.07,1.17e-05,-0.11628348380327225
dejected,prefix,de,ject,False,family,2.77,5.89e-07,-0.11511929333209991
polymath,prefix,poly,math,True,family,2.18,1.51e-07,-0.11442910134792328
leaden,suffix,en,lead,True,family,2.4,2.51e-07,-0.11234185099601746
require,prefix,re,quire,True,family,4.78,6.03e-05,-0.11214988678693771
provide,prefix,pro,vide,True,freeroot,5.15,0.000141,-0.11098504066467285
stricken,suffix,en,strick,True,freeroot,3.52,3.31e-06,-0.11064805835485458
receive,prefix,re,ceive,False,family,4.85,7.08e-05,-0.11062422394752502
research,prefix,re,search,True,family,5.39,0.000245,-0.10973227024078369
speaker,suffix,er,speak,True,family,4.49,3.09e-05,-0.10897592455148697
traduced,prefix,trans,duct,True,family,1.61,4.07e-08,-0.10834357142448425
factory,suffix,ory,fact,True,family,4.55,3.55e-05,-0.10756776481866837
inmate,prefix,in,mate,True,family,3.54,3.47e-06,-0.10440648347139359
downy,suffix,y,down,True,family,2.6,3.98e-07,-0.10414804518222809
majorette,suffix,ette,major,True,family,1.73,5.37e-08,-0.10248818248510361
leader,suffix,er,lead,True,family,4.95,8.91e-05,-0.10170744359493256
thirdly,suffix,ly,third,True,freeroot,3.06,1.15e-06,-0.10166987031698227
offish,suffix,ish,off,True,freeroot,1.97,9.33e-08,-0.0979250967502594
secondment,suffix,ment,second,True,family,2.16,1.45e-07,-0.09731996804475784
situation,suffix,ion,situate,True,freeroot,5.09,0.000123,-0.09633033722639084
correspondingly,suffix,ly,correspond,True,family,2.76,5.75e-07,-0.09524239599704742
majority,suffix,ity,major,True,family,4.94,8.71e-05,-0.09339402616024017
boxer,suffix,er,box,True,family,3.74,5.5e-06,-0.09229782968759537
arose,prefix,a,rose,True,family,3.73,5.37e-06,-0.09143539518117905
continence,suffix,ance,contain,True,family,2.1,1.26e-07,-0.0888693556189537
amount,prefix,a,mount,True,family,5.13,0.000135,-0.0883977934718132
torrential,suffix,al,torrence,True,freeroot,2.9,7.94e-07,-0.08785954117774963
springy,suffix,y,spring,True,family,2.46,2.88e-07,-0.08706142753362656
stately,suffix,ly,state,True,family,3.13,1.35e-06,-0.08651096373796463
federate,suffix,ate,feder,True,family,1.78,6.03e-08,-0.08648277074098587
fleetingly,suffix,ly,fleet,True,freeroot,2.11,1.29e-07,-0.08606565743684769
matey,suffix,y,mate,True,family,2.5,3.16e-07,-0.08545785397291183
outskirts,prefix,out,skirt,True,freeroot,3.56,3.63e-06,-0.08407126367092133
looker,suffix,er,look,True,family,2.55,3.55e-07,-0.08351337164640427
riser,suffix,er,rise,True,family,2.88,7.59e-07,-0.08249354362487793
philippians,suffix,ian,philip,True,freeroot,2.68,4.79e-07,-0.08131049573421478
killingly,suffix,ly,kill,True,family,1.65,4.47e-08,-0.08123850077390671
chiefly,suffix,ly,chief,True,family,3.42,2.63e-06,-0.08099920302629471
report,prefix,re,port,True,family,5.32,0.000209,-0.08067277818918228
outlook,prefix,out,look,True,family,4.07,1.17e-05,-0.08044972270727158
commodity,suffix,ity,commode,True,family,3.86,7.24e-06,-0.08036614954471588
aftermath,prefix,after,math,True,family,3.9,7.94e-06,-0.07978212088346481
local,suffix,al,loc,True,family,5.43,0.000269,-0.07676801830530167
numerous,suffix,ious,numer,True,family,4.65,4.47e-05,-0.07649479061365128
casualty,suffix,ity,casual,True,family,3.61,4.07e-06,-0.07412592321634293
fisher,suffix,er,fish,True,family,4.02,1.05e-05,-0.07395661622285843
corporal,suffix,al,corpor,False,family,3.65,4.47e-06,-0.07266642153263092
actuary,suffix,ory,act,True,family,2.5,3.16e-07,-0.07237792015075684
absolutely,suffix,ly,absolute,True,family,4.98,9.55e-05,-0.0696515440940857
bespeak,prefix,be,speak,True,family,1.75,5.62e-08,-0.06964658945798874
archly,suffix,ly,arch,True,family,1.66,4.57e-08,-0.06813879311084747
capitation,suffix,ion,capit,False,family,1.71,5.13e-08,-0.06781578809022903
oversee,prefix,over,see,True,family,3.51,3.24e-06,-0.06575896590948105
apparent,suffix,ant,appar,True,family,4.32,2.09e-05,-0.06496503204107285
miner,suffix,er,mine,True,family,3.58,3.8e-06,-0.06403937935829163
discount,prefix,dis,count,True,family,4.35,2.24e-05,-0.06359706819057465
particulate,suffix,ate,particle,True,family,3.04,1.1e-06,-0.06298574805259705
martian,suffix,ian,mart,True,freeroot,3.39,2.45e-06,-0.06275883316993713
predator,suffix,or,pred,True,freeroot,3.71,5.13e-06,-0.06254728138446808
canine,suffix,ine,can,True,family,3.33,2.14e-06,-0.06197590380907059
estimate,suffix,ate,esteem,True,family,4.29,1.95e-05,-0.061692383140325546
prefect,prefix,pre,fect,False,family,3.09,1.23e-06,-0.061389461159706116
refuse,prefix,re,fuse,True,family,4.39,2.45e-05,-0.061286501586437225
rosen,suffix,en,rose,True,family,3.4,2.51e-06,-0.06062428280711174
battlements,suffix,ment,battle,True,family,2.54,3.47e-07,-0.06042207404971123
boxy,suffix,y,box,True,family,2.65,4.47e-07,-0.05996884033083916
conferment,suffix,ment,confer,True,family,1.64,4.37e-08,-0.05996117740869522
vestment,suffix,ment,vest,True,family,1.85,7.08e-08,-0.05921115726232529
lignite,suffix,ite,line,True,family,2.46,2.88e-07,-0.05758024379611015
knoweth,suffix,th,know,True,family,2.2,1.58e-07,-0.057318639010190964
delectation,suffix,ion,delect,False,family,1.85,7.08e-08,-0.05707230046391487
concretion,suffix,ion,concrete,True,family,1.61,4.07e-08,-0.056951023638248444
voter,suffix,er,vote,True,family,4.11,1.29e-05,-0.056895945221185684
heady,suffix,y,head,True,family,2.93,8.51e-07,-0.05687886103987694
adventitious,suffix,ious,advent,True,family,1.96,9.12e-08,-0.05515408143401146
monetary,suffix,ory,monet,True,family,4.1,1.26e-05,-0.054801907390356064
dislocates,prefix,dis,locate,True,family,1.69,4.9e-08,-0.05476211756467819
compound,prefix,co,pound,True,family,4.18,1.51e-05,-0.054235007613897324
reverse,prefix,re,verse,True,family,4.37,2.34e-05,-0.054173704236745834
wader,suffix,er,wade,True,freeroot,1.82,6.61e-08,-0.054046016186475754
sluggish,suffix,ish,slug,True,freeroot,3.25,1.78e-06,-0.05379039794206619
marcher,suffix,er,march,True,freeroot,1.95,8.91e-08,-0.05207928270101547
company,suffix,y,compan,True,family,5.6,0.000398,-0.05132023245096207
complex,prefix,co,plex,True,freeroot,4.86,7.24e-05,-0.0512419119477272
strikingly,suffix,ly,strike,True,family,3.12,1.32e-06,-0.05113597214221954
missy,suffix,y,miss,True,family,3.26,1.82e-06,-0.05080781504511833
bunker,suffix,er,bunk,True,family,3.67,4.68e-06,-0.050779592245817184
survive,prefix,sur,vive,True,family,4.52,3.31e-05,-0.04999841749668121
gusty,suffix,y,gust,True,family,2.59,3.89e-07,-0.0492975227534771
traverse,prefix,trans,verse,True,family,3.4,2.51e-06,-0.04928204417228699
overhaul,prefix,over,haul,True,family,3.59,3.89e-06,-0.047885410487651825
perisher,suffix,er,perish,True,family,1.6,3.98e-08,-0.047644514590501785
inspect,prefix,in,spect,True,family,3.63,4.27e-06,-0.047386571764945984
delta,suffix,a,delt,True,family,4.12,1.32e-05,-0.04596162214875221
mariner,suffix,er,marin,True,family,3.03,1.07e-06,-0.045845065265893936
uprising,prefix,up,rise,True,family,3.74,5.5e-06,-0.04522872343659401
forties,suffix,ity,for,True,freeroot,3.04,1.1e-06,-0.04506886377930641
dissolute,prefix,dis,solut,False,family,2.32,2.09e-07,-0.04496153071522713
versified,suffix,ify,verse,True,family,1.5,3.16e-08,-0.044670265167951584
referee,suffix,ee,refer,True,family,3.86,7.24e-06,-0.04372159391641617
twosome,suffix,some,two,True,family,2.19,1.55e-07,-0.04168345034122467
israelite,suffix,ite,israel,True,family,2.76,5.75e-07,-0.04138319194316864
distressingly,suffix,ly,distress,True,freeroot,1.98,9.55e-08,-0.04128973186016083
beheld,prefix,be,held,True,family,2.51,3.24e-07,-0.04097578674554825
exactions,suffix,ion,exact,True,family,1.68,4.79e-08,-0.040664538741111755
posey,suffix,y,pose,True,family,2.92,8.32e-07,-0.04059590399265289
dicky,suffix,y,dick,True,family,2.73,5.37e-07,-0.04032906889915466
marinate,suffix,ate,marin,True,family,2.59,3.89e-07,-0.04025254398584366
rotten,suffix,en,rot,True,family,3.81,6.46e-06,-0.04008064046502113
exclaim,prefix,ex,claim,True,family,2.82,6.61e-07,-0.03907983377575874
altitude,suffix,itude,alti,True,freeroot,3.92,8.32e-06,-0.03900858387351036
underscore,prefix,under,score,True,family,2.97,9.33e-07,-0.038944311439991
guardian,suffix,ian,guard,True,family,4.26,1.82e-05,-0.038884472101926804
syndicate,suffix,ate,syndic,True,freeroot,3.51,3.24e-06,-0.03878786042332649
bandage,suffix,age,band,True,family,3.24,1.74e-06,-0.037789151072502136
fledgling,suffix,ling,fledge,True,freeroot,3.1,1.26e-06,-0.03767792880535126
lunar,suffix,ar,lun,True,family,3.77,5.89e-06,-0.03760705888271332
deforest,prefix,de,forest,True,family,2.12,1.32e-07,-0.037354711443185806
predict,prefix,pre,dict,True,family,4.08,1.2e-05,-0.03698810935020447
unseeing,prefix,un,see,True,family,1.58,3.8e-08,-0.036559466272592545
tipper,suffix,er,tip,True,family,2.63,4.27e-07,-0.03652916103601456
musty,suffix,y,must,True,freeroot,2.83,6.76e-07,-0.03640996664762497
hawkish,suffix,ish,hawk,True,family,2.43,2.69e-07,-0.03618994355201721
outta,prefix,out,of,True,freeroot,4.1,1.26e-05,-0.03603467345237732
markedly,suffix,ly,mark,True,family,3.29,1.95e-06,-0.03542083501815796
undermine,prefix,under,mine,True,family,3.65,4.47e-06,-0.034331198781728745
interleave,prefix,inter,leave,True,freeroot,1.51,3.24e-08,-0.033844709396362305
encounter,prefix,en,counter,True,freeroot,4.26,1.82e-05,-0.03271248936653137
cometh,suffix,th,come,True,family,2.86,7.24e-07,-0.03269841521978378
appealingly,suffix,ly,appeal,True,freeroot,1.87,7.41e-08,-0.03260798007249832
inbuilt,prefix,in,built,True,family,2.39,2.45e-07,-0.03223587945103645
grounder,suffix,er,ground,True,family,2.42,2.63e-07,-0.03211691603064537
hewn,suffix,n,hew,True,family,2.67,4.68e-07,-0.031863853335380554
singer,suffix,er,sing,True,family,4.52,3.31e-05,-0.0318482406437397
supremely,suffix,ly,supreme,True,family,3.04,1.1e-06,-0.031714871525764465
neighbourly,suffix,ly,neighbour,True,family,2.12,1.32e-07,-0.031713563948869705
hawker,suffix,er,hawk,True,family,2.82,6.61e-07,-0.03159911930561066
downer,suffix,er,down,True,family,3.06,1.15e-06,-0.03141549602150917
substitute,prefix,sub,stitute,False,family,4.17,1.48e-05,-0.030990999191999435
merger,suffix,er,merge,True,family,3.97,9.33e-06,-0.02974841371178627
nightie,suffix,y,night,True,family,2.09,1.23e-07,-0.02912711724638939
upheld,prefix,up,held,True,family,3.59,3.89e-06,-0.028886722400784492
overcome,prefix,over,come,True,family,4.27,1.86e-05,-0.028494857251644135
vanity,suffix,ity,vane,True,freeroot,3.74,5.5e-06,-0.027208922430872917
sawn,suffix,n,saw,True,family,2.66,4.57e-07,-0.026638327166438103
legacy,suffix,acy,leg,True,family,4.37,2.34e-05,-0.026475470513105392
catchment,suffix,ment,catch,True,family,3.02,1.05e-06,-0.02634359337389469
lecture,suffix,ure,lect,True,freeroot,4.14,1.38e-05,-0.024886414408683777
unease,prefix,un,ease,True,family,2.78,6.03e-07,-0.0248421560972929
aerial,suffix,al,aero,True,family,3.91,8.13e-06,-0.024611707776784897
repeater,suffix,er,repeat,True,family,2.89,7.76e-07,-0.024543313309550285
easters,suffix,er,east,True,family,1.58,3.8e-08,-0.024411741644144058
denatured,prefix,de,nature,True,family,2.34,2.19e-07,-0.024250853806734085
armful,suffix,ful,arm,True,family,1.98,9.55e-08,-0.024213256314396858
protestation,suffix,ion,protest,True,family,1.85,7.08e-08,-0.023652467876672745
striker,suffix,er,strike,True,family,3.9,7.94e-06,-0.02348516322672367
gustatory,suffix,ory,gust,True,family,1.97,9.33e-08,-0.023344077169895172
delegate,suffix,ate,deleg,True,freeroot,3.7,5.01e-06,-0.02294105663895607
teamster,suffix,ster,team,True,freeroot,2.19,1.55e-07,-0.02290424145758152
appliance,suffix,ance,apply,True,family,3.35,2.24e-06,-0.021791592240333557
wireless,suffix,less,wire,True,family,4.2,1.58e-05,-0.02178276889026165
rarefaction,suffix,ion,rare,True,family,1.56,3.63e-08,-0.02152870036661625
extern,prefix,ex,tern,True,family,1.94,8.71e-08,-0.020695272833108902
ambulant,suffix,ant,amble,True,family,1.7,5.01e-08,-0.02054746448993683
birdie,suffix,y,bird,True,freeroot,3.26,1.82e-06,-0.02054113894701004
scorer,suffix,er,score,True,family,3.63,4.27e-06,-0.020343996584415436
forecast,prefix,fore,cast,True,family,4.09,1.23e-05,-0.020275717601180077
portage,suffix,age,port,True,family,3.0,1e-06,-0.020124897360801697
courser,suffix,er,course,True,family,2.0,1e-07,-0.019548477604985237
mastitis,suffix,itis,mast,True,family,2.27,1.86e-07,-0.019373824819922447
lodger,suffix,er,lodge,True,family,2.58,3.8e-07,-0.01934828795492649
amply,suffix,y,ample,True,family,2.61,4.07e-07,-0.01903574913740158
victory,suffix,y,victor,True,family,4.73,5.37e-05,-0.018910137936472893
leveller,suffix,er,level,True,freeroot,2.09,1.23e-07,-0.018590904772281647
finite,suffix,ite,fin,True,freeroot,3.75,5.62e-06,-0.01855556294322014
overthrow,prefix,over,throw,True,family,3.61,4.07e-06,-0.018238941207528114
undergone,prefix,under,gone,True,family,3.58,3.8e-06,-0.018045969307422638
environment,suffix,ment,environ,True,freeroot,4.87,7.41e-05,-0.01775939017534256
jobless,suffix,less,job,True,family,3.14,1.38e-06,-0.017165739089250565
unravel,prefix,un,ravel,True,freeroot,3.19,1.55e-06,-0.016915639862418175
commandment,suffix,ment,command,True,family,3.17,1.48e-06,-0.016107985749840736
discussion,suffix,ion,discus,True,freeroot,4.71,5.13e-05,-0.015987470746040344
wily,suffix,y,wile,True,family,2.8,6.31e-07,-0.01590801030397415
searcher,suffix,er,search,True,family,2.43,2.69e-07,-0.015544739551842213
considerable,suffix,able,consider,True,family,4.25,1.78e-05,-0.01520658191293478
polymer,prefix,poly,mer,True,freeroot,3.64,4.37e-06,-0.014882578514516354
expend,prefix,ex,pend,True,family,2.9,7.94e-07,-0.014099480584263802
volition,suffix,ion,vol,True,freeroot,2.83,6.76e-07,-0.0140225850045681
ordinary,suffix,ory,ordin,False,family,4.42,2.63e-05,-0.014019514434039593
adventist,suffix,ist,advent,True,family,2.79,6.17e-07,-0.013820694759488106
easement,suffix,ment,ease,True,family,2.79,6.17e-07,-0.013493849895894527
mountie,suffix,y,mount,True,family,2.13,1.35e-07,-0.01269879937171936
afterbirth,prefix,after,birth,True,family,2.02,1.05e-07,-0.01268799789249897
unroll,prefix,un,roll,True,family,2.26,1.82e-07,-0.012123912572860718
groupie,suffix,y,group,True,family,2.65,4.47e-07,-0.012099378742277622
porter,suffix,er,port,True,family,3.98,9.55e-06,-0.01190706342458725
medicaments,suffix,ment,medic,True,family,1.75,5.62e-08,-0.011890225112438202
ingrain,prefix,in,grain,True,freeroot,1.82,6.61e-08,-0.011848143301904202
enrolled,prefix,en,roll,True,family,3.92,8.32e-06,-0.011412544175982475
privateers,suffix,eer,private,True,family,2.48,3.02e-07,-0.010909485630691051
opener,suffix,er,open,True,family,3.88,7.59e-06,-0.009588570334017277
logger,suffix,er,log,True,family,2.53,3.39e-07,-0.009346999228000641
unscathed,prefix,un,scathe,False,family,2.99,9.77e-07,-0.009340397082269192
roadie,suffix,y,road,True,family,2.49,3.09e-07,-0.009312699548900127
offspring,prefix,off,spring,True,family,3.77,5.89e-06,-0.00910176057368517
fitment,suffix,ment,fit,True,family,2.07,1.17e-07,-0.008991473354399204
interfere,prefix,inter,fere,True,freeroot,3.88,7.59e-06,-0.0087783457711339
mummery,suffix,ory,mum,True,freeroot,1.88,7.59e-08,-0.00765346921980381
roughly,suffix,ly,rough,True,family,4.36,2.29e-05,-0.007399152498692274
secondly,suffix,ly,second,True,family,3.85,7.08e-06,-0.00722621800377965
apparition,suffix,ion,appar,True,family,2.86,7.24e-07,-0.007177245803177357
estimable,suffix,able,esteem,True,family,2.17,1.48e-07,-0.00716810580343008
unassisted,prefix,un,assist,True,family,2.57,3.72e-07,-0.007036895956844091
abusive,suffix,ive,abuse,True,family,3.87,7.41e-06,-0.0069601829163730145
underpin,prefix,under,pin,True,freeroot,2.67,4.68e-07,-0.006412919610738754
reflux,prefix,re,flux,True,family,2.99,9.77e-07,-0.006045874208211899
medical,suffix,al,medic,True,family,5.16,0.000145,-0.0059751057997345924
tributary,suffix,ory,tribute,True,family,3.15,1.41e-06,-0.005702259950339794
inset,prefix,in,set,True,family,2.85,7.08e-07,-0.005128669552505016
frontage,suffix,age,front,True,family,2.99,9.77e-07,-0.004912691656500101
lingual,suffix,al,lingu,False,family,2.8,6.31e-07,-0.004841898567974567
liner,suffix,er,line,True,family,3.75,5.62e-06,-0.00470777740702033
overturn,prefix,over,turn,True,family,3.22,1.66e-06,-0.004675621632486582
decline,prefix,de,cline,True,family,4.4,2.51e-05,-0.004628370516002178
oversight,prefix,over,sight,True,family,3.83,6.76e-06,-0.004552616737782955
equipment,suffix,ment,equip,True,family,4.88,7.59e-05,-0.0043141599744558334
excise,prefix,ex,cise,True,family,3.26,1.82e-06,-0.0041128769516944885
broiler,suffix,er,broil,True,family,2.65,4.47e-07,-0.0037882092874497175
pleasance,suffix,ance,please,True,family,2.05,1.12e-07,-0.0037685460411012173
bespoke,prefix,be,spoke,True,family,3.2,1.58e-06,-0.0037251017056405544
absently,suffix,ly,absent,True,family,1.92,8.32e-08,-0.003640179755166173
disclose,prefix,dis,close,True,family,3.84,6.92e-06,-0.0032338432502001524
unwind,prefix,un,wind,True,family,3.09,1.23e-06,-0.0027822954580187798
british,suffix,ish,britain,True,family,5.18,0.000151,-0.002770358696579933
gainer,suffix,er,gain,True,family,2.54,3.47e-07,-0.0025686477310955524
prefix,prefix,pre,fix,True,family,3.23,1.7e-06,-0.0024674260057508945
intercourse,prefix,inter,course,True,family,3.6,3.98e-06,-0.002449610736221075
orchestrate,suffix,ate,orchestr,False,family,2.66,4.57e-07,-0.0023525410797446966
cupful,suffix,ful,cup,True,freeroot,1.55,3.55e-08,-0.002252435777336359
serial,suffix,al,seri,True,freeroot,4.23,1.7e-05,-0.002222617855295539
blinder,suffix,er,blind,True,family,2.41,2.57e-07,-0.0021865088492631912
fender,suffix,er,fend,True,freeroot,3.4,2.51e-06,-0.0017513351049274206
offset,prefix,off,set,True,family,3.99,9.77e-06,-0.0015429025515913963
dissemble,prefix,di,semble,False,family,1.86,7.24e-08,-0.001093992032110691
subpoena,prefix,sub,poena,True,freeroot,3.34,2.19e-06,-0.0009794976795092225
worlders,suffix,er,world,True,family,1.65,4.47e-08,-0.0006291645695455372
outstanding,prefix,out,stand,True,family,4.5,3.16e-05,-0.0005514727672562003
chartist,suffix,ist,chart,True,family,2.0,1e-07,-0.0005060546682216227
polyglot,prefix,poly,glott,False,family,2.38,2.4e-07,-0.0001853220019256696
obviously,suffix,ly,obvious,True,family,4.8,6.31e-05,-0.00015947496285662055
contrary,suffix,ory,contra,True,freeroot,4.17,1.48e-05,3.85241728508845e-05
stander,suffix,er,stand,True,family,2.18,1.51e-07,7.535333134001121e-05
exceedingly,suffix,ly,exceed,True,freeroot,3.35,2.24e-06,0.00017362451762892306
prospect,prefix,pro,spect,True,family,4.13,1.35e-05,0.0003405339957680553
communicant,suffix,ant,communic,False,family,1.65,4.47e-08,0.0006388152833096683
roadster,suffix,ster,road,True,family,2.84,6.92e-07,0.0012775848153978586
underground,prefix,under,ground,True,family,4.32,2.09e-05,0.0012951033422723413
cantonment,suffix,ment,canton,True,family,2.38,2.4e-07,0.0015512991230934858
exactly,suffix,ly,exact,True,family,5.15,0.000141,0.001571883913129568
secretarial,suffix,al,secretary,True,family,2.72,5.25e-07,0.0021953710820525885
floater,suffix,er,float,True,family,2.59,3.89e-07,0.0021989312954247
blocky,suffix,y,block,True,family,2.51,3.24e-07,0.002722091507166624
vegetate,suffix,ate,veget,False,family,1.58,3.8e-08,0.0028414165135473013
hospitality,suffix,ity,hospital,True,family,3.9,7.94e-06,0.0030249045230448246
unsay,prefix,un,say,True,family,1.51,3.24e-08,0.003636746434494853
stayer,suffix,er,stay,True,family,1.93,8.51e-08,0.0037672482430934906
wally,suffix,y,wall,True,freeroot,3.45,2.82e-06,0.0039780461229383945
debunk,prefix,de,bunk,True,family,2.68,4.79e-07,0.0040921433828771114
unlettered,prefix,un,letter,True,freeroot,1.53,3.39e-08,0.004190931096673012
prevail,prefix,pre,vail,True,family,3.55,3.55e-06,0.004219941329210997
saturnine,suffix,ine,saturn,True,freeroot,1.74,5.5e-08,0.004227069206535816
journal,suffix,al,journ,True,family,4.77,5.89e-05,0.004251142963767052
salter,suffix,er,salt,True,family,2.81,6.46e-07,0.004314923193305731
disturbingly,suffix,ly,disturb,True,family,2.65,4.47e-07,0.004790361970663071
spiritual,suffix,al,spirit,True,family,4.4,2.51e-05,0.005202214699238539
semblance,suffix,ance,semble,False,family,3.1,1.26e-06,0.005231568124145269
relocated,prefix,re,locate,True,family,3.42,2.63e-06,0.005279011093080044
chancy,suffix,y,chance,True,freeroot,1.97,9.33e-08,0.005301444325596094
eventual,suffix,al,event,True,family,3.73,5.37e-06,0.005392651539295912
winos,suffix,o,wine,True,freeroot,1.57,3.72e-08,0.0054804058745503426
ordinance,suffix,ance,ordin,False,family,3.6,3.98e-06,0.005491179414093494
romish,suffix,ish,rome,True,family,1.52,3.31e-08,0.005570558365434408
piercingly,suffix,ly,pierce,True,freeroot,1.6,3.98e-08,0.005655061453580856
flown,suffix,n,flow,True,family,3.83,6.76e-06,0.006246224977076054
prostitute,prefix,pro,stitute,False,family,3.58,3.8e-06,0.0063493987545371056
underling,suffix,ling,under,True,freeroot,2.24,1.74e-07,0.006412648595869541
dickies,suffix,ie,dick,True,family,2.04,1.1e-07,0.006611436139792204
outline,prefix,out,line,True,family,3.92,8.32e-06,0.006763300392776728
movingly,suffix,ly,move,True,family,2.08,1.2e-07,0.007067013997584581
toner,suffix,er,tone,True,family,3.07,1.17e-06,0.00727465795353055
shorty,suffix,y,short,True,family,3.26,1.82e-06,0.0072945961728692055
runny,suffix,y,run,True,family,2.94,8.71e-07,0.007353639230132103
tracker,suffix,er,track,True,family,3.63,4.27e-06,0.007537883706390858
stricture,suffix,ure,strict,True,family,2.02,1.05e-07,0.008233909495174885
kiddy,suffix,y,kidd,True,family,2.45,2.82e-07,0.008286688476800919
judy,suffix,y,jud,True,freeroot,3.79,6.17e-06,0.008369465358555317
orchestra,suffix,a,orchestr,False,family,4.01,1.02e-05,0.008515285328030586
hamiltonian,suffix,ian,hamilton,True,freeroot,2.75,5.62e-07,0.009203318506479263
particular,suffix,ar,particle,True,family,5.0,0.0001,0.009882432408630848
submerge,prefix,sub,merge,True,family,2.6,3.98e-07,0.01003407035022974
mileage,suffix,age,mile,True,family,3.64,4.37e-06,0.010342154651880264
ordinal,suffix,al,ordin,False,family,2.67,4.68e-07,0.010617420077323914
vicky,suffix,y,vick,True,freeroot,3.35,2.24e-06,0.01069895550608635
beginner,suffix,er,begin,True,freeroot,3.52,3.31e-06,0.010759011842310429
concord,prefix,co,cord,True,family,3.47,2.95e-06,0.010798264294862747
catcher,suffix,er,catch,True,family,3.54,3.47e-06,0.010996519587934017
premeditated,prefix,pre,meditate,True,family,2.94,8.71e-07,0.011545546352863312
principality,suffix,ity,principal,True,family,2.78,6.03e-07,0.01178208738565445
outreach,prefix,out,reach,True,family,3.68,4.79e-06,0.011897450312972069
benighted,prefix,be,night,True,family,2.18,1.51e-07,0.012047752737998962
genius,suffix,us,geni,True,family,4.33,2.14e-05,0.012232543900609016
overlap,prefix,over,lap,True,freeroot,3.7,5.01e-06,0.012562612071633339
steerage,suffix,age,steer,True,family,2.29,1.95e-07,0.012575242668390274
peckish,suffix,ish,peck,True,family,2.02,1.05e-07,0.012913246639072895
intercept,prefix,inter,cept,True,family,3.57,3.72e-06,0.013074737042188644
electric,suffix,ic,electr,False,family,4.72,5.25e-05,0.013258279301226139
notable,suffix,able,note,True,family,4.07,1.17e-05,0.013323504477739334
guardedly,suffix,ly,guard,True,family,1.64,4.37e-08,0.01340726763010025
sententious,suffix,ious,sentence,True,freeroot,1.5,3.16e-08,0.013505306094884872
resemble,prefix,re,semble,False,family,3.73,5.37e-06,0.013589209876954556
trusty,suffix,y,trust,True,family,3.03,1.07e-06,0.01376834511756897
cyclist,suffix,ist,cycle,True,family,3.58,3.8e-06,0.014135369099676609
dismiss,prefix,dis,miss,True,family,3.85,7.08e-06,0.014494218863546848
unveil,prefix,un,veil,True,freeroot,3.2,1.58e-06,0.014569521881639957
newsy,suffix,y,new,True,family,1.92,8.32e-08,0.014604312367737293
beery,suffix,y,beer,True,freeroot,2.15,1.41e-07,0.014818569645285606
stellar,suffix,ar,stell,True,freeroot,3.76,5.75e-06,0.014825890772044659
conscript,prefix,co,script,True,family,2.47,2.95e-07,0.0148885203525424
arrester,suffix,er,arrest,True,freeroot,1.9,7.94e-08,0.015051494352519512
adventure,suffix,ure,advent,True,family,4.46,2.88e-05,0.015383702702820301
smithy,suffix,y,smith,True,freeroot,2.55,3.55e-07,0.015421920455992222
chiefdom,suffix,dom,chief,True,family,1.87,7.41e-08,0.015560193918645382
outvote,prefix,out,vote,True,family,1.59,3.89e-08,0.015746798366308212
imperial,suffix,al,empire,True,family,4.21,1.62e-05,0.01578429900109768
weaver,suffix,er,weave,True,family,3.6,3.98e-06,0.0158548504114151
ailment,suffix,ment,ail,True,freeroot,2.98,9.55e-07,0.015887068584561348
boozy,suffix,y,booze,True,family,2.52,3.31e-07,0.016043011099100113
influx,prefix,in,flux,True,family,3.58,3.8e-06,0.016375703737139702
given,suffix,en,give,True,family,5.41,0.000257,0.016553109511733055
wayward,suffix,ward,way,True,family,3.09,1.23e-06,0.016581255942583084
badness,suffix,ness,bad,True,family,2.47,2.95e-07,0.01667233370244503
known,suffix,n,know,True,family,5.39,0.000245,0.016804391518235207
gainful,suffix,ful,gain,True,family,2.47,2.95e-07,0.016866764053702354
inner,suffix,er,inn,True,freeroot,4.5,3.16e-05,0.016972431913018227
pocketful,suffix,ful,pocket,True,freeroot,2.02,1.05e-07,0.01700551062822342
jumper,suffix,er,jump,True,family,3.7,5.01e-06,0.017233513295650482
tipster,suffix,ster,tip,True,family,2.32,2.09e-07,0.017524488270282745
goner,suffix,er,gone,True,family,2.45,2.82e-07,0.01771128550171852
quickie,suffix,y,quick,True,family,2.76,5.75e-07,0.018009373918175697
toughie,suffix,y,tough,True,family,1.8,6.31e-08,0.018164651468396187
arboreal,suffix,al,arbor,True,freeroot,2.34,2.19e-07,0.018468080088496208
colliery,suffix,y,collier,True,freeroot,2.95,8.91e-07,0.018878299742937088
sentient,suffix,ant,sent,True,family,3.12,1.32e-06,0.01927988789975643
ingoing,prefix,in,go,True,family,1.57,3.72e-08,0.019625673070549965
sector,suffix,or,sect,True,family,4.66,4.57e-05,0.019641809165477753
desmond,prefix,de,mond,True,freeroot,3.41,2.57e-06,0.019685016945004463
backer,suffix,er,back,True,family,3.0,1e-06,0.019888807088136673
silencer,suffix,er,silence,True,freeroot,2.75,5.62e-07,0.02000025287270546
homeless,suffix,less,home,True,family,4.26,1.82e-05,0.020193753764033318
profanation,suffix,ion,profane,True,family,1.5,3.16e-08,0.020202776417136192
catchy,suffix,y,catch,True,family,3.49,3.09e-06,0.02086561545729637
outage,suffix,age,out,True,family,3.26,1.82e-06,0.021178392693400383
sayers,suffix,er,say,True,family,2.8,6.31e-07,0.02173924818634987
quartet,suffix,et,quart,True,family,3.54,3.47e-06,0.021793432533740997
numeracy,suffix,acy,numer,True,family,2.57,3.72e-07,0.021858345717191696
beholding,prefix,be,hold,True,family,2.1,1.26e-07,0.02196536585688591
acquire,prefix,a,quire,True,family,4.13,1.35e-05,0.022304149344563484
atomic,suffix,ic,atom,True,family,3.98,9.55e-06,0.022364087402820587
lineal,suffix,al,line,True,family,2.43,2.69e-07,0.022474505007267
outlying,prefix,out,lie,True,family,3.07,1.17e-06,0.02258092351257801
winger,suffix,er,wing,True,family,3.57,3.72e-06,0.022767813876271248
prewar,prefix,pre,war,True,family,2.64,4.37e-07,0.023116230964660645
distribute,prefix,dis,tribute,True,family,3.79,6.17e-06,0.023592770099639893
woodward,suffix,ward,wood,True,family,3.5,3.16e-06,0.023769577965140343
incised,prefix,in,cise,True,family,2.55,3.55e-07,0.023831360042095184
cavalier,suffix,er,caval,False,family,3.17,1.48e-06,0.023852190002799034
recall,prefix,re,call,True,family,4.4,2.51e-05,0.023881103843450546
upkeep,prefix,up,keep,True,family,3.24,1.74e-06,0.02400730550289154
cavalry,suffix,ory,caval,False,family,3.8,6.31e-06,0.024156831204891205
scaly,suffix,y,scale,True,family,2.81,6.46e-07,0.02423175610601902
conjure,prefix,co,jur,True,family,3.1,1.26e-06,0.02450193464756012
adjourn,prefix,a,journ,True,family,2.71,5.13e-07,0.02490505389869213
arianism,suffix,ism,ariane,True,freeroot,1.94,8.71e-08,0.025081360712647438
trepidation,suffix,ion,trepid,False,family,2.72,5.25e-07,0.02511788159608841
racer,suffix,er,race,True,family,3.45,2.82e-06,0.025207679718732834
factious,suffix,ious,fact,True,family,1.53,3.39e-08,0.025253649801015854
chronic,suffix,ic,chrono,True,freeroot,4.2,1.58e-05,0.025586217641830444
blazer,suffix,er,blaze,True,family,3.27,1.86e-06,0.025763798505067825
surplus,prefix,sur,plus,True,freeroot,3.87,7.41e-06,0.02577010728418827
sown,suffix,n,sow,True,family,2.95,8.91e-07,0.026360217481851578
hematite,suffix,itis,hema,True,freeroot,2.48,3.02e-07,0.026595907285809517
wiry,suffix,y,wire,True,family,2.51,3.24e-07,0.026878325268626213
profiteer,suffix,eer,profit,True,family,2.02,1.05e-07,0.026973586529493332
presser,suffix,er,press,True,family,2.79,6.17e-07,0.027028888463974
actuate,suffix,ate,act,True,family,2.1,1.26e-07,0.027073828503489494
voucher,suffix,er,vouch,True,freeroot,3.47,2.95e-06,0.02738778479397297
acceptation,suffix,ion,accept,True,family,1.6,3.98e-08,0.027538275346159935
embattled,prefix,en,battle,True,family,2.78,6.03e-07,0.027584893628954887
footage,suffix,age,foot,True,family,4.31,2.04e-05,0.027632420882582664
carnal,suffix,al,carn,True,freeroot,2.97,9.33e-07,0.027680808678269386
equipage,suffix,age,equip,True,family,1.7,5.01e-08,0.0278107188642025
vinery,suffix,ory,vine,True,freeroot,1.53,3.39e-08,0.027831539511680603
profanity,suffix,ity,profane,True,family,3.06,1.15e-06,0.02788173034787178
patently,suffix,ly,patent,True,family,2.88,7.59e-07,0.02792169898748398
outback,prefix,out,back,True,family,3.21,1.62e-06,0.02812354266643524
tangent,suffix,ant,tang,True,family,3.19,1.55e-06,0.028157535940408707
badly,suffix,ly,bad,True,family,4.44,2.75e-05,0.028175510466098785
undue,prefix,un,due,True,family,3.29,1.95e-06,0.028344392776489258
peerage,suffix,age,peer,True,family,2.77,5.89e-07,0.02837657742202282
secretion,suffix,ion,secrete,True,family,3.11,1.29e-06,0.02858120948076248
hewer,suffix,er,hew,True,family,1.91,8.13e-08,0.028642667457461357
roofer,suffix,er,roof,True,family,2.29,1.95e-07,0.028724052011966705
impending,prefix,in,pend,True,family,3.53,3.39e-06,0.028749283403158188
potter,suffix,er,pot,True,family,4.11,1.29e-05,0.02876720018684864
blockage,suffix,age,block,True,family,3.0,1e-06,0.02879898063838482
unexpected,prefix,un,expect,True,family,4.23,1.7e-05,0.028853701427578926
reservist,suffix,ist,reserve,True,family,2.47,2.95e-07,0.02899319678544998
absentee,suffix,ee,absent,True,family,3.17,1.48e-06,0.028997965157032013
upshot,prefix,up,shot,True,family,2.68,4.79e-07,0.029042614623904228
oriental,suffix,al,orient,True,family,3.73,5.37e-06,0.029109084978699684
customer,suffix,er,custom,True,family,4.61,4.07e-05,0.029181649908423424
britannic,suffix,ic,britain,True,family,2.1,1.26e-07,0.029206182807683945
stager,suffix,er,stage,True,family,1.9,7.94e-08,0.029836170375347137
jarringly,suffix,ly,jar,True,freeroot,1.74,5.5e-08,0.02993273176252842
beatified,suffix,ify,beat,True,family,2.05,1.12e-07,0.02999618463218212
temperance,suffix,ance,temper,True,family,3.15,1.41e-06,0.030239271000027657
fallen,suffix,en,fall,True,family,4.39,2.45e-05,0.030244814231991768
titanic,suffix,ic,titan,True,freeroot,3.59,3.89e-06,0.030295973643660545
outpatient,prefix,out,patient,True,family,3.32,2.09e-06,0.030427848920226097
swimmingly,suffix,ly,swim,True,family,2.35,2.24e-07,0.030453501269221306
burger,suffix,er,burg,True,freeroot,4.07,1.17e-05,0.03050665184855461
indexer,suffix,er,index,True,freeroot,2.11,1.29e-07,0.03051360882818699
goer,suffix,er,go,True,family,2.59,3.89e-07,0.030705826357007027
kinetic,suffix,ic,kine,True,freeroot,3.44,2.75e-06,0.030772021040320396
streamer,suffix,er,stream,True,family,3.04,1.1e-06,0.030869783833622932
stripper,suffix,er,strip,True,family,3.45,2.82e-06,0.03122766688466072
walker,suffix,er,walk,True,family,4.42,2.63e-05,0.03168005868792534
likewise,suffix,wise,like,True,family,4.04,1.1e-05,0.03185083344578743
monetize,suffix,ize,monet,True,family,2.81,6.46e-07,0.032215867191553116
poky,suffix,y,poke,True,family,1.89,7.76e-08,0.03221955895423889
bodily,suffix,ly,body,True,family,3.78,6.03e-06,0.03222613036632538
decidedly,suffix,ly,decide,True,family,3.37,2.34e-06,0.03224286437034607
upset,prefix,up,set,True,family,4.61,4.07e-05,0.03249421343207359
genii,suffix,i,geni,True,family,2.24,1.74e-07,0.03256698697805405
reform,prefix,re,form,True,family,4.53,3.39e-05,0.032735675573349
disconcert,prefix,dis,concert,True,freeroot,1.62,4.17e-08,0.032911185175180435
cornish,suffix,ish,corn,True,family,3.34,2.19e-06,0.033014263957738876
legate,suffix,ate,leg,True,family,2.52,3.31e-07,0.03307149559259415
rotter,suffix,er,rot,True,family,2.15,1.41e-07,0.033647071570158005
fasten,suffix,en,fast,True,family,2.98,9.55e-07,0.03372643515467644
deaden,suffix,en,dead,True,family,1.9,7.94e-08,0.03374496102333069
functionary,suffix,ory,function,True,family,2.34,2.19e-07,0.03378041833639145
conditioner,suffix,er,condition,True,family,3.39,2.45e-06,0.033824920654296875
engulfs,prefix,en,gulf,True,freeroot,2.25,1.78e-07,0.03384775295853615
ledger,suffix,er,ledge,True,freeroot,3.49,3.09e-06,0.033940497785806656
wilful,suffix,ful,wile,True,family,2.77,5.89e-07,0.034234680235385895
overly,suffix,ly,over,True,family,3.83,6.76e-06,0.03430503234267235
singable,suffix,able,sing,True,family,1.56,3.63e-08,0.03435086831450462
cannery,suffix,ory,can,True,family,2.58,3.8e-07,0.034902576357126236
crasher,suffix,er,crash,True,freeroot,2.12,1.32e-07,0.034969262778759
invitingly,suffix,ly,invite,True,family,1.86,7.24e-08,0.03544342517852783
outfit,prefix,out,fit,True,family,4.22,1.66e-05,0.03555194288492203
wifely,suffix,ly,wife,True,family,1.9,7.94e-08,0.035654179751873016
underwrite,prefix,under,write,True,family,2.55,3.55e-07,0.035656195133924484
natural,suffix,al,nature,True,family,5.11,0.000129,0.03573862835764885
reasonable,suffix,able,reason,True,family,4.59,3.89e-05,0.035744570195674896
alternating,suffix,ate,altern,False,family,3.5,3.16e-06,0.03586624935269356
ambulance,suffix,ance,amble,True,family,4.06,1.15e-05,0.03590498864650726
solution,suffix,ion,solut,False,family,4.84,6.92e-05,0.03593287616968155
oversea,prefix,over,sea,True,family,2.31,2.04e-07,0.03616328537464142
patchy,suffix,y,patch,True,family,2.93,8.51e-07,0.03637969121336937
commute,prefix,co,mute,True,family,3.56,3.63e-06,0.036779217422008514
milky,suffix,y,milk,True,family,3.5,3.16e-06,0.03684743866324425
killer,suffix,er,kill,True,family,4.47,2.95e-05,0.036917563527822495
moony,suffix,y,moon,True,family,1.81,6.46e-08,0.03699689731001854
preamble,prefix,pre,amble,True,family,2.87,7.41e-07,0.03699822723865509
drafters,suffix,er,draft,True,family,2.29,1.95e-07,0.03722698241472244
thesis,suffix,sis,thes,True,freeroot,4.05,1.12e-05,0.03731570020318031
soloist,suffix,ist,solo,True,family,3.0,1e-06,0.03742356225848198
disown,prefix,dis,own,True,family,2.72,5.25e-07,0.03745179623365402
witter,suffix,er,wit,True,family,2.42,2.63e-07,0.037496425211429596
seamy,suffix,y,seam,True,family,1.82,6.61e-08,0.037524428218603134
boozer,suffix,er,booze,True,family,2.56,3.63e-07,0.03753397613763809
dismember,prefix,dis,member,True,family,2.38,2.4e-07,0.03764950484037399
severance,suffix,ance,sever,True,freeroot,3.16,1.45e-06,0.03764987736940384
poker,suffix,er,poke,True,family,3.97,9.33e-06,0.03772721439599991
sharer,suffix,er,share,True,freeroot,2.06,1.15e-07,0.03806471452116966
fundamental,suffix,al,fundament,True,freeroot,4.33,2.14e-05,0.03808457404375076
mannish,suffix,ish,mann,True,family,2.09,1.23e-07,0.03829162195324898
sorter,suffix,er,sort,True,family,2.29,1.95e-07,0.0384310744702816
intrepid,prefix,im,trepid,False,family,3.04,1.1e-06,0.03851846978068352
manly,suffix,ly,man,True,family,3.66,4.57e-06,0.038535427302122116
regimentation,suffix,ion,regiment,True,family,1.75,5.62e-08,0.03864686191082001
swimmer,suffix,er,swim,True,family,3.49,3.09e-06,0.038816288113594055
futurity,suffix,ity,future,True,family,2.41,2.57e-07,0.03893764689564705
subject,prefix,sub,ject,False,family,4.96,9.12e-05,0.038939218968153
wreckage,suffix,age,wreck,True,family,3.29,1.95e-06,0.038965530693531036
faction,suffix,ion,fact,True,family,3.79,6.17e-06,0.03911920264363289
publican,suffix,ian,public,True,family,2.51,3.24e-07,0.039381735026836395
crossman,prefix,cross,man,True,family,2.12,1.32e-07,0.03945835679769516
laboratory,suffix,ory,labor,True,family,4.31,2.04e-05,0.03947732597589493
pendant,suffix,ant,pend,True,family,3.43,2.69e-06,0.039534322917461395
girder,suffix,er,gird,True,family,2.71,5.13e-07,0.03964059427380562
surmount,prefix,sur,mount,True,family,2.21,1.62e-07,0.03975474461913109
disband,prefix,dis,band,True,family,2.87,7.41e-07,0.03979091718792915
lunate,suffix,ate,lun,True,family,1.68,4.79e-08,0.0402701273560524
solitary,suffix,ory,solo,True,family,3.73,5.37e-06,0.04031524062156677
deathly,suffix,ly,death,True,family,2.91,8.13e-07,0.04037042707204819
dormitory,suffix,ory,dorm,True,family,3.12,1.32e-06,0.04078739508986473
afoot,prefix,a,foot,True,family,2.89,7.76e-07,0.04114837571978569
oldsters,suffix,ster,old,True,family,1.66,4.57e-08,0.041192661970853806
dormant,suffix,ant,dorm,True,family,3.41,2.57e-06,0.04120854660868645
rangy,suffix,y,range,True,family,1.91,8.13e-08,0.04127626121044159
sanitarium,suffix,ium,sanit,True,family,2.66,4.57e-07,0.04134942218661308
peaky,suffix,y,peak,True,freeroot,2.47,2.95e-07,0.04148464649915695
seamer,suffix,er,seam,True,family,2.11,1.29e-07,0.04153687506914139
intermittent,suffix,ant,intermit,False,family,3.39,2.45e-06,0.04198525846004486
ruthless,suffix,less,ruth,True,freeroot,3.65,4.47e-06,0.0419885478913784
glazer,suffix,er,glaze,True,family,2.55,3.55e-07,0.042099568992853165
crosswalk,prefix,cross,walk,True,family,2.63,4.27e-07,0.04215453192591667
corny,suffix,y,corn,True,family,3.23,1.7e-06,0.04271439462900162
trier,suffix,er,try,True,family,2.85,7.08e-07,0.0427824966609478
brownie,suffix,y,brown,True,family,3.21,1.62e-06,0.04290272295475006
husbandry,suffix,ory,husband,True,freeroot,2.93,8.51e-07,0.04297268018126488
pacify,suffix,y,pacif,False,family,2.73,5.37e-07,0.043066512793302536
goodly,suffix,ly,good,True,family,2.47,2.95e-07,0.043155938386917114
finalist,suffix,ist,final,True,family,3.45,2.82e-06,0.04320092871785164
committal,suffix,al,commit,True,family,2.64,4.37e-07,0.04321270063519478
aerate,suffix,ate,aero,True,family,1.9,7.94e-08,0.04352177307009697
admittedly,suffix,ly,admit,True,family,3.54,3.47e-06,0.04360402002930641
artificer,suffix,er,artifice,True,family,2.36,2.29e-07,0.043674372136592865
adversely,suffix,ly,adverse,True,family,3.27,1.86e-06,0.04401765018701553
duffer,suffix,er,duff,True,freeroot,2.12,1.32e-07,0.044163115322589874
comforter,suffix,er,comfort,True,family,2.81,6.46e-07,0.04426530376076698
mohammedan,suffix,ian,mohammed,True,freeroot,2.25,1.78e-07,0.04428153857588768
severally,suffix,ly,several,True,freeroot,2.24,1.74e-07,0.04435601830482483
automation,suffix,ion,automate,True,family,3.8,6.31e-06,0.044365815818309784
buzzer,suffix,er,buzz,True,freeroot,3.4,2.51e-06,0.04449836537241936
grizzly,suffix,y,grizzle,True,freeroot,3.28,1.91e-06,0.04450104013085365
strainer,suffix,er,strain,True,family,2.64,4.37e-07,0.0445312038064003
horny,suffix,y,horn,True,family,3.79,6.17e-06,0.04466879367828369
enteritis,suffix,itis,enter,True,family,1.81,6.46e-08,0.044714558869600296
lively,suffix,ly,live,True,family,3.86,7.24e-06,0.044766783714294434
beggary,suffix,ory,beg,True,family,1.5,3.16e-08,0.044787440448999405
foxy,suffix,y,fox,True,family,3.0,1e-06,0.04481644183397293
meeker,suffix,er,meek,True,family,2.61,4.07e-07,0.04484681785106659
recap,prefix,re,cap,True,freeroot,3.45,2.82e-06,0.045014165341854095
bleacher,suffix,er,bleach,True,freeroot,2.59,3.89e-07,0.045172981917858124
figurine,suffix,ine,figure,True,family,2.85,7.08e-07,0.045399732887744904
jumpy,suffix,y,jump,True,family,2.67,4.68e-07,0.04567433521151543
amazement,suffix,ment,amaze,True,family,3.0,1e-06,0.045929450541734695
disbar,prefix,dis,bar,True,family,1.68,4.79e-08,0.045987147837877274
meanie,suffix,y,mean,True,family,2.47,2.95e-07,0.04608582705259323
armory,suffix,y,armor,True,family,3.22,1.66e-06,0.04608962684869766
adjunct,prefix,a,junct,False,family,3.3,2e-06,0.04624561220407486
infirm,prefix,im,firm,True,family,2.61,4.07e-07,0.046377070248126984
sufferance,suffix,ance,suffer,True,family,1.84,6.92e-08,0.04654894769191742
damnation,suffix,ion,damn,True,family,2.95,8.91e-07,0.046594034880399704
unleash,prefix,un,leash,True,freeroot,3.41,2.57e-06,0.04672177508473396
exhume,prefix,ex,hume,True,freeroot,2.21,1.62e-07,0.0467509850859642
sapper,suffix,er,sap,True,family,2.44,2.75e-07,0.046867113560438156
temperate,suffix,ate,temper,True,family,3.33,2.14e-06,0.0469851978123188
correspondent,suffix,ant,correspond,True,family,3.86,7.24e-06,0.04702087864279747
artificial,suffix,al,artifice,True,family,4.24,1.74e-05,0.04723629727959633
draughty,suffix,y,draught,True,freeroot,1.93,8.51e-08,0.04726431146264076
leeward,suffix,ward,lee,True,freeroot,2.66,4.57e-07,0.0475149042904377
discernment,suffix,ment,discern,True,family,2.79,6.17e-07,0.047635242342948914
neighbourhood,suffix,hood,neighbour,True,family,3.94,8.71e-06,0.04783086106181145
keeper,suffix,er,keep,True,family,4.02,1.05e-05,0.04787981137633324
piper,suffix,er,pipe,True,freeroot,3.68,4.79e-06,0.0479268804192543
detachment,suffix,ment,detach,True,family,3.46,2.88e-06,0.0479854941368103
subway,prefix,sub,way,True,family,4.05,1.12e-05,0.048080265522003174
monarch,prefix,mono,arch,True,family,3.69,4.9e-06,0.04819445684552193
currently,suffix,ly,current,True,family,5.08,0.00012,0.048722043633461
countrified,suffix,ify,country,True,family,1.6,3.98e-08,0.0487498976290226
surgery,suffix,ory,surg,True,freeroot,4.63,4.27e-05,0.048767443746328354
tribunal,suffix,al,tribune,True,freeroot,3.88,7.59e-06,0.048812661319971085
repeatedly,suffix,ly,repeat,True,family,4.21,1.62e-05,0.04890062287449837
miserly,suffix,ly,miser,True,family,2.33,2.14e-07,0.048969537019729614
roman,suffix,ian,rome,True,family,4.5,3.16e-05,0.0490155890583992
skinner,suffix,er,skin,True,family,3.5,3.16e-06,0.049042683094739914
wavers,suffix,er,wave,True,family,2.26,1.82e-07,0.049065571278333664
vibrant,suffix,ant,vibr,False,family,3.67,4.68e-06,0.04919448494911194
appallingly,suffix,ly,appall,True,freeroot,2.31,2.04e-07,0.0492144338786602
sander,suffix,er,sand,True,family,2.94,8.71e-07,0.04949912428855896
virus,suffix,us,vir,True,freeroot,4.42,2.63e-05,0.04950661584734917
gradation,suffix,ion,grade,True,family,2.4,2.51e-07,0.049590736627578735
oversaw,prefix,over,saw,True,family,3.25,1.78e-06,0.049888726323843
rubber,suffix,er,rub,True,freeroot,4.23,1.7e-05,0.049945347011089325
expectancies,suffix,ance,expect,True,family,2.26,1.82e-07,0.04996271803975105
crossways,prefix,cross,way,True,family,1.9,7.94e-08,0.04999275878071785
minter,suffix,er,mint,True,freeroot,2.36,2.29e-07,0.05004645138978958
detective,suffix,ive,detect,True,family,4.21,1.62e-05,0.050368983298540115
unhurt,prefix,un,hurt,True,family,2.52,3.31e-07,0.050777167081832886
postulant,suffix,ant,postul,False,family,1.56,3.63e-08,0.05089903250336647
huffy,suffix,y,huff,True,freeroot,2.21,1.62e-07,0.0510626845061779
centric,suffix,ic,center,True,family,3.43,2.69e-06,0.051133353263139725
batty,suffix,y,bat,True,family,2.79,6.17e-07,0.05157344415783882
palatal,suffix,al,palat,True,family,2.38,2.4e-07,0.05175268277525902
extremity,suffix,ity,extreme,True,family,3.0,1e-06,0.05188843607902527
amazingly,suffix,ly,amaze,True,family,3.64,4.37e-06,0.0521753653883934
grater,suffix,er,grat,True,family,2.51,3.24e-07,0.052386872470378876
sonny,suffix,y,sono,True,family,3.64,4.37e-06,0.05246593430638313
easy,suffix,y,ease,True,family,5.29,0.000195,0.05259593948721886
chequer,suffix,er,cheque,True,freeroot,1.63,4.27e-08,0.05262657627463341
fishy,suffix,y,fish,True,family,3.28,1.91e-06,0.05274561420083046
primary,suffix,ory,prim,True,family,4.88,7.59e-05,0.05277005955576897
sappy,suffix,y,sap,True,family,2.68,4.79e-07,0.05300143361091614
sentiment,suffix,ment,senti,True,freeroot,4.03,1.07e-05,0.05300736054778099
resume,prefix,re,sume,False,family,4.12,1.32e-05,0.05324720963835716
roomy,suffix,y,room,True,family,2.67,4.68e-07,0.05326613038778305
bearer,suffix,er,bear,True,family,3.43,2.69e-06,0.053445711731910706
overall,prefix,over,all,True,freeroot,4.9,7.94e-05,0.053662434220314026
longingly,suffix,ly,long,True,family,2.38,2.4e-07,0.0537739098072052
broker,suffix,er,broke,True,family,3.89,7.76e-06,0.05388751998543739
molestation,suffix,ion,molest,True,family,2.99,9.77e-07,0.05400625243782997
duster,suffix,er,dust,True,family,2.78,6.03e-07,0.054170962423086166
fighter,suffix,er,fight,True,family,4.32,2.09e-05,0.054296672344207764
salvage,suffix,age,salve,True,family,3.65,4.47e-06,0.05435621365904808
imperative,suffix,ive,empire,True,family,3.66,4.57e-06,0.05449380353093147
crossbar,prefix,cross,bar,True,family,2.79,6.17e-07,0.054793357849121094
functional,suffix,al,function,True,family,4.24,1.74e-05,0.05496957153081894
bushy,suffix,y,bush,True,freeroot,2.98,9.55e-07,0.0549837164580822
yankee,suffix,ee,yank,True,freeroot,3.6,3.98e-06,0.05500590056180954
teachable,suffix,able,teach,True,family,2.53,3.39e-07,0.05515333265066147
locker,suffix,er,lock,True,family,3.95,8.91e-06,0.055205535143613815
rebuilt,prefix,re,built,True,family,3.62,4.17e-06,0.055367060005664825
furtherance,suffix,ance,further,True,freeroot,2.56,3.63e-07,0.055453527718782425
creeper,suffix,er,creep,True,family,2.94,8.71e-07,0.05553789064288139
gory,suffix,y,gore,True,freeroot,2.98,9.55e-07,0.0556325726211071
backdate,prefix,back,date,True,family,1.59,3.89e-08,0.0556354783475399
dismantle,prefix,dis,mantle,True,freeroot,3.24,1.74e-06,0.05569516494870186
tangy,suffix,y,tang,True,family,2.64,4.37e-07,0.05572041496634483
canvassers,suffix,er,canvas,True,freeroot,2.18,1.51e-07,0.05582496151328087
strident,suffix,ant,strid,True,freeroot,2.66,4.57e-07,0.055866602808237076
tubby,suffix,y,tube,True,family,2.66,4.57e-07,0.055921509861946106
negroid,suffix,oid,negro,True,family,1.86,7.24e-08,0.056018225848674774
giveth,suffix,th,give,True,family,2.57,3.72e-07,0.05618000030517578
shaker,suffix,er,shake,True,family,3.23,1.7e-06,0.05647997930645943
unsettle,prefix,un,settle,True,family,2.27,1.86e-07,0.05648307874798775
untoward,prefix,un,toward,True,freeroot,2.7,5.01e-07,0.05658254027366638
undersecretary,prefix,under,secretary,True,family,2.82,6.61e-07,0.05671149492263794
lain,suffix,n,lay,True,family,2.87,7.41e-07,0.05682750791311264
highness,suffix,ness,high,True,family,3.34,2.19e-06,0.05685247853398323
redeemer,suffix,er,redeem,True,family,3.01,1.02e-06,0.057171694934368134
speedo,suffix,o,speed,True,family,2.69,4.9e-07,0.0573677234351635
overdrive,prefix,over,drive,True,family,3.18,1.51e-06,0.05738475173711777
forefront,prefix,fore,front,True,family,3.52,3.31e-06,0.05764738842844963
clipper,suffix,er,clip,True,freeroot,3.06,1.15e-06,0.05769629031419754
piggery,suffix,ory,pig,True,family,1.91,8.13e-08,0.05782452970743179
clinker,suffix,er,clink,True,freeroot,2.41,2.57e-07,0.05796465650200844
unmanned,prefix,un,mann,True,family,3.28,1.91e-06,0.05799420550465584
afield,prefix,a,field,True,family,3.0,1e-06,0.05801967531442642
mannerly,suffix,ly,manner,True,family,1.63,4.27e-08,0.0580521896481514
leaflet,suffix,let,leaf,True,family,3.12,1.32e-06,0.0581556111574173
offshoot,prefix,off,shoot,True,family,2.98,9.55e-07,0.05821533501148224
fugitive,suffix,ive,fugue,True,freeroot,3.54,3.47e-06,0.05844276770949364
spencerian,suffix,ian,spencer,True,freeroot,1.57,3.72e-08,0.05848892778158188
delimit,prefix,de,limit,True,family,2.02,1.05e-07,0.05850592255592346
husky,suffix,y,husk,True,freeroot,3.29,1.95e-06,0.058543674647808075
moderator,suffix,or,moderate,True,family,3.41,2.57e-06,0.05856505036354065
flatly,suffix,ly,flat,True,family,2.91,8.13e-07,0.058588992804288864
rosary,suffix,ory,rose,True,family,3.16,1.45e-06,0.05878094583749771
exotic,suffix,ic,exo,True,freeroot,3.91,8.13e-06,0.058859098702669144
unreserved,prefix,un,reserve,True,family,2.54,3.47e-07,0.05908006429672241
callable,suffix,able,call,True,family,1.84,6.92e-08,0.059326253831386566
verity,suffix,ity,veri,True,family,2.82,6.61e-07,0.059415578842163086
bafflement,suffix,ment,baffle,True,family,1.8,6.31e-08,0.059690169990062714
privately,suffix,ly,private,True,family,4.01,1.02e-05,0.05985145643353462
grazer,suffix,er,graze,True,family,2.12,1.32e-07,0.05990694835782051
similitude,suffix,itude,simil,False,family,1.82,6.61e-08,0.059993207454681396
tutorial,suffix,al,tutor,True,family,3.8,6.31e-06,0.060055892914533615
engagingly,suffix,ly,engage,True,family,1.9,7.94e-08,0.06029148027300835
threesome,suffix,some,three,True,family,3.33,2.14e-06,0.060303810983896255
outpost,prefix,out,post,True,family,3.39,2.45e-06,0.060315608978271484
sudsy,suffix,y,sud,True,freeroot,1.67,4.68e-08,0.060455501079559326
warrior,suffix,or,war,True,family,4.16,1.45e-05,0.0604754276573658
undertook,prefix,under,took,True,family,3.44,2.75e-06,0.06054240092635155
consent,prefix,co,sent,True,family,4.36,2.29e-05,0.060584086924791336
domesticity,suffix,ity,domestic,True,family,2.36,2.29e-07,0.060675039887428284
polisher,suffix,er,polish,True,freeroot,2.18,1.51e-07,0.060707591474056244
cubic,suffix,ic,cube,True,family,3.71,5.13e-06,0.06089267134666443
nativity,suffix,ity,native,True,freeroot,3.18,1.51e-06,0.06108306348323822
palpation,suffix,ion,palp,True,family,2.05,1.12e-07,0.06128307431936264
capita,suffix,a,capit,False,family,3.82,6.61e-06,0.06129053607583046
primer,suffix,er,prim,True,family,3.5,3.16e-06,0.06151830777525902
stably,suffix,y,stable,True,family,2.18,1.51e-07,0.06153497099876404
interject,prefix,inter,ject,False,family,2.37,2.34e-07,0.06162147969007492
jacobite,suffix,ite,jacob,True,family,2.59,3.89e-07,0.06175321340560913
batters,suffix,er,bat,True,family,3.1,1.26e-06,0.06187614053487778
pacific,suffix,ic,pacif,False,family,4.59,3.89e-05,0.061986058950424194
attribute,prefix,a,tribute,True,family,3.77,5.89e-06,0.062012623995542526
canst,suffix,est,can,True,family,2.34,2.19e-07,0.0620880201458931
gibberish,suffix,ish,gibber,True,freeroot,2.97,9.33e-07,0.06235630810260773
preface,prefix,pre,face,True,family,3.39,2.45e-06,0.06251057982444763
temporary,suffix,ory,tempor,False,family,4.48,3.02e-05,0.06256561726331711
questioner,suffix,er,question,True,family,2.5,3.16e-07,0.06268464028835297
accessible,suffix,able,access,True,family,4.18,1.51e-05,0.06270387768745422
diction,suffix,ion,dict,True,family,2.71,5.13e-07,0.06276243180036545
corker,suffix,er,cork,True,family,2.59,3.89e-07,0.0628957748413086
arise,prefix,a,rise,True,family,3.93,8.51e-06,0.0629117488861084
reflex,prefix,re,flex,True,family,3.44,2.75e-06,0.06298180669546127
fraudulence,suffix,ance,fraud,True,family,1.55,3.55e-08,0.06298773735761642
underworld,prefix,under,world,True,family,3.46,2.88e-06,0.06305883824825287
infidel,prefix,im,fidel,True,family,2.77,5.89e-07,0.06309092789888382
winder,suffix,er,wind,True,family,2.64,4.37e-07,0.0631766989827156
boarder,suffix,er,board,True,family,2.73,5.37e-07,0.06320400536060333
decimal,suffix,al,decim,False,family,3.28,1.91e-06,0.06336231529712677
abortive,suffix,ive,abort,True,family,2.67,4.68e-07,0.0633866935968399
shifters,suffix,er,shift,True,family,2.68,4.79e-07,0.06338900327682495
solarium,suffix,ium,sol,True,family,2.21,1.62e-07,0.0634724497795105
plenary,suffix,ory,plen,False,family,3.1,1.26e-06,0.06358703225851059
cyclic,suffix,ic,cycle,True,family,3.16,1.45e-06,0.06371182203292847
spoken,suffix,en,spoke,True,family,4.45,2.82e-05,0.06388262659311295
reservation,suffix,ion,reserve,True,family,3.95,8.91e-06,0.06389645487070084
cropper,suffix,er,crop,True,family,2.53,3.39e-07,0.06389673054218292
minder,suffix,er,mind,True,family,2.43,2.69e-07,0.06400798261165619
capacity,suffix,y,capacit,False,family,4.71,5.13e-05,0.06412063539028168
millionth,suffix,th,million,True,freeroot,2.82,6.61e-07,0.06422999501228333
accountable,suffix,able,account,True,family,3.9,7.94e-06,0.0645090714097023
tyranny,suffix,y,tyran,True,family,3.52,3.31e-06,0.06483705341815948
parer,suffix,er,pare,True,freeroot,1.55,3.55e-08,0.06500513106584549
squarer,suffix,er,square,True,family,1.55,3.55e-08,0.06535658985376358
officiate,suffix,ate,office,True,family,2.64,4.37e-07,0.0653621107339859
teacher,suffix,er,teach,True,family,4.88,7.59e-05,0.06539340317249298
dodger,suffix,er,dodge,True,family,3.26,1.82e-06,0.06548608839511871
pecker,suffix,er,peck,True,family,2.52,3.31e-07,0.06572224199771881
reasoner,suffix,er,reason,True,family,1.97,9.33e-08,0.06598936766386032
bitten,suffix,en,bit,True,family,3.49,3.09e-06,0.06649791449308395
ably,suffix,y,able,True,family,2.67,4.68e-07,0.0667157769203186
profitable,suffix,able,profit,True,family,4.03,1.07e-05,0.0669299066066742
preparative,suffix,ive,prepare,True,family,1.7,5.01e-08,0.06723666191101074
uptake,prefix,up,take,True,family,3.28,1.91e-06,0.06725337356328964
clothier,suffix,er,cloth,True,family,2.28,1.91e-07,0.06725451350212097
pineal,suffix,al,pine,True,freeroot,2.5,3.16e-07,0.06725472956895828
shuffler,suffix,er,shuffle,True,family,1.67,4.68e-08,0.06725635379552841
ruination,suffix,ion,ruin,True,family,2.23,1.7e-07,0.06732823699712753
justinian,suffix,ian,justin,True,freeroot,2.67,4.68e-07,0.06735482811927795
principally,suffix,ly,principal,True,family,3.4,2.51e-06,0.06746280193328857
oracular,suffix,ar,oracle,True,freeroot,1.93,8.51e-08,0.0675172209739685
executive,suffix,ive,execute,True,family,4.87,7.41e-05,0.06761450320482254
escalator,suffix,or,escalate,True,family,3.02,1.05e-06,0.06761825829744339
kidder,suffix,er,kidd,True,family,2.58,3.8e-07,0.06767044961452484
detour,prefix,de,tour,True,family,3.2,1.58e-06,0.06795282661914825
uncharted,prefix,un,chart,True,family,3.17,1.48e-06,0.06796056777238846
ranger,suffix,er,range,True,family,3.88,7.59e-06,0.06797686219215393
songster,suffix,ster,song,True,freeroot,1.78,6.03e-08,0.06801759451627731
antiquated,suffix,ate,antique,True,family,3.06,1.15e-06,0.06804381310939789
infighting,prefix,in,fight,True,family,2.9,7.94e-07,0.06805586069822311
reckless,suffix,less,reck,True,freeroot,3.82,6.61e-06,0.06810875982046127
baleful,suffix,ful,bale,True,freeroot,2.15,1.41e-07,0.0685374066233635
institute,prefix,in,stitute,False,family,4.8,6.31e-05,0.06858222931623459
englander,suffix,er,england,True,freeroot,2.38,2.4e-07,0.0685982033610344
juncture,suffix,ure,junct,False,family,3.03,1.07e-06,0.06873632967472076
largeness,suffix,ness,large,True,family,1.72,5.25e-08,0.06886952370405197
dyers,suffix,er,die,True,family,2.05,1.12e-07,0.0694657638669014
beaten,suffix,en,beat,True,family,4.21,1.62e-05,0.06951917707920074
speedy,suffix,y,speed,True,family,3.65,4.47e-06,0.0696454793214798
similar,suffix,ar,simil,False,family,5.21,0.000162,0.06969871371984482
cursory,suffix,ory,curse,True,family,2.92,8.32e-07,0.06977298855781555
simulate,suffix,ate,simul,True,freeroot,3.44,2.75e-06,0.06990320235490799
mishit,prefix,mis,hit,True,family,1.52,3.31e-08,0.06990978866815567
foolery,suffix,ory,fool,True,family,1.96,9.12e-08,0.07002973556518555
nominal,suffix,al,nomin,False,family,3.6,3.98e-06,0.0701722577214241
royal,suffix,al,roy,True,freeroot,4.85,7.08e-05,0.0702638253569603
defame,prefix,de,fame,True,family,2.53,3.39e-07,0.07041515409946442
underwater,prefix,under,water,True,family,3.92,8.32e-06,0.07045255601406097
server,suffix,er,serve,True,family,4.46,2.88e-05,0.0705045536160469
instate,prefix,in,state,True,family,2.08,1.2e-07,0.07073497027158737
libertine,suffix,ine,liber,True,family,2.51,3.24e-07,0.07086771726608276
scrappy,suffix,y,scrap,True,freeroot,3.06,1.15e-06,0.07097617536783218
solar,suffix,ar,sol,True,family,4.53,3.39e-05,0.07098349183797836
whitey,suffix,y,white,True,family,2.94,8.71e-07,0.07102423906326294
deliverance,suffix,ance,deliver,True,family,3.07,1.17e-06,0.07109510153532028
unseasoned,prefix,un,season,True,family,2.03,1.07e-07,0.0711178109049797
alertly,suffix,ly,alert,True,family,1.54,3.47e-08,0.07119328528642654
reprisal,suffix,al,reprise,True,freeroot,2.87,7.41e-07,0.07120480388402939
exhaustive,suffix,ive,exhaust,True,family,3.3,2e-06,0.07128746807575226
armament,suffix,ment,arm,True,family,3.04,1.1e-06,0.0713515356183052
teller,suffix,er,tell,True,family,3.49,3.09e-06,0.07139163464307785
licentious,suffix,ious,licence,True,freeroot,2.07,1.17e-07,0.07145503908395767
tracery,suffix,ory,trace,True,family,2.26,1.82e-07,0.07167834043502808
await,prefix,a,wait,True,family,3.63,4.27e-06,0.0717030018568039
wrecker,suffix,er,wreck,True,family,2.61,4.07e-07,0.07183841615915298
commodious,suffix,ious,commode,True,family,1.95,8.91e-08,0.07184901833534241
unpick,prefix,un,pick,True,family,1.86,7.24e-08,0.07192111015319824
contraction,suffix,ion,contract,True,family,3.46,2.88e-06,0.07213161885738373
finisher,suffix,er,finish,True,family,3.14,1.38e-06,0.07220545411109924
bookie,suffix,y,book,True,family,2.68,4.79e-07,0.07246614247560501
consist,prefix,co,sist,False,family,3.94,8.71e-06,0.07255323976278305
overhead,prefix,over,head,True,family,3.93,8.51e-06,0.07264791429042816
catholicity,suffix,ity,catholic,True,family,1.68,4.79e-08,0.07266063243150711
endurance,suffix,ance,endure,True,family,3.74,5.5e-06,0.0729118138551712
civilian,suffix,ian,civil,True,family,4.23,1.7e-05,0.07301675528287888
hurtful,suffix,ful,hurt,True,family,3.3,2e-06,0.07307136058807373
jacobean,suffix,ian,jacob,True,family,2.41,2.57e-07,0.07311882823705673
astonishingly,suffix,ly,astonish,True,family,2.86,7.24e-07,0.07313988357782364
trial,suffix,al,try,True,family,4.87,7.41e-05,0.07327461987733841
infringe,prefix,in,fringe,True,freeroot,2.99,9.77e-07,0.07333493232727051
overlook,prefix,over,look,True,family,3.53,3.39e-06,0.07334943115711212
jacky,suffix,y,jack,True,family,2.82,6.61e-07,0.07339564710855484
collapsible,suffix,able,collapse,True,freeroot,2.67,4.68e-07,0.07342223823070526
assignation,suffix,ion,assign,True,family,2.07,1.17e-07,0.07342619448900223
doggy,suffix,y,dog,True,family,3.33,2.14e-06,0.07348576933145523
postulate,suffix,ate,postul,False,family,2.6,3.98e-07,0.07350923866033554
crier,suffix,er,cry,True,family,2.42,2.63e-07,0.07353200018405914
propound,prefix,pro,pound,True,family,1.55,3.55e-08,0.07379243522882462
sandy,suffix,y,sand,True,family,4.19,1.55e-05,0.07380806654691696
confound,prefix,co,found,True,family,2.65,4.47e-07,0.0740940198302269
molly,suffix,y,moll,True,freeroot,3.87,7.41e-06,0.07418613880872726
outgoing,prefix,out,go,True,family,3.59,3.89e-06,0.0742652416229248
coaster,suffix,er,coast,True,family,3.69,4.9e-06,0.07440593838691711
fatherly,suffix,ly,father,True,family,2.6,3.98e-07,0.07454358041286469
watery,suffix,y,water,True,family,3.19,1.55e-06,0.07462571561336517
dweller,suffix,er,dwell,True,family,2.77,5.89e-07,0.07469245791435242
foreground,prefix,fore,ground,True,family,3.26,1.82e-06,0.0747172087430954
suspension,suffix,ion,suspense,True,freeroot,4.24,1.74e-05,0.07479864358901978
tractor,suffix,or,tract,True,family,3.78,6.03e-06,0.07484234124422073
overwork,prefix,over,work,True,family,2.62,4.17e-07,0.07487235963344574
evilly,suffix,y,evil,True,freeroot,2.06,1.15e-07,0.07513356953859329
crushingly,suffix,ly,crush,True,family,1.95,8.91e-08,0.07516032457351685
lucrative,suffix,ive,lucre,True,freeroot,3.56,3.63e-06,0.07517524063587189
scalar,suffix,ar,scale,True,family,2.93,8.51e-07,0.07524791359901428
slippy,suffix,y,slip,True,family,2.29,1.95e-07,0.07530427724123001
balmy,suffix,y,balm,True,family,2.7,5.01e-07,0.07556865364313126
frontier,suffix,er,front,True,family,3.97,9.33e-06,0.07558828592300415
graphite,suffix,ite,graph,True,family,3.35,2.24e-06,0.07564347237348557
capital,suffix,al,capit,False,family,5.01,0.000102,0.07565940171480179
salvation,suffix,ion,salve,True,family,3.95,8.91e-06,0.07593312859535217
blandishments,suffix,ment,blandish,True,freeroot,1.68,4.79e-08,0.07609715312719345
miler,suffix,er,mile,True,family,2.54,3.47e-07,0.07641902565956116
sensor,suffix,or,sense,True,family,3.92,8.32e-06,0.07642713934183121
trafficker,suffix,er,traffic,True,freeroot,2.59,3.89e-07,0.07673632353544235
gushy,suffix,y,gush,True,family,1.96,9.12e-08,0.0768149197101593
conjunct,prefix,co,junct,False,family,2.39,2.45e-07,0.0769067332148552
gradualist,suffix,ist,gradual,True,family,1.7,5.01e-08,0.07706466317176819
streaky,suffix,y,streak,True,family,2.46,2.88e-07,0.07725808024406433
overrode,prefix,over,rode,True,freeroot,2.3,2e-07,0.07741999626159668
dummy,suffix,y,dumb,True,family,3.64,4.37e-06,0.07755639404058456
undock,prefix,un,dock,True,family,1.57,3.72e-08,0.07769633084535599
dusty,suffix,y,dust,True,family,3.67,4.68e-06,0.0777873620390892
deary,suffix,y,dear,True,family,2.14,1.38e-07,0.07780830562114716
intern,prefix,in,tern,True,family,3.67,4.68e-06,0.07793670892715454
beatific,suffix,ic,beat,True,family,2.04,1.1e-07,0.07795288413763046
depend,prefix,de,pend,True,family,4.2,1.58e-05,0.07800641655921936
binary,suffix,ory,bin,True,freeroot,3.95,8.91e-06,0.07805807888507843
unreason,prefix,un,reason,True,family,1.82,6.61e-08,0.07808485627174377
staggeringly,suffix,ly,stagger,True,freeroot,2.38,2.4e-07,0.07815376669168472
moderately,suffix,ly,moderate,True,family,3.56,3.63e-06,0.07827505469322205
ordinate,suffix,ate,ordin,False,family,2.91,8.13e-07,0.07827778160572052
borderers,suffix,er,border,True,freeroot,2.0,1e-07,0.07828177511692047
accession,suffix,ion,access,True,family,3.4,2.51e-06,0.07843250781297684
coauthor,prefix,co,author,True,family,2.58,3.8e-07,0.07844480872154236
eventuate,suffix,ate,event,True,family,2.1,1.26e-07,0.07851088792085648
witchery,suffix,ory,witch,True,family,2.16,1.45e-07,0.07860264927148819
unlisted,prefix,un,list,True,family,2.74,5.5e-07,0.07862231135368347
worldly,suffix,ly,world,True,family,3.34,2.19e-06,0.07863159477710724
unfired,prefix,un,fire,True,family,1.83,6.76e-08,0.07876492291688919
darkies,suffix,y,dark,True,family,1.99,9.77e-08,0.07879390567541122
preferment,suffix,ment,prefer,True,family,2.1,1.26e-07,0.07892539352178574
mealy,suffix,y,meal,True,freeroot,2.4,2.51e-07,0.07906876504421234
unstained,prefix,un,stain,True,family,1.79,6.17e-08,0.07908131927251816
bonnier,suffix,er,bonny,True,freeroot,1.81,6.46e-08,0.07920686155557632
boredom,suffix,dom,bore,True,family,3.46,2.88e-06,0.07934779673814774
docker,suffix,er,dock,True,family,2.98,9.55e-07,0.07941953837871552
dispatch,prefix,dis,patch,True,family,3.76,5.75e-06,0.07948984950780869
caller,suffix,er,call,True,family,3.61,4.07e-06,0.07950668781995773
cursive,suffix,ive,curse,True,family,2.9,7.94e-07,0.07962462306022644
ambler,suffix,er,amble,True,family,2.36,2.29e-07,0.07963812351226807
sketcher,suffix,er,sketch,True,family,1.63,4.27e-08,0.07964543998241425
celebrity,suffix,ity,celebr,False,family,4.29,1.95e-05,0.07970868051052094
dominican,suffix,n,dominic,True,freeroot,3.65,4.47e-06,0.07973172515630722
softy,suffix,y,soft,True,family,2.21,1.62e-07,0.07975109666585922
owner,suffix,er,own,True,family,4.83,6.76e-05,0.07979167252779007
massive,suffix,ive,mass,True,family,4.72,5.25e-05,0.0798223689198494
behead,prefix,be,head,True,family,2.71,5.13e-07,0.0798305943608284
minority,suffix,ity,minor,True,freeroot,4.41,2.57e-05,0.07983451336622238
headship,suffix,ship,head,True,family,2.23,1.7e-07,0.07985018193721771
reminiscent,suffix,ant,reminisce,True,family,3.61,4.07e-06,0.07988491654396057
coopers,suffix,er,coop,True,freeroot,2.72,5.25e-07,0.07997077703475952
squarely,suffix,ly,square,True,family,3.16,1.45e-06,0.08008384704589844
outbuilding,prefix,out,build,True,family,2.25,1.78e-07,0.08025393635034561
extremely,suffix,ly,extreme,True,family,4.79,6.17e-05,0.08053933829069138
embroil,prefix,en,broil,True,family,1.72,5.25e-08,0.08064912259578705
stabler,suffix,er,stable,True,family,2.42,2.63e-07,0.08073693513870239
accustom,prefix,a,custom,True,family,2.06,1.15e-07,0.08077896386384964
automatism,suffix,ism,automate,True,family,1.81,6.46e-08,0.08078984916210175
warranty,suffix,y,warrant,True,family,3.73,5.37e-06,0.08084441721439362
superceded,prefix,super,cede,True,family,1.69,4.9e-08,0.08086735010147095
nasally,suffix,ly,nasal,True,family,2.01,1.02e-07,0.08088242262601852
crusher,suffix,er,crush,True,family,3.11,1.29e-06,0.08118017762899399
befell,prefix,be,fell,True,freeroot,2.54,3.47e-07,0.08120951056480408
overreach,prefix,over,reach,True,family,2.64,4.37e-07,0.08121884614229202
lowly,suffix,ly,low,True,family,3.27,1.86e-06,0.0813603401184082
disputants,suffix,ant,dispute,True,family,1.53,3.39e-08,0.08148887008428574
interspecies,prefix,inter,species,True,family,2.2,1.58e-07,0.0815434530377388
bigness,suffix,ness,big,True,family,1.94,8.71e-08,0.08180520683526993
regular,suffix,ar,regul,False,family,4.95,8.91e-05,0.08181571215391159
dispirited,prefix,di,spirit,True,family,2.21,1.62e-07,0.08184642344713211
edgy,suffix,y,edge,True,family,3.39,2.45e-06,0.08197944611310959
otherwise,suffix,wise,other,True,freeroot,4.88,7.59e-05,0.08208903670310974
booker,suffix,er,book,True,family,3.55,3.55e-06,0.08211661130189896
normative,suffix,ive,norm,True,family,3.1,1.26e-06,0.08218931406736374
fidelity,suffix,ity,fidel,True,family,3.52,3.31e-06,0.0822257250547409
tenancy,suffix,ancy,ten,True,family,3.07,1.17e-06,0.08225706219673157
dispensation,suffix,ion,dispense,True,family,2.85,7.08e-07,0.08231225609779358
stickler,suffix,er,stickle,True,freeroot,2.55,3.55e-07,0.08242107182741165
flighty,suffix,y,flight,True,family,2.37,2.34e-07,0.08258890360593796
binder,suffix,er,bind,True,family,3.32,2.09e-06,0.0826563760638237
christen,suffix,en,christ,True,family,2.63,4.27e-07,0.08267468214035034
ignite,suffix,ite,ign,True,family,3.35,2.24e-06,0.08282545208930969
tonally,suffix,ly,ton,True,family,2.18,1.51e-07,0.08284619450569153
conversation,suffix,ion,converse,True,family,4.75,5.62e-05,0.0830555334687233
verify,suffix,ify,veri,True,family,3.88,7.59e-06,0.08336348831653595
assailant,suffix,ant,assail,True,freeroot,3.09,1.23e-06,0.08342134952545166
wavy,suffix,y,wave,True,family,3.24,1.74e-06,0.08355789631605148
handful,suffix,ful,hand,True,family,4.11,1.29e-05,0.08362109214067459
perishable,suffix,able,perish,True,family,2.8,6.31e-07,0.08364739269018173
houseful,suffix,ful,house,True,family,2.01,1.02e-07,0.08367352187633514
secretive,suffix,ive,secrete,True,family,3.26,1.82e-06,0.08370377868413925
aftercare,prefix,after,care,True,family,2.54,3.47e-07,0.08383826911449432
explainer,suffix,er,explain,True,family,2.53,3.39e-07,0.08393868058919907
paranoid,suffix,oid,para,True,family,3.73,5.37e-06,0.08421206474304199
arbitrary,suffix,ory,arbiter,True,family,3.85,7.08e-06,0.08431602269411087
shadowy,suffix,y,shadow,True,family,3.24,1.74e-06,0.08462037891149521
atomize,suffix,ize,atom,True,family,1.55,3.55e-08,0.08470699191093445
actinic,suffix,ic,actin,True,freeroot,1.88,7.59e-08,0.08492650836706161
bossy,suffix,y,boss,True,family,2.97,9.33e-07,0.0851653516292572
retort,prefix,re,tort,True,family,2.89,7.76e-07,0.08529475331306458
chopper,suffix,er,chop,True,family,3.31,2.04e-06,0.08552887290716171
wingless,suffix,less,wing,True,family,2.26,1.82e-07,0.08554363995790482
deafen,suffix,en,deaf,True,family,1.78,6.03e-08,0.08601655066013336
fruity,suffix,y,fruit,True,family,3.26,1.82e-06,0.08617327362298965
shiner,suffix,er,shine,True,family,2.63,4.27e-07,0.08617431670427322
wobbler,suffix,er,wobble,True,family,1.75,5.62e-08,0.08621770888566971
momenta,suffix,a,moment,True,family,2.08,1.2e-07,0.0866108164191246
jittery,suffix,y,jitter,True,freeroot,2.68,4.79e-07,0.0866328626871109
mercurial,suffix,al,mercury,True,freeroot,2.82,6.61e-07,0.08670405298471451
peerless,suffix,less,peer,True,family,2.76,5.75e-07,0.08684931695461273
abruptly,suffix,ly,abrupt,True,family,3.56,3.63e-06,0.08690552413463593
obviousness,suffix,ness,obvious,True,family,2.08,1.2e-07,0.08699875324964523
valuer,suffix,er,value,True,family,2.13,1.35e-07,0.08712263405323029
sniffer,suffix,er,sniff,True,family,2.6,3.98e-07,0.08715055882930756
indwelling,prefix,in,dwell,True,family,2.18,1.51e-07,0.08722332119941711
underwent,prefix,under,went,True,freeroot,3.65,4.47e-06,0.08725722134113312
handy,suffix,y,hand,True,family,3.97,9.33e-06,0.0873609408736229
undergo,prefix,under,go,True,family,3.81,6.46e-06,0.08738334476947784
singleness,suffix,ness,single,True,family,2.21,1.62e-07,0.08744042366743088
accursed,prefix,a,curse,True,family,2.64,4.37e-07,0.08746360242366791
excitatory,suffix,ory,excite,True,family,2.44,2.75e-07,0.0876937210559845
betterment,suffix,ment,better,True,freeroot,3.02,1.05e-06,0.08780738711357117
entail,prefix,en,tail,True,family,3.21,1.62e-06,0.08782334625720978
seminal,suffix,al,semin,True,family,3.27,1.86e-06,0.08818185329437256
stumpy,suffix,y,stump,True,family,2.3,2e-07,0.08838485926389694
earthly,suffix,ly,earth,True,family,3.32,2.09e-06,0.0885009840130806
advisedly,suffix,ly,advise,True,family,1.83,6.76e-08,0.08866281062364578
inclement,prefix,im,clement,True,freeroot,2.8,6.31e-07,0.08872277289628983
rebirth,prefix,re,birth,True,family,3.4,2.51e-06,0.08873818814754486
dominion,suffix,ion,domin,True,family,3.66,4.57e-06,0.0888025090098381
sanctuary,suffix,ory,sanct,False,family,3.93,8.51e-06,0.08884251117706299
basement,suffix,ment,base,True,family,4.18,1.51e-05,0.08899720013141632
virginia,suffix,ia,virgin,True,family,4.62,4.17e-05,0.08904342353343964
cantonese,suffix,ese,canton,True,family,3.07,1.17e-06,0.08914249390363693
scrubby,suffix,y,scrub,True,family,2.31,2.04e-07,0.08914880454540253
subspecies,prefix,sub,species,True,family,2.95,8.91e-07,0.0892391949892044
asteroid,suffix,oid,astro,True,family,3.56,3.63e-06,0.08932213485240936
crossover,prefix,cross,over,True,family,3.66,4.57e-06,0.08935851603746414
redden,suffix,en,red,True,family,2.29,1.95e-07,0.08940484374761581
heritage,suffix,age,herit,False,family,4.36,2.29e-05,0.08957953006029129
sniffy,suffix,y,sniff,True,family,1.81,6.46e-08,0.08972631394863129
wanner,suffix,er,wan,True,freeroot,1.64,4.37e-08,0.08979656547307968
granary,suffix,ory,gran,True,family,2.57,3.72e-07,0.08991732448339462
intermission,suffix,ion,intermit,False,family,3.01,1.02e-06,0.08996186405420303
scentless,suffix,less,scent,True,family,1.57,3.72e-08,0.0902164876461029
undisputed,prefix,un,dispute,True,family,3.26,1.82e-06,0.09026823937892914
crafty,suffix,y,craft,True,family,3.21,1.62e-06,0.09049589186906815
tamely,suffix,ly,tame,True,family,1.94,8.71e-08,0.09050388634204865
caesarean,suffix,ian,caesar,True,freeroot,2.59,3.89e-07,0.09062746167182922
static,suffix,ic,stat,True,family,4.05,1.12e-05,0.0906677320599556
mechanism,suffix,ism,mechan,False,family,4.27,1.86e-05,0.09067293256521225
deposition,suffix,ion,deposit,True,family,3.51,3.24e-06,0.09070328623056412
sheepish,suffix,ish,sheep,True,freeroot,2.42,2.63e-07,0.0907125174999237
overtime,prefix,over,time,True,family,3.94,8.71e-06,0.09079483896493912
soldierly,suffix,ly,soldier,True,family,1.64,4.37e-08,0.0908721536397934
regimental,suffix,al,regiment,True,family,3.0,1e-06,0.09090899676084518
assorted,prefix,a,sort,True,family,3.28,1.91e-06,0.09094680845737457
regulate,suffix,ate,regul,False,family,3.87,7.41e-06,0.09112942218780518
encompass,prefix,en,compass,True,freeroot,3.27,1.86e-06,0.09116663038730621
numeral,suffix,al,numer,True,family,2.77,5.89e-07,0.09122657030820847
singly,suffix,y,single,True,family,2.73,5.37e-07,0.09126681834459305
falsies,suffix,y,false,True,family,1.93,8.51e-08,0.09130358695983887
overheard,prefix,over,heard,True,family,3.4,2.51e-06,0.09136417508125305
steely,suffix,y,steel,True,freeroot,2.82,6.61e-07,0.09136921167373657
arbitrate,suffix,ate,arbiter,True,family,2.36,2.29e-07,0.09137261658906937
scandalous,suffix,ious,scandal,True,family,3.28,1.91e-06,0.09143991023302078
familiar,suffix,ar,family,True,family,4.61,4.07e-05,0.09146736562252045
stainless,suffix,less,stain,True,family,3.76,5.75e-06,0.09161191433668137
tester,suffix,er,test,True,family,3.24,1.74e-06,0.09161444753408432
liar,suffix,ar,lie,True,family,4.02,1.05e-05,0.09163577854633331
vocal,suffix,al,voc,True,family,4.16,1.45e-05,0.09173575043678284
ringer,suffix,er,ring,True,family,3.06,1.15e-06,0.09182422608137131
smoothie,suffix,y,smooth,True,family,3.25,1.78e-06,0.09196209162473679
showery,suffix,y,shower,True,freeroot,2.11,1.29e-07,0.092042937874794
dislodge,prefix,dis,lodge,True,family,2.79,6.17e-07,0.0921151340007782
tailless,suffix,less,tail,True,family,1.78,6.03e-08,0.09218207001686096
nigeria,suffix,ia,negro,True,family,4.33,2.14e-05,0.09220808744430542
belay,prefix,be,lay,True,family,2.43,2.69e-07,0.09224171191453934
borer,suffix,er,bore,True,family,2.53,3.39e-07,0.0923328548669815
economize,suffix,ize,econom,False,family,2.0,1e-07,0.09233380854129791
packer,suffix,er,pack,True,family,3.26,1.82e-06,0.09246966242790222
retriever,suffix,er,retrieve,True,family,2.99,9.77e-07,0.09250498563051224
elephantine,suffix,ine,elephant,True,family,1.99,9.77e-08,0.0925239697098732
lifer,suffix,er,life,True,family,2.46,2.88e-07,0.09255266189575195
amusement,suffix,ment,amuse,True,family,3.74,5.5e-06,0.09258309751749039
foreboding,prefix,fore,bode,True,freeroot,2.79,6.17e-07,0.09268902987241745
equity,suffix,ity,equi,True,family,4.3,2e-05,0.09270361810922623
lunatic,suffix,ic,lun,True,family,3.43,2.69e-06,0.09274078160524368
avail,prefix,a,vail,True,family,3.59,3.89e-06,0.092741459608078
sanction,suffix,ion,sanct,False,family,3.43,2.69e-06,0.09284550696611404
contest,prefix,co,test,True,family,4.53,3.39e-05,0.09292950481176376
delivery,suffix,y,deliver,True,family,4.59,3.89e-05,0.09303724020719528
misnamed,prefix,mis,name,True,family,1.92,8.32e-08,0.0930619165301323
rampant,suffix,ant,ramp,True,family,3.55,3.55e-06,0.09309409558773041
industrial,suffix,al,industry,True,family,4.71,5.13e-05,0.09324098378419876
presently,suffix,ly,present,True,family,3.72,5.25e-06,0.09324151277542114
hospitalize,suffix,ize,hospital,True,family,1.77,5.89e-08,0.09325357526540756
companion,suffix,ion,compan,True,family,4.13,1.35e-05,0.09326091408729553
recognize,prefix,re,cognize,False,family,4.52,3.31e-05,0.09327526390552521
seedy,suffix,y,seed,True,family,2.83,6.76e-07,0.0934908464550972
phonic,suffix,ic,phon,True,family,1.97,9.33e-08,0.0934995636343956
worshipful,suffix,ful,worship,True,family,2.5,3.16e-07,0.09350822120904922
ideally,suffix,y,ideal,True,family,3.75,5.62e-06,0.09353049844503403
evanescence,suffix,ance,evanesce,False,family,2.35,2.24e-07,0.09356538206338882
upstart,prefix,up,start,True,family,2.84,6.92e-07,0.09357473999261856
plosive,suffix,ive,plos,True,freeroot,1.67,4.68e-08,0.09365397691726685
shown,suffix,n,show,True,family,4.9,7.94e-05,0.09384013712406158
outdated,prefix,out,date,True,family,3.66,4.57e-06,0.0939851850271225
cosmic,suffix,ic,cosmo,True,family,3.78,6.03e-06,0.09407958388328552
recycle,prefix,re,cycle,True,family,3.35,2.24e-06,0.09408506751060486
catty,suffix,y,cat,True,freeroot,2.56,3.63e-07,0.09439792484045029
famous,suffix,ious,fame,True,family,4.84,6.92e-05,0.09458322823047638
prejudice,prefix,pre,judic,False,family,3.79,6.17e-06,0.09462931007146835
folder,suffix,er,fold,True,family,3.74,5.5e-06,0.09465565532445908
youngish,suffix,ish,young,True,family,2.01,1.02e-07,0.09471359103918076
considerate,suffix,ate,consider,True,family,3.3,2e-06,0.09476189315319061
expertise,suffix,ize,expert,True,family,4.06,1.15e-05,0.09484200924634933
parentage,suffix,age,parent,True,family,2.84,6.92e-07,0.09497901052236557
fencer,suffix,er,fence,True,family,2.39,2.45e-07,0.09501765668392181
potties,suffix,y,pot,True,family,2.05,1.12e-07,0.09530459344387054
picky,suffix,y,pick,True,family,3.34,2.19e-06,0.0953560620546341
recusant,suffix,ant,recuse,True,freeroot,1.7,5.01e-08,0.09543115645647049
candidly,suffix,ly,candid,True,family,2.76,5.75e-07,0.09553000330924988
wheaten,suffix,en,wheat,True,freeroot,1.74,5.5e-08,0.09580888599157333
outwork,prefix,out,work,True,family,1.91,8.13e-08,0.09598130732774734
commentary,suffix,ory,comment,True,family,4.19,1.55e-05,0.09612851589918137
incline,prefix,in,cline,True,family,3.15,1.41e-06,0.09621145576238632
milker,suffix,er,milk,True,family,1.63,4.27e-08,0.09623322635889053
backtrack,prefix,back,track,True,family,2.72,5.25e-07,0.09628637880086899
bindery,suffix,ory,bind,True,family,1.94,8.71e-08,0.09636320918798447
dishy,suffix,y,dish,True,freeroot,1.78,6.03e-08,0.09638520330190659
speller,suffix,er,spell,True,family,2.24,1.74e-07,0.09638959169387817
fiver,suffix,er,five,True,family,2.71,5.13e-07,0.09651365876197815
bidden,suffix,en,bid,True,family,1.84,6.92e-08,0.0966678336262703
chippy,suffix,y,chip,True,freeroot,2.62,4.17e-07,0.09691539406776428
sodomy,suffix,y,sodom,True,family,2.96,9.12e-07,0.09703517705202103
refinement,suffix,ment,refine,True,family,3.2,1.58e-06,0.09709920734167099
slayer,suffix,er,slay,True,family,3.45,2.82e-06,0.09715056419372559
unpack,prefix,un,pack,True,family,3.04,1.1e-06,0.09718044847249985
outcry,prefix,out,cry,True,family,3.21,1.62e-06,0.09726265072822571
itemize,suffix,ize,item,True,freeroot,2.31,2.04e-07,0.0973038449883461
nester,suffix,er,nest,True,family,2.03,1.07e-07,0.09748044610023499
besought,prefix,be,sought,True,freeroot,1.66,4.57e-08,0.09753962606191635
backspace,prefix,back,space,True,family,2.18,1.51e-07,0.09759486466646194
backless,suffix,less,back,True,family,2.41,2.57e-07,0.0977596566081047
creditor,suffix,or,credit,True,family,3.1,1.26e-06,0.09781888872385025
encamp,prefix,en,camp,True,family,1.75,5.62e-08,0.09790343046188354
bookish,suffix,ish,book,True,family,2.57,3.72e-07,0.09794684499502182
evanescent,suffix,ant,evanesce,False,family,2.15,1.41e-07,0.09807483851909637
reshuffle,prefix,re,shuffle,True,family,2.81,6.46e-07,0.09812501817941666
unfinished,prefix,un,finish,True,family,3.72,5.25e-06,0.09834256768226624
gregarious,suffix,ious,greg,True,freeroot,2.71,5.13e-07,0.09843888133764267
drunken,suffix,en,drunk,True,family,3.66,4.57e-06,0.09852328896522522
grafter,suffix,er,graft,True,freeroot,1.74,5.5e-08,0.09862478822469711
carpathians,suffix,n,carpathia,True,freeroot,2.16,1.45e-07,0.0988830178976059
subheading,prefix,sub,head,True,family,1.91,8.13e-08,0.09900479763746262
spilt,suffix,t,spill,True,family,2.91,8.13e-07,0.0990912914276123
booklet,suffix,let,book,True,family,3.53,3.39e-06,0.09979355335235596
rooster,suffix,er,roost,True,freeroot,3.31,2.04e-06,0.09986280649900436
sonic,suffix,ic,sono,True,family,3.93,8.51e-06,0.09994115680456161
consulship,suffix,ship,consul,True,family,2.13,1.35e-07,0.09999656677246094
foremast,prefix,fore,mast,True,family,1.88,7.59e-08,0.10015242546796799
entertain,prefix,inter,tain,True,family,3.83,6.76e-06,0.10017979890108109
familial,suffix,al,family,True,family,3.22,1.66e-06,0.1003328189253807
reminiscence,suffix,ance,reminisce,True,family,2.55,3.55e-07,0.10051559656858444
accentual,suffix,al,accent,True,family,1.55,3.55e-08,0.10058523714542389
authoritarian,suffix,ian,author,True,family,3.59,3.89e-06,0.10079684108495712
tiller,suffix,er,till,True,family,2.95,8.91e-07,0.10084670037031174
resignation,suffix,ion,resign,True,family,4.02,1.05e-05,0.10125464200973511
corkage,suffix,age,cork,True,family,1.51,3.24e-08,0.10128951817750931
raver,suffix,er,rave,True,freeroot,2.19,1.55e-07,0.10146990418434143
resoundingly,suffix,ly,resound,True,freeroot,2.14,1.38e-07,0.10157334059476852
unwell,prefix,un,well,True,freeroot,3.14,1.38e-06,0.10160491615533829
abased,prefix,a,base,True,family,1.54,3.47e-08,0.10186811536550522
underdog,prefix,under,dog,True,family,3.33,2.14e-06,0.10195890814065933
motherly,suffix,ly,mother,True,family,2.72,5.25e-07,0.1020122766494751
astonishment,suffix,ment,astonish,True,family,2.86,7.24e-07,0.10207154601812363
optative,suffix,ive,opt,True,freeroot,1.67,4.68e-08,0.10217614471912384
dumpy,suffix,y,dump,True,family,2.32,2.09e-07,0.10218489170074463
capitulation,suffix,ion,capitulate,True,family,2.9,7.94e-07,0.10222810506820679
celebrant,suffix,ant,celebr,False,family,2.39,2.45e-07,0.10233043879270554
seamless,suffix,less,seam,True,family,3.31,2.04e-06,0.10233115404844284
thrillingly,suffix,ly,thrill,True,family,1.88,7.59e-08,0.10237789154052734
blackly,suffix,ly,black,True,family,1.56,3.63e-08,0.10249451547861099
supporter,suffix,er,support,True,family,4.07,1.17e-05,0.10250060260295868
antibody,prefix,anti,body,True,family,3.46,2.88e-06,0.10262284427881241
abjection,suffix,ion,abject,True,family,1.59,3.89e-08,0.10289689898490906
stoker,suffix,er,stoke,True,freeroot,2.84,6.92e-07,0.10306709259748459
queenly,suffix,ly,queen,True,freeroot,1.69,4.9e-08,0.10311484336853027
finery,suffix,ory,fine,True,family,2.46,2.88e-07,0.1031486913561821
pestilence,suffix,ance,pest,True,family,2.78,6.03e-07,0.10318630933761597
roomful,suffix,ful,room,True,family,2.26,1.82e-07,0.10319441556930542
replace,prefix,re,place,True,family,4.58,3.8e-05,0.10322315990924835
interregnum,prefix,inter,regnum,True,freeroot,2.21,1.62e-07,0.10327214002609253
chromosome,suffix,some,chrome,True,family,3.48,3.02e-06,0.10328878462314606
maiden,suffix,en,maid,True,freeroot,3.82,6.61e-06,0.1032961830496788
popper,suffix,er,pop,True,freeroot,2.95,8.91e-07,0.10330276936292648
overcrowd,prefix,over,crowd,True,freeroot,1.61,4.07e-08,0.10335560142993927
indent,prefix,in,dent,True,family,2.44,2.75e-07,0.10337012261152267
plotter,suffix,er,plot,True,family,2.46,2.88e-07,0.10352664440870285
nicety,suffix,ity,nice,True,family,1.7,5.01e-08,0.10356965661048889
downright,prefix,down,right,True,family,3.38,2.4e-06,0.10364215075969696
detachable,suffix,able,detach,True,family,2.93,8.51e-07,0.1036953553557396
inflect,prefix,in,flect,False,family,1.66,4.57e-08,0.10379239916801453
sneaker,suffix,er,sneak,True,family,3.01,1.02e-06,0.10379881411790848
unbecoming,prefix,un,become,True,freeroot,2.63,4.27e-07,0.10381093621253967
unfailing,prefix,un,fail,True,family,2.51,3.24e-07,0.10381266474723816
sportive,suffix,ive,sport,True,family,2.33,2.14e-07,0.10381709784269333
announcer,suffix,er,announce,True,family,3.58,3.8e-06,0.10384106636047363
interdict,prefix,inter,dict,True,family,2.35,2.24e-07,0.10391005873680115
plunger,suffix,er,plunge,True,freeroot,2.92,8.32e-07,0.1039501428604126
chesty,suffix,y,chest,True,freeroot,2.15,1.41e-07,0.10397499054670334
unperformed,prefix,un,perform,True,family,1.5,3.16e-08,0.10400297492742538
unflagging,prefix,un,flag,True,freeroot,1.93,8.51e-08,0.10403471440076828
trailer,suffix,er,trail,True,freeroot,4.32,2.09e-05,0.10412370413541794
monsignor,prefix,mono,signor,True,family,2.93,8.51e-07,0.10420224070549011
lousy,suffix,y,louse,True,family,3.31,2.04e-06,0.10429824143648148
vibrate,suffix,ate,vibr,False,family,3.06,1.15e-06,0.10437242686748505
camper,suffix,er,camp,True,family,3.26,1.82e-06,0.10444381833076477
driver,suffix,er,drive,True,family,4.75,5.62e-05,0.10451493412256241
impound,prefix,in,pound,True,family,2.47,2.95e-07,0.10468249768018723
uncalled,prefix,un,call,True,family,2.85,7.08e-07,0.10474909842014313
gusher,suffix,er,gush,True,family,2.11,1.29e-07,0.10481592267751694
igneous,suffix,ious,ign,True,family,2.81,6.46e-07,0.1048613116145134
underline,prefix,under,line,True,family,2.98,9.55e-07,0.10491278767585754
unassuming,prefix,un,assume,True,freeroot,2.82,6.61e-07,0.10502064973115921
resignedly,suffix,ly,resign,True,family,1.51,3.24e-08,0.10508183389902115
datable,suffix,able,date,True,family,1.94,8.71e-08,0.10509632527828217
slavish,suffix,ish,slave,True,family,2.19,1.55e-07,0.10519129037857056
genital,suffix,al,genit,False,family,3.45,2.82e-06,0.10523825883865356
groundless,suffix,less,ground,True,family,2.52,3.31e-07,0.10526710003614426
devastatingly,suffix,ly,devastate,True,family,2.35,2.24e-07,0.10533048212528229
unglazed,prefix,un,glaze,True,family,1.99,9.77e-08,0.10537517815828323
sectarian,suffix,ian,sect,True,family,3.27,1.86e-06,0.10540208965539932
faulty,suffix,y,fault,True,family,3.62,4.17e-06,0.10543233156204224
outhouse,prefix,out,house,True,family,2.64,4.37e-07,0.10544517636299133
foliate,suffix,ate,foli,True,family,1.84,6.92e-08,0.10546023398637772
haulage,suffix,age,haul,True,family,2.69,4.9e-07,0.10556286573410034
unbarred,prefix,un,barr,True,family,1.51,3.24e-08,0.10573451220989227
accentuate,suffix,ate,accent,True,family,2.76,5.75e-07,0.10573878884315491
disburse,prefix,dis,burse,True,freeroot,2.17,1.48e-07,0.10600482672452927
bombardier,suffix,er,bombard,True,family,2.88,7.59e-07,0.10610028356313705
geodetic,suffix,ic,geo,True,freeroot,2.58,3.8e-07,0.10610989481210709
caster,suffix,er,cast,True,family,3.1,1.26e-06,0.10612420737743378
nosy,suffix,y,nose,True,freeroot,2.85,7.08e-07,0.10631966590881348
progress,prefix,pro,gress,True,family,4.78,6.03e-05,0.10648553818464279
nuclear,suffix,ar,nucleo,True,family,4.73,5.37e-05,0.10658099502325058
foci,suffix,i,foc,True,family,2.44,2.75e-07,0.10670895129442215
flinty,suffix,y,flint,True,freeroot,2.02,1.05e-07,0.10671160370111465
tearful,suffix,ful,tear,True,freeroot,2.99,9.77e-07,0.10672816634178162
conquest,prefix,co,quest,True,family,3.77,5.89e-06,0.10686692595481873
scholar,suffix,ar,school,True,family,3.96,9.12e-06,0.10694258660078049
limey,suffix,y,lime,True,freeroot,2.13,1.35e-07,0.1070103570818901
tumbler,suffix,er,tumble,True,freeroot,2.85,7.08e-07,0.10707667469978333
hatter,suffix,er,hat,True,family,2.78,6.03e-07,0.10722808539867401
cleaver,suffix,er,cleave,True,family,3.04,1.1e-06,0.1073581874370575
elevator,suffix,or,elevate,True,family,3.95,8.91e-06,0.10738001018762589
orderly,suffix,ly,order,True,family,3.44,2.75e-06,0.10747349262237549
raggedly,suffix,ly,rag,True,freeroot,1.58,3.8e-08,0.10755407810211182
landless,suffix,less,land,True,family,2.53,3.39e-07,0.10769426077604294
unyielding,prefix,un,yield,True,freeroot,2.67,4.68e-07,0.10774554312229156
toddler,suffix,er,toddle,True,freeroot,3.83,6.76e-06,0.10800936818122864
project,prefix,pro,ject,False,family,5.22,0.000166,0.10823388397693634
dicey,suffix,y,dice,True,freeroot,2.67,4.68e-07,0.10831490904092789
microphone,prefix,micro,phon,True,family,3.72,5.25e-06,0.10838282853364944
barker,suffix,er,bark,True,family,3.59,3.89e-06,0.10843417048454285
forecastle,prefix,fore,castle,True,freeroot,2.26,1.82e-07,0.10851734131574631
showy,suffix,y,show,True,family,2.79,6.17e-07,0.10858365893363953
sublet,prefix,sub,let,True,family,2.47,2.95e-07,0.10859031975269318
request,prefix,re,quest,True,family,4.76,5.75e-05,0.10862011462450027
remove,prefix,re,move,True,family,4.71,5.13e-05,0.10872073471546173
cryptic,suffix,ic,crypt,True,freeroot,3.23,1.7e-06,0.10881472378969193
homely,suffix,ly,home,True,family,2.9,7.94e-07,0.10881996154785156
hooker,suffix,er,hook,True,family,3.71,5.13e-06,0.10892750322818756
enquired,prefix,en,quire,True,family,2.48,3.02e-07,0.10894644260406494
commander,suffix,er,command,True,family,4.51,3.24e-05,0.10899151116609573
marauder,suffix,er,maraud,True,freeroot,2.57,3.72e-07,0.10899947583675385
wobbly,suffix,y,wobble,True,family,3.03,1.07e-06,0.1090114414691925
miscarry,prefix,mis,carry,True,family,2.18,1.51e-07,0.10916837304830551
inborn,prefix,in,born,True,family,2.43,2.69e-07,0.10940887033939362
adamantine,suffix,ine,adamant,True,family,2.0,1e-07,0.1094566360116005
beggar,suffix,ar,beg,True,family,3.17,1.48e-06,0.10955812782049179
prickly,suffix,y,prickle,True,freeroot,3.03,1.07e-06,0.10959769040346146
decimate,suffix,ate,decim,False,family,2.5,3.16e-07,0.10961019992828369
marketeer,suffix,eer,market,True,family,1.81,6.46e-08,0.10962322354316711
puzzlement,suffix,ment,puzzle,True,family,2.19,1.55e-07,0.10963039100170135
overland,prefix,over,land,True,family,3.23,1.7e-06,0.10979325324296951
ablaze,prefix,a,blaze,True,family,2.93,8.51e-07,0.10984756797552109
absolution,suffix,ion,absolute,True,family,2.85,7.08e-07,0.10995762050151825
advisement,suffix,ment,advise,True,family,2.4,2.51e-07,0.10998784750699997
overtook,prefix,over,took,True,family,3.01,1.02e-06,0.11007557809352875
ingress,prefix,in,gress,True,family,2.79,6.17e-07,0.11011595278978348
apportion,prefix,a,portion,True,family,2.2,1.58e-07,0.11012952774763107
lovey,suffix,y,love,True,family,2.75,5.62e-07,0.11013677716255188
deltoid,suffix,oid,delt,True,family,2.13,1.35e-07,0.11026708781719208
kingly,suffix,ly,king,True,family,2.28,1.91e-07,0.11032860726118088
unstuck,prefix,un,stuck,True,freeroot,2.5,3.16e-07,0.11044342815876007
chaser,suffix,er,chase,True,freeroot,3.13,1.35e-06,0.11047004163265228
gasser,suffix,er,gas,True,family,2.24,1.74e-07,0.11067842692136765
central,suffix,al,center,True,family,5.12,0.000132,0.11069145053625107
despondent,suffix,ant,despond,True,freeroot,2.68,4.79e-07,0.11090011894702911
collateral,prefix,co,lateral,True,family,3.66,4.57e-06,0.11092126369476318
goody,suffix,y,good,True,family,3.04,1.1e-06,0.11092836409807205
tatty,suffix,y,tat,True,freeroot,2.19,1.55e-07,0.11094296723604202
transitive,suffix,ive,transit,True,family,2.76,5.75e-07,0.11103186011314392
spoonful,suffix,ful,spoon,True,family,2.87,7.41e-07,0.11104095727205276
unremitting,prefix,un,remit,True,family,2.23,1.7e-07,0.11105018109083176
occidental,suffix,al,occident,True,freeroot,2.89,7.76e-07,0.11107668280601501
rebound,prefix,re,bound,True,family,3.53,3.39e-06,0.11111490428447723
documentary,suffix,ory,document,True,family,4.31,2.04e-05,0.11113405227661133
fastness,suffix,ness,fast,True,family,2.05,1.12e-07,0.1111418679356575
poisonous,suffix,ious,poison,True,family,3.57,3.72e-06,0.11118597537279129
rueful,suffix,ful,rue,True,freeroot,2.17,1.48e-07,0.1112942174077034
haltingly,suffix,ly,halt,True,freeroot,1.9,7.94e-08,0.11130090802907944
capably,suffix,y,capable,True,family,2.13,1.35e-07,0.11151739209890366
consolation,suffix,ion,console,True,freeroot,3.54,3.47e-06,0.11157020181417465
tellingly,suffix,ly,tell,True,family,2.2,1.58e-07,0.11159461736679077
temporal,suffix,al,tempor,False,family,3.63,4.27e-06,0.11160362511873245
clammy,suffix,y,clam,True,freeroot,2.47,2.95e-07,0.11160892993211746
undated,prefix,un,date,True,family,3.04,1.1e-06,0.11161349713802338
mighty,suffix,y,might,True,freeroot,4.1,1.26e-05,0.11181670427322388
slaty,suffix,y,slate,True,freeroot,2.04,1.1e-07,0.11193637549877167
bitty,suffix,y,bit,True,family,2.79,6.17e-07,0.11197271943092346
sneaky,suffix,y,sneak,True,family,3.52,3.31e-06,0.11205344647169113
sonar,suffix,ar,sono,True,family,3.3,2e-06,0.11211420595645905
factual,suffix,al,fact,True,family,3.61,4.07e-06,0.11225484311580658
pottery,suffix,ory,pot,True,family,3.7,5.01e-06,0.11240676045417786
sketchy,suffix,y,sketch,True,family,3.22,1.66e-06,0.11241062730550766
poisoner,suffix,er,poison,True,family,1.98,9.55e-08,0.11256404221057892
swatter,suffix,er,swat,True,freeroot,1.94,8.71e-08,0.11262913793325424
fraction,suffix,ion,fract,False,family,3.96,9.12e-06,0.11284514516592026
stinger,suffix,er,sting,True,family,2.92,8.32e-07,0.11292534321546555
recline,prefix,re,cline,True,family,2.51,3.24e-07,0.11295658349990845
astral,suffix,al,astro,True,family,3.13,1.35e-06,0.11323720961809158
maintenance,suffix,ance,maintain,True,family,4.55,3.55e-05,0.11327937990427017
deface,prefix,de,face,True,family,2.32,2.09e-07,0.1132989153265953
gyration,suffix,ion,gyrate,True,freeroot,1.76,5.75e-08,0.11332543194293976
seller,suffix,er,sell,True,family,4.01,1.02e-05,0.11354713886976242
sparky,suffix,y,spark,True,freeroot,2.85,7.08e-07,0.1135481745004654
stewardship,suffix,ship,steward,True,family,3.22,1.66e-06,0.11361465603113174
applicator,suffix,or,applicate,False,family,2.59,3.89e-07,0.11362883448600769
certify,suffix,ify,cert,True,family,3.08,1.2e-06,0.11373099684715271
intone,prefix,in,tone,True,family,1.67,4.68e-08,0.11391765624284744
instep,prefix,in,step,True,family,2.12,1.32e-07,0.11400453001260757
accusative,suffix,ive,accuse,True,family,2.51,3.24e-07,0.1141546219587326
dodgy,suffix,y,dodge,True,family,3.32,2.09e-06,0.11425219476222992
remarkable,suffix,able,remark,True,freeroot,4.29,1.95e-05,0.11427263170480728
drapery,suffix,ory,drape,True,family,2.62,4.17e-07,0.1146208643913269
rehouse,prefix,re,house,True,family,1.64,4.37e-08,0.11468413472175598
rupture,suffix,ure,rupt,False,family,3.28,1.91e-06,0.11491910368204117
routinely,suffix,ly,routine,True,family,3.71,5.13e-06,0.11498601734638214
durably,suffix,y,durable,True,family,1.64,4.37e-08,0.11500907689332962
handler,suffix,er,handle,True,family,3.5,3.16e-06,0.11513269692659378
notional,suffix,al,notion,True,freeroot,2.61,4.07e-07,0.11515077948570251
hugely,suffix,ly,huge,True,family,3.65,4.47e-06,0.11519838124513626
amputate,suffix,ate,amput,False,family,2.41,2.57e-07,0.1152680292725563
culpable,suffix,able,culp,True,freeroot,2.89,7.76e-07,0.11527010798454285
pointer,suffix,er,point,True,family,3.62,4.17e-06,0.115498386323452
commendatory,suffix,ory,commend,True,family,1.71,5.13e-08,0.11558540165424347
pinko,suffix,o,pink,True,family,2.05,1.12e-07,0.1157766804099083
laterally,suffix,ly,lateral,True,family,2.91,8.13e-07,0.11578712612390518
broken,suffix,en,broke,True,family,4.88,7.59e-05,0.11590590327978134
foliage,suffix,age,foli,True,family,3.41,2.57e-06,0.11599332839250565
blessedly,suffix,ly,bless,True,family,1.95,8.91e-08,0.11606426537036896
override,prefix,over,ride,True,family,3.42,2.63e-06,0.11612992733716965
dignity,suffix,ity,dign,False,family,4.02,1.05e-05,0.11634945124387741
huger,suffix,er,huge,True,family,1.99,9.77e-08,0.11636605858802795
secularized,suffix,ize,secular,True,family,2.15,1.41e-07,0.11636672168970108
abortion,suffix,ion,abort,True,family,4.24,1.74e-05,0.11638988554477692
canonize,suffix,ize,canon,True,freeroot,1.85,7.08e-08,0.1164049357175827
christian,suffix,ian,christ,True,family,4.88,7.59e-05,0.11641788482666016
lacy,suffix,y,lace,True,family,3.23,1.7e-06,0.11655915528535843
disabuse,prefix,dis,abuse,True,family,2.01,1.02e-07,0.11673889309167862
constitute,prefix,co,stitute,False,family,3.85,7.08e-06,0.11677850782871246
trenchant,suffix,ant,trench,True,family,2.35,2.24e-07,0.11688032746315002
destitute,prefix,de,stitute,False,family,3.07,1.17e-06,0.11696356534957886
genitive,suffix,ive,genit,False,family,2.57,3.72e-07,0.11697304248809814
demeanor,suffix,or,demean,True,freeroot,3.2,1.58e-06,0.11727113276720047
recovers,prefix,re,cover,True,family,3.27,1.86e-06,0.11733126640319824
shortly,suffix,ly,short,True,family,4.47,2.95e-05,0.11757059395313263
palmy,suffix,y,palm,True,freeroot,1.6,3.98e-08,0.11757457256317139
legalism,suffix,ism,legal,True,family,2.2,1.58e-07,0.11761005222797394
respondent,suffix,ant,respond,True,freeroot,3.09,1.23e-06,0.11763487011194229
iteration,suffix,ion,iterate,True,family,3.39,2.45e-06,0.11767960339784622
entreat,prefix,en,treat,True,family,2.32,2.09e-07,0.11781740933656693
bather,suffix,er,bath,True,freeroot,2.0,1e-07,0.1178894117474556
rascally,suffix,ly,rascal,True,freeroot,1.8,6.31e-08,0.11795203387737274
holder,suffix,er,hold,True,family,4.21,1.62e-05,0.11820381134748459
unstressed,prefix,un,stress,True,family,2.32,2.09e-07,0.11844328045845032
pleadingly,suffix,ly,plead,True,family,1.52,3.31e-08,0.1184440478682518
precast,prefix,pre,cast,True,family,2.51,3.24e-07,0.11845789104700089
gamely,suffix,ly,game,True,freeroot,2.04,1.1e-07,0.11855683475732803
exhaustion,suffix,ion,exhaust,True,family,3.49,3.09e-06,0.11856911331415176
centrist,suffix,ist,center,True,family,3.17,1.48e-06,0.11863046884536743
outcrop,prefix,out,crop,True,family,2.76,5.75e-07,0.1186465471982956
slipper,suffix,er,slip,True,family,3.08,1.2e-06,0.11872114986181259
planetoid,suffix,oid,planet,True,family,1.91,8.13e-08,0.11879317462444305
abatement,suffix,ment,abate,True,family,2.73,5.37e-07,0.1188194677233696
broody,suffix,y,brood,True,freeroot,2.24,1.74e-07,0.11896827816963196
creepy,suffix,y,creep,True,family,4.04,1.1e-05,0.11905357241630554
roller,suffix,er,roll,True,family,3.99,9.77e-06,0.11915861815214157
locution,suffix,ion,loqu,False,family,1.5,3.16e-08,0.11917050182819366
reject,prefix,re,ject,False,family,4.03,1.07e-05,0.11926627904176712
accusingly,suffix,ly,accuse,True,family,1.75,5.62e-08,0.11937990039587021
mislead,prefix,mis,lead,True,family,3.22,1.66e-06,0.11954127997159958
citizenry,suffix,ory,citizen,True,family,2.93,8.51e-07,0.11957427859306335
rampage,suffix,age,ramp,True,family,3.4,2.51e-06,0.11969062685966492
valuable,suffix,able,value,True,family,4.51,3.24e-05,0.11973312497138977
unhook,prefix,un,hook,True,family,2.2,1.58e-07,0.1197780966758728
willy,suffix,y,will,True,family,3.61,4.07e-06,0.11986814439296722
plumber,suffix,er,plumb,True,freeroot,3.36,2.29e-06,0.11989448219537735
plenitude,suffix,itude,plen,False,family,1.92,8.32e-08,0.12005157023668289
coronet,suffix,et,coron,True,freeroot,2.54,3.47e-07,0.12007825076580048
reputedly,suffix,ly,repute,True,family,2.58,3.8e-07,0.1201152577996254
palpable,suffix,able,palp,True,family,3.19,1.55e-06,0.12017602473497391
notate,suffix,ate,note,True,family,1.68,4.79e-08,0.12032158672809601
meltingly,suffix,ly,melt,True,freeroot,1.56,3.63e-08,0.1203816756606102
impede,prefix,im,ped,True,freeroot,3.14,1.38e-06,0.12051783502101898
cordial,suffix,al,cord,True,family,3.1,1.26e-06,0.12063870579004288
enduringly,suffix,ly,endure,True,family,1.89,7.76e-08,0.12065321952104568
additive,suffix,ive,add,True,family,3.33,2.14e-06,0.12077002227306366
elvish,suffix,ish,elf,True,freeroot,2.43,2.69e-07,0.12083244323730469
steamer,suffix,er,steam,True,family,3.36,2.29e-06,0.12097404152154922
ballista,suffix,a,ballist,False,family,2.02,1.05e-07,0.12103556841611862
tillage,suffix,age,till,True,family,2.35,2.24e-07,0.12103861570358276
denial,suffix,al,deny,True,family,3.99,9.77e-06,0.12125475704669952
scrubber,suffix,er,scrub,True,family,2.47,2.95e-07,0.1212850958108902
combative,suffix,ive,combat,True,family,2.88,7.59e-07,0.12137158960103989
raider,suffix,er,raid,True,freeroot,3.31,2.04e-06,0.12149729579687119
monograph,prefix,mono,graph,True,family,3.15,1.41e-06,0.12150464206933975
wiper,suffix,er,wipe,True,freeroot,2.81,6.46e-07,0.12154790014028549
commentate,suffix,ate,comment,True,family,2.23,1.7e-07,0.12168142199516296
ensconced,prefix,en,sconce,True,freeroot,2.45,2.82e-07,0.12171989679336548
compartmental,suffix,al,compartment,True,freeroot,1.54,3.47e-08,0.12172043323516846
muggy,suffix,y,mug,True,family,2.53,3.39e-07,0.12172582745552063
streaker,suffix,er,streak,True,family,2.02,1.05e-07,0.12173455953598022
negligee,suffix,ee,negect,False,family,1.89,7.76e-08,0.12180563062429428
smitten,suffix,en,smit,True,freeroot,3.01,1.02e-06,0.12182735651731491
jubilee,suffix,ee,jubil,False,family,3.44,2.75e-06,0.12186797708272934
moorish,suffix,ish,moor,True,freeroot,2.76,5.75e-07,0.12191876769065857
pulsar,suffix,ar,pulse,True,family,2.7,5.01e-07,0.12193301320075989
vendor,suffix,or,vend,True,freeroot,3.79,6.17e-06,0.12195664644241333
namely,suffix,ly,name,True,family,4.02,1.05e-05,0.12195874750614166
exhibit,prefix,ex,hibit,False,family,4.16,1.45e-05,0.12201915681362152
preserve,prefix,pre,serve,True,family,4.19,1.55e-05,0.12202338129281998
viscous,suffix,ious,visco,True,freeroot,2.94,8.71e-07,0.12219221144914627
epically,suffix,ly,epic,True,freeroot,2.18,1.51e-07,0.1222367063164711
upcoming,prefix,up,come,True,family,4.34,2.19e-05,0.12231168150901794
repair,prefix,re,pair,True,family,4.41,2.57e-05,0.1225912794470787
tobacconist,suffix,ist,tobacco,True,freeroot,2.03,1.07e-07,0.1226307600736618
worshipper,suffix,er,worship,True,family,2.45,2.82e-07,0.12263752520084381
buggery,suffix,y,bugger,True,freeroot,2.2,1.58e-07,0.12269645184278488
jubilant,suffix,ant,jubil,False,family,2.63,4.27e-07,0.12276075780391693
recovery,suffix,y,recover,True,family,4.58,3.8e-05,0.12287216633558273
comber,suffix,er,comb,True,freeroot,2.11,1.29e-07,0.12294045835733414
judgeship,suffix,ship,judge,True,family,2.24,1.74e-07,0.12295704334974289
regain,prefix,re,gain,True,family,3.73,5.37e-06,0.1229940801858902
listless,suffix,less,list,True,family,2.53,3.39e-07,0.12307856976985931
undying,prefix,un,die,True,family,2.91,8.13e-07,0.12318028509616852
corrupt,prefix,co,rupt,False,family,4.14,1.38e-05,0.12318089604377747
domestically,suffix,ly,domestic,True,family,3.26,1.82e-06,0.12323956936597824
draftee,suffix,ee,draft,True,family,1.98,9.55e-08,0.12331084161996841
genesis,suffix,sis,gen,True,family,3.85,7.08e-06,0.12341737747192383
overdue,prefix,over,due,True,family,3.5,3.16e-06,0.12346918880939484
tannery,suffix,ory,tan,True,family,2.42,2.63e-07,0.12353049218654633
hatchery,suffix,ory,hatch,True,freeroot,2.81,6.46e-07,0.12356157600879669
blisteringly,suffix,ly,blister,True,freeroot,1.76,5.75e-08,0.12357459962368011
normal,suffix,al,norm,True,family,5.01,0.000102,0.12365928292274475
dryly,suffix,ly,dry,True,family,2.33,2.14e-07,0.12370771169662476
fitful,suffix,ful,fit,True,family,2.21,1.62e-07,0.12370876967906952
returnable,suffix,able,return,True,freeroot,2.42,2.63e-07,0.1237785816192627
industrious,suffix,ious,industry,True,family,2.79,6.17e-07,0.12390772253274918
totalizing,suffix,ize,total,True,family,1.66,4.57e-08,0.12402411550283432
reorder,prefix,re,order,True,family,2.36,2.29e-07,0.12403524667024612
permanent,suffix,ant,perman,True,family,4.57,3.72e-05,0.12421591579914093
adulterants,suffix,ant,adulter,False,family,1.64,4.37e-08,0.12422076612710953
mechanic,suffix,ic,mechan,False,family,3.79,6.17e-06,0.12431392073631287
priority,suffix,ity,prior,True,freeroot,4.41,2.57e-05,0.12436309456825256
mortal,suffix,al,mort,True,family,3.86,7.24e-06,0.12436732649803162
upbringing,prefix,up,bring,True,freeroot,3.43,2.69e-06,0.1244637742638588
flawless,suffix,less,flaw,True,freeroot,3.6,3.98e-06,0.12446750700473785
dictum,suffix,ium,dict,True,family,2.45,2.82e-07,0.12453731894493103
revisited,prefix,re,visit,True,family,3.25,1.78e-06,0.12498502433300018
gradually,suffix,ly,gradual,True,family,4.21,1.62e-05,0.12499365210533142
cleavage,suffix,age,cleave,True,family,3.4,2.51e-06,0.12500233948230743
mugger,suffix,er,mug,True,family,2.47,2.95e-07,0.125501349568367
unshielded,prefix,un,shield,True,freeroot,1.97,9.33e-08,0.1255723088979721
respective,suffix,ive,respect,True,family,4.19,1.55e-05,0.12561216950416565
troopship,suffix,ship,troop,True,family,1.64,4.37e-08,0.12562856078147888
disenchanted,prefix,dis,enchant,True,family,2.66,4.57e-07,0.12563090026378632
venerable,suffix,able,vener,True,family,3.27,1.86e-06,0.12565846741199493
starter,suffix,er,start,True,family,4.02,1.05e-05,0.12571313977241516
granny,suffix,y,gran,True,family,3.61,4.07e-06,0.1257462501525879
polygon,prefix,poly,gon,True,freeroot,3.04,1.1e-06,0.12582172453403473
venturer,suffix,er,venture,True,freeroot,1.8,6.31e-08,0.126064732670784
immensity,suffix,ity,immense,True,family,2.29,1.95e-07,0.12614484131336212
immensely,suffix,ly,immense,True,family,3.57,3.72e-06,0.12615758180618286
apposition,suffix,ion,apposite,True,freeroot,1.78,6.03e-08,0.1262289136648178
outpointed,prefix,out,point,True,family,1.67,4.68e-08,0.12637487053871155
pleasure,suffix,ure,please,True,family,4.57,3.72e-05,0.12641063332557678
nippy,suffix,y,nip,True,family,2.38,2.4e-07,0.12649625539779663
circulate,suffix,ate,circle,True,family,3.17,1.48e-06,0.12661682069301605
wolfish,suffix,ish,wolf,True,freeroot,1.6,3.98e-08,0.12670382857322693
uncouple,prefix,un,couple,True,family,1.9,7.94e-08,0.12674567103385925
transact,prefix,trans,act,True,family,2.67,4.68e-07,0.1267509162425995
interpol,prefix,inter,pol,True,freeroot,3.15,1.41e-06,0.12730008363723755
trendy,suffix,y,trend,True,family,3.47,2.95e-06,0.12731172144412994
snatcher,suffix,er,snatch,True,freeroot,2.35,2.24e-07,0.12732218205928802
angular,suffix,ar,angle,True,family,3.51,3.24e-06,0.12732824683189392
anthropoid,suffix,oid,anthropo,False,family,2.11,1.29e-07,0.12733036279678345
shockingly,suffix,ly,shock,True,family,3.1,1.26e-06,0.1273660659790039
busker,suffix,er,busk,True,freeroot,2.24,1.74e-07,0.12743394076824188
mender,suffix,er,mend,True,freeroot,1.78,6.03e-08,0.1275499314069748
anciently,suffix,ly,ancient,True,freeroot,2.01,1.02e-07,0.12761962413787842
beneficial,suffix,al,benefice,True,family,4.08,1.2e-05,0.12776432931423187
regroup,prefix,re,group,True,family,3.06,1.15e-06,0.1278194785118103
sniper,suffix,er,snipe,True,freeroot,3.73,5.37e-06,0.12787213921546936
grenadier,suffix,er,grenade,True,freeroot,2.54,3.47e-07,0.12788760662078857
pestilent,suffix,ant,pest,True,family,1.89,7.76e-08,0.12791863083839417
vivacity,suffix,ity,vive,True,family,2.27,1.86e-07,0.12796799838542938
subplot,prefix,sub,plot,True,family,2.69,4.9e-07,0.12822820246219635
inquest,prefix,in,quest,True,family,3.21,1.62e-06,0.12826742231845856
wooden,suffix,en,wood,True,family,4.33,2.14e-05,0.12827353179454803
phrasal,suffix,al,phrase,True,family,2.03,1.07e-07,0.1283668726682663
interstate,prefix,inter,state,True,family,3.99,9.77e-06,0.12838687002658844
stylus,suffix,us,style,True,family,3.02,1.05e-06,0.12839753925800323
impediments,suffix,ment,impede,True,family,2.7,5.01e-07,0.1286226212978363
overnight,prefix,over,night,True,family,4.19,1.55e-05,0.12865372002124786
draper,suffix,er,drape,True,family,3.29,1.95e-06,0.1286790519952774
separate,suffix,ate,separ,False,family,4.83,6.76e-05,0.12876468896865845
censor,suffix,or,cens,False,family,3.36,2.29e-06,0.12884286046028137
wager,suffix,er,wage,True,freeroot,3.43,2.69e-06,0.12888777256011963
movie,suffix,y,move,True,family,5.16,0.000145,0.12893109023571014
prodigal,suffix,al,prodig,False,family,2.92,8.32e-07,0.1290401667356491
roundly,suffix,ly,round,True,family,2.58,3.8e-07,0.12911753356456757
transfixed,prefix,trans,fix,True,family,2.52,3.31e-07,0.12916038930416107
fashionable,suffix,able,fashion,True,family,3.65,4.47e-06,0.12923234701156616
mannerism,suffix,ism,manner,True,family,2.28,1.91e-07,0.12927038967609406
laddie,suffix,y,ladd,True,freeroot,2.34,2.19e-07,0.129282146692276
valence,suffix,ance,val,True,freeroot,2.9,7.94e-07,0.12932027876377106
dissect,prefix,di,sect,True,family,2.9,7.94e-07,0.12933392822742462
plumage,suffix,age,plume,True,freeroot,2.94,8.71e-07,0.1294965147972107
fractious,suffix,ious,fract,False,family,2.34,2.19e-07,0.12950845062732697
insultingly,suffix,ly,insult,True,freeroot,1.92,8.32e-08,0.12952886521816254
rocker,suffix,er,rock,True,family,3.34,2.19e-06,0.12965339422225952
mown,suffix,n,mow,True,family,2.22,1.66e-07,0.12966059148311615
concept,prefix,co,cept,True,family,4.77,5.89e-05,0.12966769933700562
doubter,suffix,er,doubt,True,family,2.07,1.17e-07,0.12967520952224731
unwound,prefix,un,wound,True,freeroot,2.3,2e-07,0.12969490885734558
glossary,suffix,ory,gloss,True,family,3.19,1.55e-06,0.1297425627708435
papery,suffix,y,paper,True,freeroot,2.06,1.15e-07,0.1298137903213501
disappoint,prefix,dis,appoint,True,family,3.67,4.68e-06,0.1298423558473587
digital,suffix,al,digit,True,freeroot,4.83,6.76e-05,0.12990275025367737
overshot,prefix,over,shot,True,family,2.41,2.57e-07,0.12997205555438995
crofter,suffix,er,croft,True,freeroot,1.73,5.37e-08,0.12997308373451233
header,suffix,er,head,True,family,3.88,7.59e-06,0.1302223801612854
byronic,suffix,ic,byron,True,freeroot,1.72,5.25e-08,0.130425825715065
baldy,suffix,y,bald,True,family,2.58,3.8e-07,0.13057570159435272
rightful,suffix,ful,right,True,family,3.38,2.4e-06,0.13059557974338531
deliberately,suffix,ly,deliberate,True,family,4.02,1.05e-05,0.13060244917869568
reckoner,suffix,er,reckon,True,freeroot,1.8,6.31e-08,0.1308116763830185
trappist,suffix,ist,trap,True,family,2.42,2.63e-07,0.13096964359283447
sitter,suffix,er,sit,True,freeroot,3.18,1.51e-06,0.13104954361915588
supercharged,prefix,super,charge,True,family,2.82,6.61e-07,0.13105902075767517
twister,suffix,er,twist,True,family,3.05,1.12e-06,0.13110531866550446
unschooled,prefix,un,school,True,family,1.77,5.89e-08,0.13125166296958923
defect,prefix,de,fect,False,family,3.68,4.79e-06,0.1313348412513733
reaper,suffix,er,reap,True,freeroot,3.3,2e-06,0.13136421144008636
footer,suffix,er,foot,True,family,3.1,1.26e-06,0.13146844506263733
outlay,prefix,out,lay,True,family,2.83,6.76e-07,0.13154634833335876
pliers,suffix,er,ply,True,family,2.9,7.94e-07,0.13157542049884796
overrun,prefix,over,run,True,family,3.36,2.29e-06,0.13158978521823883
monolith,prefix,mono,lith,True,freeroot,2.81,6.46e-07,0.13175228238105774
handsomely,suffix,ly,handsome,True,family,2.88,7.59e-07,0.131846621632576
womanizing,suffix,ize,woman,True,family,2.23,1.7e-07,0.13192573189735413
originate,suffix,ate,origin,True,family,3.37,2.34e-06,0.1319512277841568
grader,suffix,er,grade,True,family,3.27,1.86e-06,0.1321648508310318
prestressed,prefix,pre,stress,True,family,2.08,1.2e-07,0.13220767676830292
intake,prefix,in,take,True,family,3.98,9.55e-06,0.13230404257774353
entranced,prefix,en,trance,True,freeroot,2.62,4.17e-07,0.13235393166542053
teaser,suffix,er,tease,True,family,3.47,2.95e-06,0.1323549747467041
accountant,suffix,ant,account,True,family,3.76,5.75e-06,0.13243825733661652
osseous,suffix,ious,oss,True,family,1.88,7.59e-08,0.13248132169246674
eminently,suffix,ly,eminent,True,freeroot,2.82,6.61e-07,0.13252583146095276
combatant,suffix,ant,combat,True,family,2.92,8.32e-07,0.13253755867481232
elevation,suffix,ion,elevate,True,family,3.9,7.94e-06,0.1325913965702057
grievous,suffix,ious,grieve,True,family,3.18,1.51e-06,0.13266606628894806
thriller,suffix,er,thrill,True,family,3.91,8.13e-06,0.1326667070388794
changeable,suffix,able,change,True,family,2.75,5.62e-07,0.13284720480442047
moneyless,suffix,less,money,True,freeroot,1.54,3.47e-08,0.1329146772623062
drover,suffix,er,drove,True,freeroot,2.25,1.78e-07,0.13295601308345795
disperse,prefix,di,sperse,False,family,3.3,2e-06,0.13300879299640656
annum,suffix,ium,ann,True,family,3.23,1.7e-06,0.13303124904632568
brotherly,suffix,ly,brother,True,family,2.92,8.32e-07,0.1330694854259491
locate,suffix,ate,loc,True,family,3.94,8.71e-06,0.13314266502857208
quality,suffix,y,qualit,False,family,5.11,0.000129,0.1331682950258255
uproar,prefix,up,roar,True,freeroot,3.16,1.45e-06,0.13319650292396545
crosscountry,prefix,cross,country,True,family,2.08,1.2e-07,0.13327793776988983
bearish,suffix,ish,bear,True,family,2.83,6.76e-07,0.13332322239875793
factor,suffix,or,fact,True,family,4.67,4.68e-05,0.13344454765319824
disputation,suffix,ion,dispute,True,family,2.08,1.2e-07,0.13381214439868927
bafflingly,suffix,ly,baffle,True,family,1.7,5.01e-08,0.13383179903030396
parker,suffix,er,park,True,freeroot,4.23,1.7e-05,0.13385158777236938
dealer,suffix,er,deal,True,family,4.19,1.55e-05,0.13394474983215332
forelock,prefix,fore,lock,True,family,1.79,6.17e-08,0.13394875824451447
scooter,suffix,er,scoot,True,freeroot,3.57,3.72e-06,0.13412389159202576
beget,prefix,be,get,True,freeroot,2.39,2.45e-07,0.13416433334350586
disarm,prefix,dis,arm,True,family,3.21,1.62e-06,0.13429859280586243
diversion,suffix,ion,diverse,True,family,3.51,3.24e-06,0.1343725174665451
liberty,suffix,y,liber,True,family,4.34,2.19e-05,0.13438735902309418
attachment,suffix,ment,attach,True,family,3.88,7.59e-06,0.13446426391601562
spoliation,suffix,ion,spoil,True,family,1.79,6.17e-08,0.13450025022029877
lavishly,suffix,ly,lavish,True,family,2.8,6.31e-07,0.13453775644302368
meanly,suffix,ly,mean,True,family,1.72,5.25e-08,0.13470327854156494
thunderous,suffix,ious,thunder,True,family,2.77,5.89e-07,0.13472124934196472
stripling,suffix,ling,strip,True,family,2.05,1.12e-07,0.13474363088607788
bombardment,suffix,ment,bombard,True,family,3.34,2.19e-06,0.13507629930973053
oversteer,prefix,over,steer,True,family,1.98,9.55e-08,0.13507816195487976
nunnery,suffix,ory,nunn,True,freeroot,2.5,3.16e-07,0.13512767851352692
impolitic,prefix,im,politic,True,family,1.77,5.89e-08,0.13528384268283844
timeless,suffix,less,time,True,family,3.53,3.39e-06,0.135457381606102
crosser,suffix,er,cross,True,family,2.09,1.23e-07,0.1355406790971756
sidereal,suffix,al,sider,True,freeroot,2.21,1.62e-07,0.13558241724967957
childish,suffix,ish,child,True,family,3.73,5.37e-06,0.1356586366891861
shortage,suffix,age,short,True,family,3.91,8.13e-06,0.13574634492397308
portable,suffix,able,port,True,family,3.97,9.33e-06,0.1357956975698471
temptation,suffix,ion,tempt,True,family,3.72,5.25e-06,0.13583798706531525
enamoured,prefix,en,amour,True,freeroot,2.48,3.02e-07,0.1359304040670395
stiller,suffix,er,still,True,family,2.68,4.79e-07,0.13620059192180634
flyer,suffix,er,fly,True,family,3.58,3.8e-06,0.13624370098114014
accredit,prefix,a,credit,True,family,2.12,1.32e-07,0.13635949790477753
spotter,suffix,er,spot,True,family,2.8,6.31e-07,0.1364353448152542
cosponsors,prefix,co,sponsor,True,family,2.32,2.09e-07,0.13643795251846313
stumper,suffix,er,stump,True,family,1.51,3.24e-08,0.13664038479328156
worker,suffix,er,work,True,family,4.43,2.69e-05,0.13666847348213196
copyist,suffix,ist,copy,True,family,2.17,1.48e-07,0.13674794137477875
package,suffix,age,pack,True,family,4.46,2.88e-05,0.13695792853832245
thunderer,suffix,er,thunder,True,family,1.9,7.94e-08,0.13711680471897125
numbingly,suffix,ly,numb,True,family,2.02,1.05e-07,0.13714775443077087
conscientiously,suffix,ly,conscientious,True,family,2.36,2.29e-07,0.1371746063232422
gallic,suffix,ic,gall,True,freeroot,2.76,5.75e-07,0.1371888667345047
transition,suffix,ion,transit,True,family,4.46,2.88e-05,0.13724316656589508
notify,suffix,ify,note,True,family,3.73,5.37e-06,0.13734182715415955
seclusion,suffix,ion,seclude,True,freeroot,2.92,8.32e-07,0.13736975193023682
skittish,suffix,ish,skit,True,freeroot,2.63,4.27e-07,0.13743244111537933
desist,prefix,de,sist,False,family,3.05,1.12e-06,0.13748221099376678
suddenly,suffix,ly,sudden,True,family,4.69,4.9e-05,0.13762158155441284
jiggly,suffix,ly,jig,True,family,2.2,1.58e-07,0.13762347400188446
heatedly,suffix,ly,heat,True,family,1.96,9.12e-08,0.13769690692424774
propitious,suffix,ious,propiti,False,family,2.24,1.74e-07,0.1377299726009369
governess,suffix,ess,govern,True,family,2.87,7.41e-07,0.1378651112318039
unplaced,prefix,un,place,True,family,1.73,5.37e-08,0.1378888040781021
spinal,suffix,al,spine,True,family,3.85,7.08e-06,0.13791429996490479
hearty,suffix,y,heart,True,family,3.38,2.4e-06,0.13814440369606018
dumper,suffix,er,dump,True,family,2.18,1.51e-07,0.1383076310157776
dolly,suffix,y,doll,True,freeroot,3.54,3.47e-06,0.13831885159015656
procurator,suffix,or,procure,True,family,2.66,4.57e-07,0.1384427696466446
inrush,prefix,in,rush,True,freeroot,1.83,6.76e-08,0.1384909749031067
escalation,suffix,ion,escalate,True,family,3.32,2.09e-06,0.13858093321323395
stocky,suffix,y,stock,True,family,2.71,5.13e-07,0.13862727582454681
dozy,suffix,y,doze,True,freeroot,1.99,9.77e-08,0.13875189423561096
angler,suffix,er,angle,True,family,2.84,6.92e-07,0.13875408470630646
unpaired,prefix,un,pair,True,family,2.24,1.74e-07,0.13879232108592987
vocative,suffix,ive,voc,True,family,1.88,7.59e-08,0.13889174163341522
alienist,suffix,ist,alien,True,family,1.8,6.31e-08,0.13897252082824707
hurriedly,suffix,ly,hurry,True,family,2.79,6.17e-07,0.13898895680904388
coolly,suffix,ly,cool,True,family,2.66,4.57e-07,0.1389952301979065
cognizance,suffix,ance,cognize,False,family,2.25,1.78e-07,0.1390123814344406
lecher,suffix,er,lech,True,freeroot,1.73,5.37e-08,0.13901567459106445
intersperse,prefix,inter,sperse,False,family,1.63,4.27e-08,0.13934694230556488
gingerly,suffix,ly,ginger,True,freeroot,2.59,3.89e-07,0.13936306536197662
faultless,suffix,less,fault,True,family,2.6,3.98e-07,0.13938865065574646
protestant,suffix,ant,protest,True,family,3.81,6.46e-06,0.139471173286438
enmeshed,prefix,en,mesh,True,freeroot,2.42,2.63e-07,0.13955041766166687
nebulous,suffix,ious,nebul,False,family,2.75,5.62e-07,0.13965293765068054
assistant,suffix,ant,assist,True,family,4.72,5.25e-05,0.13972917199134827
disarray,prefix,dis,array,True,freeroot,2.96,9.12e-07,0.13996216654777527
renovator,suffix,or,renovate,True,family,1.59,3.89e-08,0.1399933248758316
interweave,prefix,inter,weave,True,family,1.9,7.94e-08,0.14023418724536896
formula,suffix,a,formul,False,family,4.45,2.82e-05,0.14025405049324036
punctually,suffix,y,punctual,True,family,2.21,1.62e-07,0.14036574959754944
madden,suffix,en,mad,True,family,3.53,3.39e-06,0.140386164188385
chiller,suffix,er,chill,True,family,2.54,3.47e-07,0.14059235155582428
sportingly,suffix,ly,sport,True,family,1.53,3.39e-08,0.1405944526195526
discretion,suffix,ion,discreet,True,family,3.9,7.94e-06,0.1406227946281433
casually,suffix,y,casual,True,family,3.66,4.57e-06,0.1406351774930954
boundless,suffix,less,bound,True,family,3.04,1.1e-06,0.14068076014518738
prologue,prefix,pro,log,True,family,3.23,1.7e-06,0.14085900783538818
plasticity,suffix,ity,plastic,True,freeroot,2.96,9.12e-07,0.14087307453155518
conference,suffix,ance,confer,True,family,5.01,0.000102,0.14093250036239624
maker,suffix,er,make,True,family,4.23,1.7e-05,0.14108861982822418
nearly,suffix,ly,near,True,family,5.0,0.0001,0.14109496772289276
sparingly,suffix,ly,spare,True,family,3.02,1.05e-06,0.14134305715560913
movable,suffix,able,move,True,family,3.15,1.41e-06,0.14139248430728912
leggy,suffix,y,leg,True,family,2.48,3.02e-07,0.14144499599933624
outcome,prefix,out,come,True,family,4.35,2.24e-05,0.14144693315029144
nourishment,suffix,ment,nourish,True,family,3.03,1.07e-06,0.14179228246212006
warmness,suffix,ness,warm,True,family,1.64,4.37e-08,0.14181026816368103
organist,suffix,ist,organ,True,family,2.91,8.13e-07,0.14197251200675964
rosy,suffix,y,rose,True,family,3.28,1.91e-06,0.14201384782791138
probable,suffix,able,prob,True,family,3.79,6.17e-06,0.14205490052700043
antitrust,prefix,anti,trust,True,family,3.37,2.34e-06,0.142184317111969
skirmisher,suffix,er,skirmish,True,freeroot,1.59,3.89e-08,0.14236393570899963
eyeful,suffix,ful,eye,True,family,1.97,9.33e-08,0.142393097281456
pally,suffix,y,pall,True,freeroot,2.44,2.75e-07,0.14241814613342285
racketeer,suffix,eer,racket,True,freeroot,2.14,1.38e-07,0.14248190820217133
mistake,prefix,mis,take,True,family,4.67,4.68e-05,0.14248797297477722
amusingly,suffix,ly,amuse,True,family,2.46,2.88e-07,0.14257554709911346
abutment,suffix,ment,abut,True,freeroot,2.35,2.24e-07,0.14270427823066711
copier,suffix,er,copy,True,family,2.67,4.68e-07,0.14274325966835022
overarching,prefix,over,arch,True,family,3.15,1.41e-06,0.14296333491802216
quarto,suffix,o,quart,True,family,2.5,3.16e-07,0.14314261078834534
soldiery,suffix,y,soldier,True,family,1.96,9.12e-08,0.14317601919174194
humidified,suffix,ify,humid,True,family,1.75,5.62e-08,0.14326359331607819
bequest,prefix,be,quest,True,family,2.84,6.92e-07,0.14333878457546234
dissension,suffix,ion,dissent,True,family,2.55,3.55e-07,0.1434110850095749
unwarranted,prefix,un,warrant,True,family,3.11,1.29e-06,0.14347012341022491
singular,suffix,ar,single,True,family,3.74,5.5e-06,0.14349602162837982
uncover,prefix,un,cover,True,family,3.48,3.02e-06,0.14369219541549683
humidity,suffix,ity,humid,True,family,3.83,6.76e-06,0.14369343221187592
robby,suffix,y,rob,True,family,3.01,1.02e-06,0.1437610685825348
comradely,suffix,ly,comrade,True,family,1.51,3.24e-08,0.14388899505138397
purely,suffix,ly,pure,True,family,4.1,1.26e-05,0.14403752982616425
creamer,suffix,er,cream,True,family,2.71,5.13e-07,0.14417320489883423
florist,suffix,ist,flor,True,family,3.01,1.02e-06,0.14424332976341248
restful,suffix,ful,rest,True,family,2.75,5.62e-07,0.1443735808134079
unbelief,prefix,un,belief,True,family,2.53,3.39e-07,0.1444980502128601
beholden,suffix,en,behold,True,family,2.81,6.46e-07,0.14463980495929718
clapper,suffix,er,clap,True,freeroot,2.92,8.32e-07,0.14488857984542847
division,suffix,ion,divide,True,family,4.86,7.24e-05,0.14494574069976807
outset,prefix,out,set,True,family,3.44,2.75e-06,0.14496736228466034
tracer,suffix,er,trace,True,family,3.19,1.55e-06,0.14504088461399078
divider,suffix,er,divide,True,family,2.81,6.46e-07,0.14505545794963837
flatten,suffix,en,flat,True,family,2.98,9.55e-07,0.14506489038467407
roamer,suffix,er,roam,True,freeroot,1.78,6.03e-08,0.14523005485534668
flexible,suffix,able,flex,True,family,4.13,1.35e-05,0.1452677696943283
refund,prefix,re,fund,True,freeroot,3.94,8.71e-06,0.1452936977148056
joiner,suffix,er,join,True,family,2.72,5.25e-07,0.1453101933002472
raiser,suffix,er,raise,True,family,2.94,8.71e-07,0.14556249976158142
obscurity,suffix,ity,obscure,True,family,3.2,1.58e-06,0.14564833045005798
deniable,suffix,able,deny,True,family,1.86,7.24e-08,0.1458159238100052
directory,suffix,ory,direct,True,family,3.93,8.51e-06,0.14588363468647003
coupler,suffix,er,couple,True,family,2.66,4.57e-07,0.14589785039424896
impedance,suffix,ance,impede,True,family,3.15,1.41e-06,0.14598393440246582
midship,prefix,mid,ship,True,family,1.85,7.08e-08,0.14599080383777618
underfoot,prefix,under,foot,True,family,2.66,4.57e-07,0.14603754878044128
tabular,suffix,ar,table,True,family,2.44,2.75e-07,0.14605002105236053
coppery,suffix,y,copper,True,freeroot,2.1,1.26e-07,0.14612382650375366
mineralized,suffix,ize,mineral,True,family,2.31,2.04e-07,0.14616568386554718
inexperience,prefix,im,experience,True,family,2.97,9.33e-07,0.1462833136320114
upraised,prefix,up,raise,True,family,1.8,6.31e-08,0.14649803936481476
impair,prefix,im,pair,True,family,2.93,8.51e-07,0.1465088278055191
subaltern,prefix,sub,altern,False,family,2.22,1.66e-07,0.14658044278621674
forever,prefix,fore,ever,True,freeroot,4.74,5.5e-05,0.1465848833322525
unrewarding,prefix,un,reward,True,freeroot,1.97,9.33e-08,0.146691232919693
undergirding,prefix,under,gird,True,family,1.56,3.63e-08,0.14669153094291687
sporty,suffix,y,sport,True,family,3.1,1.26e-06,0.14669877290725708
addition,suffix,ion,add,True,family,5.01,0.000102,0.1467422991991043
tuner,suffix,er,tune,True,family,2.91,8.13e-07,0.14683596789836884
startlingly,suffix,ly,startle,True,freeroot,2.42,2.63e-07,0.14717337489128113
dotty,suffix,y,dot,True,freeroot,2.5,3.16e-07,0.14723588526248932
subscribe,prefix,sub,script,True,family,4.02,1.05e-05,0.1472364366054535
physic,suffix,ic,phys,True,family,2.5,3.16e-07,0.14733952283859253
subsidiary,suffix,ory,subsid,False,family,3.92,8.32e-06,0.14739994704723358
remittance,suffix,ance,remit,True,family,2.62,4.17e-07,0.14766445755958557
spoiler,suffix,er,spoil,True,family,3.55,3.55e-06,0.14767546951770782
carrier,suffix,er,carry,True,family,4.29,1.95e-05,0.14777252078056335
transmissible,suffix,able,transmit,True,family,2.37,2.34e-07,0.14782726764678955
collective,suffix,ive,collect,True,family,4.3,2e-05,0.14790557324886322
hatful,suffix,ful,hat,True,family,1.83,6.76e-08,0.14797192811965942
barer,suffix,er,bare,True,family,1.63,4.27e-08,0.14799349009990692
preschool,prefix,pre,school,True,family,3.51,3.24e-06,0.14810779690742493
testify,suffix,ify,test,True,family,3.84,6.92e-06,0.1481214165687561
picker,suffix,er,pick,True,family,2.99,9.77e-07,0.14818622171878815
upstate,prefix,up,state,True,family,3.34,2.19e-06,0.1482250839471817
distended,prefix,dis,tend,True,family,2.32,2.09e-07,0.14822891354560852
sweeper,suffix,er,sweep,True,freeroot,2.89,7.76e-07,0.14826495945453644
impale,prefix,in,pale,True,family,2.22,1.66e-07,0.14831945300102234
breaker,suffix,er,break,True,family,3.6,3.98e-06,0.14850430190563202
subtype,prefix,sub,typo,True,family,2.81,6.46e-07,0.14852698147296906
rider,suffix,er,ride,True,family,4.02,1.05e-05,0.1485632210969925
commoner,suffix,er,common,True,family,2.84,6.92e-07,0.1486327052116394
thousandth,suffix,th,thousand,True,family,2.55,3.55e-07,0.1486646682024002
reflect,prefix,re,flect,False,family,4.39,2.45e-05,0.14869685471057892
arraignment,suffix,ment,arraign,True,freeroot,2.8,6.31e-07,0.14871279895305634
doer,suffix,er,do,True,family,2.65,4.47e-07,0.14882849156856537
ungoverned,prefix,un,govern,True,family,1.79,6.17e-08,0.1488524079322815
fixity,suffix,ity,fix,True,family,1.63,4.27e-08,0.14894917607307434
dumbly,suffix,ly,dumb,True,family,1.77,5.89e-08,0.14901642501354218
coastal,suffix,al,coast,True,family,4.19,1.55e-05,0.14908452332019806
traitor,suffix,or,trait,True,freeroot,3.69,4.9e-06,0.14909982681274414
intermix,prefix,inter,mix,True,family,1.99,9.77e-08,0.14914697408676147
designate,suffix,ate,design,True,family,3.37,2.34e-06,0.14918681979179382
enticement,suffix,ment,entice,True,family,2.15,1.41e-07,0.14918819069862366
earful,suffix,ful,ear,True,freeroot,2.3,2e-07,0.14919167757034302
adversary,suffix,ory,adverse,True,family,3.29,1.95e-06,0.14930571615695953
rosette,suffix,ette,rose,True,family,2.74,5.5e-07,0.14940249919891357
speechifying,suffix,ify,speech,True,family,1.57,3.72e-08,0.14946718513965607
detestation,suffix,ion,detest,True,family,1.62,4.17e-08,0.14962154626846313
floppy,suffix,y,flop,True,freeroot,3.25,1.78e-06,0.14978909492492676
sanguinary,suffix,ory,sanguine,True,freeroot,1.72,5.25e-08,0.14983074367046356
tonnage,suffix,age,ton,True,family,2.94,8.71e-07,0.14988107979297638
boner,suffix,er,bone,True,family,3.21,1.62e-06,0.1498916745185852
celtic,suffix,ic,celt,True,freeroot,4.0,1e-05,0.15006408095359802
suction,suffix,ion,suck,True,family,3.36,2.29e-06,0.15013641119003296
forenoon,prefix,fore,noon,True,family,1.76,5.75e-08,0.15017583966255188
painter,suffix,er,paint,True,family,3.93,8.51e-06,0.1502106487751007
ladyship,suffix,ship,lady,True,freeroot,2.55,3.55e-07,0.15028201043605804
station,suffix,ion,stat,True,family,5.01,0.000102,0.1504463404417038
rockies,suffix,ie,rock,True,family,3.39,2.45e-06,0.15064652264118195
recess,prefix,re,cess,True,family,3.53,3.39e-06,0.150738924741745
ruinous,suffix,ious,ruin,True,family,2.69,4.9e-07,0.15074379742145538
worriedly,suffix,ly,worry,True,family,1.75,5.62e-08,0.15074414014816284
deferment,suffix,ment,defer,True,family,2.34,2.19e-07,0.15076889097690582
tenant,suffix,ant,ten,True,family,3.78,6.03e-06,0.1511325091123581
vacuity,suffix,ity,vacu,False,family,1.71,5.13e-08,0.15116646885871887
crafter,suffix,er,craft,True,family,2.34,2.19e-07,0.1512530893087387
partly,suffix,ly,part,True,family,4.3,2e-05,0.1512562781572342
wheeler,suffix,er,wheel,True,freeroot,3.77,5.89e-06,0.1512979418039322
feebly,suffix,y,feeble,True,family,2.14,1.38e-07,0.1512991338968277
casualness,suffix,ness,casual,True,family,1.83,6.76e-08,0.15142586827278137
oldies,suffix,y,old,True,family,3.08,1.2e-06,0.15144428610801697
linguist,suffix,ist,lingu,False,family,2.87,7.41e-07,0.15147961676120758
hearten,suffix,en,heart,True,family,1.54,3.47e-08,0.15163356065750122
inexpert,prefix,im,expert,True,family,1.51,3.24e-08,0.1517551839351654
overran,prefix,over,ran,True,freeroot,2.71,5.13e-07,0.151786208152771
sodomite,suffix,ite,sodom,True,family,1.86,7.24e-08,0.15183308720588684
countable,suffix,able,count,True,family,2.51,3.24e-07,0.1518358588218689
sagely,suffix,ly,sage,True,freeroot,1.96,9.12e-08,0.15185372531414032
swingy,suffix,y,swing,True,family,1.57,3.72e-08,0.15195916593074799
obscenity,suffix,ity,obscene,True,family,2.9,7.94e-07,0.15207546949386597
coastwise,suffix,wise,coast,True,family,1.6,3.98e-08,0.1520766317844391
tortuous,suffix,ious,tort,True,family,2.65,4.47e-07,0.15211351215839386
unrivalled,prefix,un,rival,True,freeroot,2.8,6.31e-07,0.15217368304729462
dazzler,suffix,er,dazzle,True,family,2.0,1e-07,0.15217506885528564
sower,suffix,er,sow,True,family,2.17,1.48e-07,0.15224990248680115
plateful,suffix,ful,plate,True,freeroot,1.77,5.89e-08,0.15227052569389343
precede,prefix,pre,cede,True,family,2.86,7.24e-07,0.15237131714820862
utterly,suffix,ly,utter,True,family,4.02,1.05e-05,0.1524079293012619
filmy,suffix,y,film,True,family,2.13,1.35e-07,0.15241697430610657
adapter,suffix,er,adapt,True,family,3.6,3.98e-06,0.15253998339176178
pulsation,suffix,ion,pulse,True,family,2.23,1.7e-07,0.1527504175901413
hindustani,suffix,i,hindustan,True,freeroot,2.37,2.34e-07,0.1529415398836136
auspicious,suffix,ious,auspice,True,freeroot,3.09,1.23e-06,0.15306180715560913
nasalized,suffix,ize,nasal,True,family,1.57,3.72e-08,0.15318655967712402
ethereal,suffix,al,ether,True,family,3.2,1.58e-06,0.15327228605747223
tenner,suffix,er,ten,True,family,2.61,4.07e-07,0.15330420434474945
invent,prefix,in,vent,True,freeroot,3.57,3.72e-06,0.15350118279457092
seminary,suffix,ory,semin,True,family,3.54,3.47e-06,0.15361250936985016
interchange,prefix,inter,change,True,family,3.49,3.09e-06,0.1536480188369751
stateless,suffix,less,state,True,family,2.85,7.08e-07,0.15364979207515717
deceive,prefix,de,ceive,False,family,3.38,2.4e-06,0.15366142988204956
sprinkler,suffix,er,sprinkle,True,freeroot,3.05,1.12e-06,0.15383227169513702
complement,prefix,co,plement,False,family,3.77,5.89e-06,0.15383592247962952
spooner,suffix,er,spoon,True,family,2.8,6.31e-07,0.15394407510757446
stringent,suffix,ant,string,True,family,3.43,2.69e-06,0.1539592295885086
alpine,suffix,ine,alp,True,freeroot,3.62,4.17e-06,0.15404567122459412
trustee,suffix,ee,trust,True,family,3.68,4.79e-06,0.15410864353179932
corer,suffix,er,core,True,freeroot,1.58,3.8e-08,0.15421290695667267
enchantment,suffix,ment,enchant,True,family,2.98,9.55e-07,0.15436458587646484
unfettered,prefix,un,fetter,True,freeroot,2.89,7.76e-07,0.15445928275585175
ageless,suffix,less,age,True,family,2.69,4.9e-07,0.15459971129894257
sticker,suffix,er,stick,True,family,3.71,5.13e-06,0.15462970733642578
earthen,suffix,en,earth,True,family,2.84,6.92e-07,0.15488556027412415
bookable,suffix,able,book,True,family,2.19,1.55e-07,0.15505492687225342
protracted,prefix,pro,tract,True,family,3.26,1.82e-06,0.15509240329265594
brazenly,suffix,ly,brazen,True,family,2.53,3.39e-07,0.15514974296092987
devastation,suffix,ion,devastate,True,family,3.34,2.19e-06,0.15516795217990875
didst,suffix,est,did,True,family,2.44,2.75e-07,0.1551712155342102
cobbler,suffix,er,cobble,True,freeroot,2.82,6.61e-07,0.15529872477054596
zippy,suffix,y,zip,True,family,2.52,3.31e-07,0.1553124189376831
knightly,suffix,ly,knight,True,family,2.42,2.63e-07,0.15535511076450348
thermistor,suffix,or,thermo,True,family,1.99,9.77e-08,0.1553567498922348
medallist,suffix,ist,medal,True,family,3.08,1.2e-06,0.15537358820438385
choppy,suffix,y,chop,True,family,2.91,8.13e-07,0.15542607009410858
underprivileged,prefix,under,privilege,True,freeroot,2.92,8.32e-07,0.15546508133411407
wagoner,suffix,er,wagon,True,freeroot,2.41,2.57e-07,0.15557636320590973
manager,suffix,er,manage,True,family,4.97,9.33e-05,0.15563978254795074
bumpers,suffix,er,bump,True,family,2.95,8.91e-07,0.15563982725143433
paralyze,suffix,ize,para,True,family,2.65,4.47e-07,0.15564066171646118
tropical,suffix,al,tropic,True,freeroot,4.18,1.51e-05,0.15564590692520142
unfenced,prefix,un,fence,True,family,1.79,6.17e-08,0.1559174507856369
protester,suffix,er,protest,True,family,3.11,1.29e-06,0.1559349000453949
answerable,suffix,able,answer,True,family,2.69,4.9e-07,0.15603062510490417
snapper,suffix,er,snap,True,family,3.0,1e-06,0.1560729295015335
inverse,prefix,in,verse,True,family,3.42,2.63e-06,0.15613923966884613
ticker,suffix,er,tick,True,freeroot,3.03,1.07e-06,0.15637414157390594
novelty,suffix,ity,novel,True,family,3.66,4.57e-06,0.15645812451839447
compendium,suffix,ium,compend,False,family,3.05,1.12e-06,0.15653812885284424
subroutine,prefix,sub,routine,True,family,2.53,3.39e-07,0.15654034912586212
saddler,suffix,er,saddle,True,freeroot,2.26,1.82e-07,0.1565832495689392
clearance,suffix,ance,clear,True,family,3.96,9.12e-06,0.1566421538591385
airy,suffix,y,air,True,family,3.2,1.58e-06,0.15670114755630493
lionize,suffix,ize,lion,True,family,1.5,3.16e-08,0.15673516690731049
entrain,prefix,en,train,True,family,1.66,4.57e-08,0.15676827728748322
lateness,suffix,ness,late,True,family,2.39,2.45e-07,0.15677610039710999
meant,suffix,t,mean,True,family,4.94,8.71e-05,0.1568700075149536
surety,suffix,ity,sure,True,family,2.82,6.61e-07,0.156931072473526
renovation,suffix,ion,renovate,True,family,3.74,5.5e-06,0.15700562298297882
afterthought,prefix,after,thought,True,family,2.88,7.59e-07,0.15700843930244446
miller,suffix,er,mill,True,family,4.5,3.16e-05,0.1570201814174652
envisage,prefix,en,visage,True,freeroot,2.7,5.01e-07,0.1570209413766861
hydrant,suffix,ant,hydro,True,family,2.71,5.13e-07,0.1571604311466217
propitiate,suffix,ate,propiti,False,family,1.53,3.39e-08,0.1573498249053955
tabulate,suffix,ate,table,True,family,1.94,8.71e-08,0.1574423909187317
meteoric,suffix,ic,meteo,True,family,2.7,5.01e-07,0.15749625861644745
inmost,prefix,in,most,True,family,2.02,1.05e-07,0.15754234790802002
priceless,suffix,less,price,True,family,3.58,3.8e-06,0.15758982300758362
underfed,prefix,under,fed,True,freeroot,1.98,9.55e-08,0.15774816274642944
revamp,prefix,re,vamp,True,freeroot,3.2,1.58e-06,0.15775196254253387
keyless,suffix,less,key,True,freeroot,2.36,2.29e-07,0.15788450837135315
interface,prefix,inter,face,True,family,4.12,1.32e-05,0.15790565311908722
amputee,suffix,ee,amput,False,family,2.72,5.25e-07,0.1580190360546112
misapplied,prefix,mis,apply,True,family,2.05,1.12e-07,0.15805086493492126
howler,suffix,er,howl,True,freeroot,2.51,3.24e-07,0.15808698534965515
disbarred,prefix,dis,barr,True,family,2.5,3.16e-07,0.15828411281108856
conversant,suffix,ant,converse,True,family,2.39,2.45e-07,0.15829382836818695
quadruplets,suffix,et,quadruple,True,freeroot,2.03,1.07e-07,0.15832379460334778
featureless,suffix,less,feature,True,freeroot,2.46,2.88e-07,0.15835511684417725
wantonly,suffix,ly,wanton,True,family,2.28,1.91e-07,0.15851469337940216
premature,prefix,pre,mature,True,family,3.7,5.01e-06,0.15852472186088562
disorder,prefix,dis,order,True,family,4.31,2.04e-05,0.15855394303798676
maintainable,suffix,able,maintain,True,family,2.21,1.62e-07,0.15866461396217346
glottal,suffix,al,glott,False,family,2.17,1.48e-07,0.15868084132671356
eatables,suffix,able,eat,True,family,1.51,3.24e-08,0.15888522565364838
undersea,prefix,under,sea,True,family,2.86,7.24e-07,0.1588951200246811
membership,suffix,ship,member,True,family,4.47,2.95e-05,0.15902991592884064
lamentation,suffix,ion,lament,True,family,2.39,2.45e-07,0.15914328396320343
regardless,suffix,less,regard,True,family,4.48,3.02e-05,0.15916140377521515
foreclose,prefix,fore,close,True,family,2.51,3.24e-07,0.15919572114944458
outnumber,prefix,out,number,True,family,2.98,9.55e-07,0.15919573605060577
borne,suffix,en,bore,True,family,3.67,4.68e-06,0.15928113460540771
workable,suffix,able,work,True,family,3.12,1.32e-06,0.15939611196517944
wrangler,suffix,er,wrangle,True,freeroot,2.92,8.32e-07,0.15941835939884186
nebula,suffix,a,nebul,False,family,3.23,1.7e-06,0.1594952940940857
tiredly,suffix,ly,tire,True,family,1.73,5.37e-08,0.1595061719417572
dispensary,suffix,ory,dispense,True,family,3.09,1.23e-06,0.15952107310295105
pronouncement,suffix,ment,pronounce,True,family,2.54,3.47e-07,0.1596122533082962
equable,suffix,able,equi,True,family,1.63,4.27e-08,0.15962688624858856
upend,prefix,up,end,True,family,2.26,1.82e-07,0.15974807739257812
hardly,suffix,ly,hard,True,family,4.53,3.39e-05,0.15991167724132538
bemused,prefix,be,muse,True,freeroot,2.56,3.63e-07,0.15991553664207458
squeaker,suffix,er,squeak,True,family,2.25,1.78e-07,0.16010154783725739
gaelic,suffix,ic,gael,True,freeroot,3.24,1.74e-06,0.16013135015964508
approvingly,suffix,ly,approve,True,family,2.34,2.19e-07,0.16013628244400024
experiential,suffix,al,experience,True,family,2.98,9.55e-07,0.16014108061790466
disgorge,prefix,dis,gorge,True,freeroot,1.78,6.03e-08,0.16026484966278076
overrule,prefix,over,rule,True,family,2.73,5.37e-07,0.16027364134788513
abyssinians,suffix,n,abyssinia,True,freeroot,1.57,3.72e-08,0.16030722856521606
somatic,suffix,ic,soma,True,freeroot,2.93,8.51e-07,0.160491481423378
soothingly,suffix,ly,soothe,True,freeroot,1.84,6.92e-08,0.160738006234169
sterility,suffix,ity,sterile,True,family,2.53,3.39e-07,0.16079190373420715
general,suffix,al,gener,True,family,5.47,0.000295,0.16079303622245789
judicature,suffix,ure,judic,False,family,2.22,1.66e-07,0.16086021065711975
bastardized,suffix,ize,bastard,True,freeroot,1.86,7.24e-08,0.16086304187774658
unsalted,prefix,un,salt,True,family,2.52,3.31e-07,0.16101227700710297
affect,prefix,a,fect,False,family,4.59,3.89e-05,0.16103233397006989
yearly,suffix,ly,year,True,family,3.88,7.59e-06,0.16109545528888702
proximity,suffix,ity,proxim,True,family,3.88,7.59e-06,0.16111719608306885
repaint,prefix,re,paint,True,family,2.61,4.07e-07,0.1612139195203781
unfounded,prefix,un,found,True,family,3.23,1.7e-06,0.16130515933036804
midwest,prefix,mid,west,True,family,3.8,6.31e-06,0.16131070256233215
seniority,suffix,ity,senior,True,freeroot,3.16,1.45e-06,0.1614799052476883
salivary,suffix,ory,saliva,True,family,2.66,4.57e-07,0.1615736335515976
coinage,suffix,age,coin,True,family,3.04,1.1e-06,0.16164804995059967
controller,suffix,er,control,True,family,4.13,1.35e-05,0.16175903379917145
intriguingly,suffix,ly,intrigue,True,freeroot,2.23,1.7e-07,0.16181083023548126
bounder,suffix,er,bound,True,family,1.72,5.25e-08,0.16182853281497955
unfold,prefix,un,fold,True,family,3.45,2.82e-06,0.16202834248542786
partition,suffix,ion,part,True,family,3.67,4.68e-06,0.1621406078338623
puffer,suffix,er,puff,True,family,2.64,4.37e-07,0.16219963133335114
bondage,suffix,age,bond,True,freeroot,3.46,2.88e-06,0.16220609843730927
unchecked,prefix,un,check,True,family,3.15,1.41e-06,0.1622166484594345
tragedian,suffix,ian,tragedy,True,freeroot,1.65,4.47e-08,0.16227781772613525
roadless,suffix,less,road,True,family,1.91,8.13e-08,0.16229964792728424
trainer,suffix,er,train,True,family,4.08,1.2e-05,0.16233162581920624
motorist,suffix,ist,motor,True,family,3.07,1.17e-06,0.16239146888256073
modeller,suffix,er,model,True,family,2.03,1.07e-07,0.16261443495750427
usury,suffix,y,usur,False,family,2.54,3.47e-07,0.16261650621891022
defender,suffix,er,defend,True,family,4.11,1.29e-05,0.162733256816864
gravely,suffix,ly,grave,True,family,3.09,1.23e-06,0.16282863914966583
deflowered,prefix,de,flower,True,family,1.95,8.91e-08,0.1628369241952896
sealer,suffix,er,seal,True,family,2.57,3.72e-07,0.16296681761741638
gregorian,suffix,ian,gregory,True,freeroot,2.74,5.5e-07,0.16349419951438904
discernible,suffix,able,discern,True,family,2.97,9.33e-07,0.16353221237659454
uncrowned,prefix,un,crown,True,freeroot,1.94,8.71e-08,0.1637025773525238
carriage,suffix,age,carry,True,family,3.85,7.08e-06,0.16373735666275024
cumbersome,suffix,some,cumber,True,family,3.16,1.45e-06,0.16383296251296997
squeaky,suffix,y,squeak,True,family,3.07,1.17e-06,0.16387616097927094
constantly,suffix,ly,constant,True,family,4.53,3.39e-05,0.16388410329818726
trapper,suffix,er,trap,True,family,2.95,8.91e-07,0.1639053225517273
designer,suffix,er,design,True,family,4.42,2.63e-05,0.1640440970659256
oval,suffix,al,ov,True,family,3.98,9.55e-06,0.16412080824375153
glossy,suffix,y,gloss,True,family,3.43,2.69e-06,0.16428078711032867
discredit,prefix,dis,credit,True,family,3.36,2.29e-06,0.16431590914726257
medallion,suffix,ion,medal,True,family,3.1,1.26e-06,0.16432660818099976
papist,suffix,ist,pap,True,family,2.05,1.12e-07,0.1643408089876175
unburden,prefix,un,burden,True,family,1.98,9.55e-08,0.16440312564373016
unmade,prefix,un,make,True,family,2.4,2.51e-07,0.16444361209869385
sinusoids,suffix,oid,sinus,True,freeroot,1.53,3.39e-08,0.16453900933265686
roofless,suffix,less,roof,True,family,1.99,9.77e-08,0.16454152762889862
romper,suffix,er,romp,True,freeroot,2.49,3.09e-07,0.1645958572626114
terror,suffix,or,terr,True,family,4.26,1.82e-05,0.16460582613945007
offender,suffix,er,offend,True,freeroot,3.7,5.01e-06,0.1648881733417511
dilation,suffix,ion,dilate,True,family,2.88,7.59e-07,0.16489189863204956
civilly,suffix,y,civil,True,family,2.41,2.57e-07,0.16502708196640015
deputation,suffix,ion,depute,True,family,2.4,2.51e-07,0.1650809496641159
outright,prefix,out,right,True,family,3.83,6.76e-06,0.1651925891637802
glaringly,suffix,ly,glare,True,freeroot,2.37,2.34e-07,0.16526758670806885
tummies,suffix,y,tum,True,freeroot,2.26,1.82e-07,0.16533973813056946
localism,suffix,ism,local,True,family,2.32,2.09e-07,0.1653459519147873
repulse,prefix,re,pulse,True,family,2.55,3.55e-07,0.1654031127691269
localizes,suffix,ize,local,True,family,1.88,7.59e-08,0.16551046073436737
failure,suffix,ure,fail,True,family,4.72,5.25e-05,0.16552497446537018
germinal,suffix,al,germ,True,family,2.26,1.82e-07,0.16553904116153717
communicable,suffix,able,communic,False,family,2.8,6.31e-07,0.16560262441635132
certitude,suffix,itude,cert,True,family,2.06,1.15e-07,0.16563567519187927
breather,suffix,er,breath,True,family,3.02,1.05e-06,0.1657133400440216
injury,suffix,y,injure,True,family,4.74,5.5e-05,0.1658146232366562
censure,suffix,ure,cens,False,family,2.94,8.71e-07,0.16593685746192932
blindly,suffix,ly,blind,True,family,3.32,2.09e-06,0.16613447666168213
lastly,suffix,ly,last,True,family,3.69,4.9e-06,0.1661587357521057
splinter,suffix,er,splint,True,freeroot,3.28,1.91e-06,0.1661868393421173
mishap,prefix,mis,hap,True,family,3.0,1e-06,0.16621626913547516
brawny,suffix,y,brawn,True,freeroot,2.34,2.19e-07,0.1662496030330658
application,suffix,ion,applicate,False,family,4.86,7.24e-05,0.1662985384464264
forearm,prefix,fore,arm,True,family,3.28,1.91e-06,0.16631098091602325
abruptness,suffix,ness,abrupt,True,family,1.71,5.13e-08,0.16632793843746185
confusedly,suffix,ly,confuse,True,family,1.76,5.75e-08,0.16634705662727356
idly,suffix,y,idle,True,family,2.93,8.51e-07,0.16642101109027863
unvarying,prefix,un,vary,True,family,1.72,5.25e-08,0.16650931537151337
flora,suffix,a,flor,True,family,3.7,5.01e-06,0.1665477156639099
obscenely,suffix,ly,obscene,True,family,2.31,2.04e-07,0.16659946739673615
judicious,suffix,ious,judic,False,family,2.68,4.79e-07,0.16660955548286438
unsuspecting,prefix,un,suspect,True,freeroot,3.14,1.38e-06,0.16674460470676422
millie,suffix,ie,mill,True,family,3.2,1.58e-06,0.1667683869600296
lavishness,suffix,ness,lavish,True,family,1.62,4.17e-08,0.16686272621154785
unlock,prefix,un,lock,True,family,3.9,7.94e-06,0.1668664664030075
lesser,suffix,er,less,True,family,4.13,1.35e-05,0.16686968505382538
later,suffix,er,late,True,family,5.49,0.000309,0.1668713241815567
outfall,prefix,out,fall,True,family,2.05,1.12e-07,0.16700884699821472
catholicism,suffix,ism,catholic,True,family,3.37,2.34e-06,0.16702845692634583
timely,suffix,ly,time,True,family,3.85,7.08e-06,0.1671322137117386
spacer,suffix,er,space,True,family,2.83,6.76e-07,0.16723418235778809
republican,suffix,ian,republic,True,freeroot,4.7,5.01e-05,0.16736860573291779
washy,suffix,y,wash,True,family,2.61,4.07e-07,0.1673719882965088
sleeper,suffix,er,sleep,True,family,3.46,2.88e-06,0.16738931834697723
princely,suffix,ly,prince,True,family,2.89,7.76e-07,0.1674114465713501
maturely,suffix,ly,mature,True,family,2.14,1.38e-07,0.16757023334503174
upright,prefix,up,right,True,family,3.74,5.5e-06,0.1676391363143921
rapture,suffix,ure,rapt,True,freeroot,3.17,1.48e-06,0.16774050891399384
shyer,suffix,er,shy,True,family,1.72,5.25e-08,0.16780535876750946
fleshly,suffix,ly,flesh,True,family,1.96,9.12e-08,0.16781273484230042
miscue,prefix,mis,cue,True,freeroot,1.82,6.61e-08,0.16783086955547333
calculate,suffix,ate,calcul,False,family,3.87,7.41e-06,0.16783729195594788
midway,prefix,mid,way,True,family,3.69,4.9e-06,0.16806720197200775
gassy,suffix,y,gas,True,family,2.38,2.4e-07,0.16813509166240692
syllabus,suffix,us,syllab,False,family,3.34,2.19e-06,0.16819718480110168
babbler,suffix,er,babble,True,freeroot,1.73,5.37e-08,0.16844525933265686
diversely,suffix,ly,diverse,True,family,1.84,6.92e-08,0.16845937073230743
galvanic,suffix,ic,galvan,True,family,2.37,2.34e-07,0.16852068901062012
curly,suffix,y,curl,True,family,3.6,3.98e-06,0.16860072314739227
incident,suffix,ant,incid,False,family,4.54,3.47e-05,0.16863508522510529
asymptotic,suffix,ic,asymptote,True,freeroot,2.69,4.9e-07,0.16864363849163055
mystic,suffix,ic,myst,True,family,3.6,3.98e-06,0.16871808469295502
unaided,prefix,un,aid,True,freeroot,2.63,4.27e-07,0.16872191429138184
slain,suffix,n,slay,True,family,3.54,3.47e-06,0.168767049908638
astride,prefix,a,stride,True,freeroot,2.62,4.17e-07,0.1688271164894104
gluey,suffix,y,glue,True,family,1.68,4.79e-08,0.16885188221931458
undercut,prefix,under,cut,True,family,3.1,1.26e-06,0.1688968390226364
durability,suffix,ity,durable,True,family,3.45,2.82e-06,0.16897456347942352
loader,suffix,er,load,True,family,3.1,1.26e-06,0.16909733414649963
deaconess,suffix,ess,deacon,True,freeroot,2.35,2.24e-07,0.16916324198246002
fishery,suffix,ory,fish,True,family,3.22,1.66e-06,0.16922159492969513
cracker,suffix,er,crack,True,freeroot,3.45,2.82e-06,0.16922512650489807
overhung,prefix,over,hung,True,freeroot,1.7,5.01e-08,0.16926178336143494
banger,suffix,er,bang,True,freeroot,3.02,1.05e-06,0.16926202178001404
uvular,suffix,er,uvula,True,freeroot,1.52,3.31e-08,0.16928938031196594
overdraft,prefix,over,draft,True,family,2.84,6.92e-07,0.1693377047777176
metric,suffix,ic,meter,True,family,3.88,7.59e-06,0.16952820122241974
confusion,suffix,ion,confuse,True,family,4.19,1.55e-05,0.1696217954158783
tanker,suffix,er,tank,True,family,3.44,2.75e-06,0.16971372067928314
supremacist,suffix,ist,supreme,True,family,3.26,1.82e-06,0.16973239183425903
adamantly,suffix,ly,adamant,True,family,2.69,4.9e-07,0.1697739064693451
dumpling,suffix,ling,dump,True,family,2.67,4.68e-07,0.169956237077713
stoutly,suffix,ly,stout,True,family,1.98,9.55e-08,0.16998830437660217
nipper,suffix,er,nip,True,family,2.3,2e-07,0.17008797824382782
fusty,suffix,y,fust,True,freeroot,1.66,4.57e-08,0.17021284997463226
carver,suffix,er,carve,True,freeroot,3.33,2.14e-06,0.1702217310667038
modal,suffix,al,mode,True,family,3.13,1.35e-06,0.17033500969409943
belittle,prefix,be,little,True,family,2.86,7.24e-07,0.17046155035495758
prostration,suffix,ion,prostrate,True,freeroot,2.09,1.23e-07,0.17051947116851807
antigen,prefix,anti,gen,True,family,3.21,1.62e-06,0.17057085037231445
disparagement,suffix,ment,disparage,True,family,2.16,1.45e-07,0.17069770395755768
stringy,suffix,y,string,True,family,2.52,3.31e-07,0.17070741951465607
misled,prefix,mis,led,True,freeroot,3.28,1.91e-06,0.17078600823879242
boundary,suffix,ory,bound,True,family,4.13,1.35e-05,0.17092034220695496
witticism,suffix,ism,wit,True,family,1.75,5.62e-08,0.17092445492744446
childless,suffix,less,child,True,family,3.06,1.15e-06,0.1709294319152832
diffracted,prefix,di,fract,False,family,1.81,6.46e-08,0.17109136283397675
archery,suffix,y,archer,True,freeroot,3.25,1.78e-06,0.17109686136245728
fabulous,suffix,ious,fable,True,freeroot,4.08,1.2e-05,0.17118196189403534
mower,suffix,er,mow,True,family,3.1,1.26e-06,0.17122413218021393
mouldy,suffix,y,mould,True,family,2.43,2.69e-07,0.17131058871746063
foolish,suffix,ish,fool,True,family,3.89,7.76e-06,0.1714124083518982
fluorine,suffix,ine,fluor,True,freeroot,2.7,5.01e-07,0.1714177280664444
derivatives,suffix,ive,derive,True,family,3.64,4.37e-06,0.1714862734079361
outpouring,prefix,out,pour,True,family,2.82,6.61e-07,0.17150461673736572
screwy,suffix,y,screw,True,family,2.31,2.04e-07,0.17163176834583282
deprecation,suffix,ion,deprecate,True,freeroot,2.4,2.51e-07,0.17163234949111938
impart,prefix,in,part,True,family,3.09,1.23e-06,0.17163389921188354
totally,suffix,ly,total,True,family,4.83,6.76e-05,0.17165106534957886
overtake,prefix,over,take,True,family,3.3,2e-06,0.1717105209827423
antitank,prefix,anti,tank,True,family,2.28,1.91e-07,0.17177139222621918
fantastic,suffix,ic,fantasy,True,family,4.71,5.13e-05,0.17200064659118652
flaxen,suffix,en,flax,True,freeroot,1.96,9.12e-08,0.17200827598571777
promissory,suffix,ory,promise,True,family,2.57,3.72e-07,0.17205527424812317
unmolested,prefix,un,molest,True,family,2.36,2.29e-07,0.17213483154773712
unconsidered,prefix,un,consider,True,family,1.63,4.27e-08,0.17221283912658691
unheard,prefix,un,heard,True,family,3.37,2.34e-06,0.17227163910865784
warbler,suffix,er,warble,True,freeroot,2.77,5.89e-07,0.17229698598384857
flasher,suffix,er,flash,True,family,2.31,2.04e-07,0.17236341536045074
midriff,prefix,mid,riff,True,freeroot,2.37,2.34e-07,0.17243966460227966
wholly,suffix,ly,whole,True,family,3.83,6.76e-06,0.17247432470321655
mystify,suffix,ify,myst,True,family,1.92,8.32e-08,0.17250202596187592
baldly,suffix,ly,bald,True,family,1.87,7.41e-08,0.17250597476959229
quintuplets,suffix,et,quintuple,True,freeroot,1.98,9.55e-08,0.17273801565170288
primly,suffix,ly,prim,True,family,1.6,3.98e-08,0.1727835237979889
outgrow,prefix,out,grow,True,family,2.67,4.68e-07,0.17278487980365753
likened,suffix,en,like,True,family,3.13,1.35e-06,0.17279033362865448
lunacy,suffix,acy,lun,True,family,2.91,8.13e-07,0.1728333830833435
loafer,suffix,er,loaf,True,freeroot,2.4,2.51e-07,0.1728484183549881
explorative,suffix,ive,explore,True,family,1.81,6.46e-08,0.17294733226299286
downcast,prefix,down,cast,True,family,2.4,2.51e-07,0.17294877767562866
obscurely,suffix,ly,obscure,True,family,1.97,9.33e-08,0.17294928431510925
commitment,suffix,ment,commit,True,family,4.43,2.69e-05,0.17306329309940338
bucketful,suffix,ful,bucket,True,freeroot,1.79,6.17e-08,0.173080176115036
prisoner,suffix,er,prison,True,family,4.2,1.58e-05,0.1732548475265503
demerit,prefix,de,merit,True,family,2.34,2.19e-07,0.1733430027961731
pleasingly,suffix,ly,please,True,family,2.18,1.51e-07,0.1734592467546463
flowery,suffix,y,flower,True,family,2.88,7.59e-07,0.17356818914413452
pleader,suffix,er,plead,True,family,1.73,5.37e-08,0.17362262308597565
signora,suffix,a,signor,True,family,2.42,2.63e-07,0.17369729280471802
ferny,suffix,y,fern,True,freeroot,1.87,7.41e-08,0.17370301485061646
blower,suffix,er,blow,True,family,3.27,1.86e-06,0.17371870577335358
atop,prefix,a,top,True,family,3.63,4.27e-06,0.17385618388652802
materially,suffix,y,material,True,family,3.36,2.29e-06,0.17391717433929443
meteorite,suffix,ite,meteo,True,family,3.2,1.58e-06,0.1740090548992157
challenger,suffix,er,challenge,True,family,3.74,5.5e-06,0.17407074570655823
paternity,suffix,ity,pater,True,family,3.24,1.74e-06,0.17412787675857544
handless,suffix,less,hand,True,family,1.51,3.24e-08,0.17419779300689697
baggy,suffix,y,bag,True,family,3.16,1.45e-06,0.17422397434711456
unprecedented,prefix,un,precedent,True,freeroot,3.82,6.61e-06,0.1742243468761444
watcher,suffix,er,watch,True,family,3.03,1.07e-06,0.17426370084285736
downhearted,prefix,down,heart,True,family,1.92,8.32e-08,0.17433245480060577
intangible,prefix,im,tangible,True,family,3.22,1.66e-06,0.17433267831802368
snaky,suffix,y,snake,True,freeroot,1.72,5.25e-08,0.17440170049667358
inlet,prefix,in,let,True,family,3.45,2.82e-06,0.17448069155216217
undeclared,prefix,un,declare,True,family,2.67,4.68e-07,0.17454783618450165
purgatory,suffix,ory,purge,True,family,3.1,1.26e-06,0.1745978742837906
chemist,suffix,ist,chem,True,freeroot,3.51,3.24e-06,0.17464612424373627
readiness,suffix,ness,ready,True,family,3.59,3.89e-06,0.17465876042842865
unbelieving,prefix,un,believe,True,family,2.22,1.66e-07,0.17468301951885223
undress,prefix,un,dress,True,family,2.87,7.41e-07,0.17480656504631042
underway,prefix,under,way,True,family,3.87,7.41e-06,0.17488136887550354
begone,prefix,be,gone,True,family,2.45,2.82e-07,0.17498502135276794
undreamed,prefix,un,dream,True,family,1.69,4.9e-08,0.17503659427165985
noisy,suffix,y,noise,True,family,3.67,4.68e-06,0.17504972219467163
referent,suffix,ant,refer,True,family,2.31,2.04e-07,0.17514492571353912
untutored,prefix,un,tutor,True,family,1.71,5.13e-08,0.1751762479543686
undefended,prefix,un,defend,True,family,2.34,2.19e-07,0.17517751455307007
temptingly,suffix,ly,tempt,True,family,1.6,3.98e-08,0.17522168159484863
untrammeled,prefix,un,trammel,True,freeroot,1.65,4.47e-08,0.17541125416755676
stabber,suffix,er,stab,True,freeroot,2.02,1.05e-07,0.17548081278800964
agony,suffix,y,agon,True,family,3.6,3.98e-06,0.17548629641532898
classic,suffix,ic,class,True,family,4.72,5.25e-05,0.17549829185009003
negligible,suffix,able,negect,False,family,3.39,2.45e-06,0.17554348707199097
outlet,prefix,out,let,True,family,4.0,1e-05,0.1755589097738266
overboard,prefix,over,board,True,family,3.43,2.69e-06,0.17557290196418762
periodic,suffix,ic,period,True,freeroot,3.63,4.27e-06,0.17562554776668549
tweedy,suffix,y,tweed,True,freeroot,2.4,2.51e-07,0.17577460408210754
heckler,suffix,er,heckle,True,freeroot,2.6,3.98e-07,0.17584210634231567
forehead,prefix,fore,head,True,family,3.87,7.41e-06,0.17594510316848755
dissidence,suffix,ance,dissid,False,family,1.99,9.77e-08,0.17606619000434875
contort,prefix,co,tort,True,family,2.03,1.07e-07,0.176103875041008
coolant,suffix,ant,cool,True,family,3.19,1.55e-06,0.17623308300971985
reedy,suffix,y,reed,True,freeroot,2.56,3.63e-07,0.17627261579036713
tanner,suffix,er,tan,True,family,3.56,3.63e-06,0.17646589875221252
myeloid,suffix,oid,myel,False,family,2.63,4.27e-07,0.17647585272789001
swinger,suffix,er,swing,True,family,2.77,5.89e-07,0.17652297019958496
womanly,suffix,ly,woman,True,family,2.51,3.24e-07,0.17656883597373962
obediently,suffix,ly,obedient,True,family,2.33,2.14e-07,0.17667314410209656
shapely,suffix,ly,shape,True,family,2.56,3.63e-07,0.17667816579341888
contain,prefix,co,tain,True,family,4.5,3.16e-05,0.17669087648391724
disgustingly,suffix,ly,disgust,True,freeroot,2.57,3.72e-07,0.1767548769712448
tantalizingly,suffix,ly,tantalize,True,freeroot,2.0,1e-07,0.17682817578315735
directive,suffix,ive,direct,True,family,3.71,5.13e-06,0.176911398768425
spacious,suffix,ious,space,True,family,3.41,2.57e-06,0.1769738793373108
beholder,suffix,er,behold,True,family,2.81,6.46e-07,0.1770518720149994
humbly,suffix,y,humble,True,family,3.17,1.48e-06,0.17706595361232758
musketry,suffix,ory,musket,True,family,1.87,7.41e-08,0.1771390587091446
embalm,prefix,en,balm,True,family,1.83,6.76e-08,0.17728550732135773
bunter,suffix,er,bunt,True,freeroot,2.03,1.07e-07,0.1773073524236679
dropper,suffix,er,drop,True,family,2.57,3.72e-07,0.17734427750110626
purser,suffix,er,purse,True,freeroot,2.39,2.45e-07,0.17735567688941956
remission,suffix,ion,remit,True,family,3.19,1.55e-06,0.17748022079467773
vulcanized,suffix,ize,vulcan,True,freeroot,2.07,1.17e-07,0.1775050312280655
evasion,suffix,ion,evade,True,family,3.41,2.57e-06,0.1775158941745758
prowler,suffix,er,prowl,True,freeroot,2.54,3.47e-07,0.17756639420986176
intent,prefix,in,tent,True,family,4.28,1.91e-05,0.17762106657028198
tangibly,suffix,y,tangible,True,family,2.03,1.07e-07,0.17771783471107483
cretinous,suffix,ious,cretin,True,freeroot,1.74,5.5e-08,0.17773616313934326
discontent,prefix,dis,content,True,family,3.37,2.34e-06,0.17786702513694763
worrisome,suffix,some,worry,True,family,2.88,7.59e-07,0.17818129062652588
concretely,suffix,ly,concrete,True,family,2.44,2.75e-07,0.17819251120090485
lawful,suffix,ful,law,True,family,3.62,4.17e-06,0.17822358012199402
interlace,prefix,inter,lace,True,family,2.04,1.1e-07,0.17831265926361084
sinker,suffix,er,sink,True,freeroot,2.61,4.07e-07,0.17845427989959717
insular,suffix,ar,insul,False,family,3.03,1.07e-06,0.1785307228565216
refit,prefix,re,fit,True,family,2.67,4.68e-07,0.17854246497154236
humanitarian,suffix,ian,human,True,family,3.91,8.13e-06,0.17855225503444672
misplace,prefix,mis,place,True,family,2.28,1.91e-07,0.17865978181362152
transcript,prefix,trans,script,True,family,3.7,5.01e-06,0.17868827283382416
connective,suffix,ive,connect,True,family,3.01,1.02e-06,0.1787547767162323
scrounger,suffix,er,scrounge,True,freeroot,1.93,8.51e-08,0.17884260416030884
soundly,suffix,ly,sound,True,family,2.97,9.33e-07,0.17889748513698578
steamy,suffix,y,steam,True,family,3.09,1.23e-06,0.17891742289066315
obsolescent,suffix,ant,obsolesce,False,family,2.02,1.05e-07,0.17896661162376404
reverberation,suffix,ion,reverberate,True,freeroot,2.42,2.63e-07,0.17904724180698395
deadness,suffix,ness,dead,True,family,1.62,4.17e-08,0.17905640602111816
recoverable,suffix,able,recover,True,family,2.8,6.31e-07,0.1790890097618103
magnitude,suffix,itude,magn,False,family,4.0,1e-05,0.17912715673446655
hyphenation,suffix,ion,hyphen,True,family,1.82,6.61e-08,0.17921270430088043
pearly,suffix,y,pearl,True,freeroot,2.87,7.41e-07,0.179363414645195
deduct,prefix,de,duct,True,family,3.09,1.23e-06,0.17941895127296448
midwife,prefix,mid,wife,True,family,3.27,1.86e-06,0.1794768124818802
timer,suffix,er,time,True,family,3.68,4.79e-06,0.17958857119083405
shaver,suffix,er,shave,True,family,2.79,6.17e-07,0.1796266883611679
flashy,suffix,y,flash,True,family,3.25,1.78e-06,0.17964033782482147
magnify,suffix,ify,magn,False,family,2.77,5.89e-07,0.1797003298997879
fiery,suffix,y,fire,True,family,3.57,3.72e-06,0.17979712784290314
checker,suffix,er,check,True,family,3.08,1.2e-06,0.17981664836406708
dissident,suffix,ant,dissid,False,family,3.1,1.26e-06,0.18005768954753876
promote,prefix,pro,mot,True,family,4.56,3.63e-05,0.1802072823047638
guilty,suffix,y,guilt,True,family,4.61,4.07e-05,0.18026262521743774
lawyer,suffix,er,law,True,family,4.67,4.68e-05,0.18034076690673828
mousy,suffix,y,mouse,True,freeroot,2.01,1.02e-07,0.18035028874874115
technic,suffix,ic,tech,True,family,2.42,2.63e-07,0.18042291700839996
jewish,suffix,ish,jew,True,family,4.61,4.07e-05,0.18047857284545898
enlist,prefix,en,list,True,family,3.37,2.34e-06,0.1805543601512909
monorail,prefix,mono,rail,True,family,2.69,4.9e-07,0.18059882521629333
distort,prefix,dis,tort,True,family,3.08,1.2e-06,0.18084217607975006
alarmingly,suffix,ly,alarm,True,family,2.66,4.57e-07,0.18085721135139465
delousing,prefix,de,louse,True,family,1.55,3.55e-08,0.1808663010597229
crotchety,suffix,y,crotchet,True,freeroot,2.05,1.12e-07,0.18089210987091064
downpour,prefix,down,pour,True,family,2.83,6.76e-07,0.181081622838974
mangy,suffix,y,mange,True,freeroot,2.1,1.26e-07,0.18113024532794952
partisan,suffix,ian,part,True,family,3.81,6.46e-06,0.18120473623275757
supernova,prefix,super,nova,True,freeroot,3.13,1.35e-06,0.18127909302711487
incandescence,suffix,ance,incandesce,False,family,1.73,5.37e-08,0.1813187450170517
watchful,suffix,ful,watch,True,family,3.09,1.23e-06,0.18132831156253815
trotter,suffix,er,trot,True,freeroot,2.92,8.32e-07,0.18139073252677917
poster,suffix,er,post,True,family,4.19,1.55e-05,0.18139567971229553
afternoon,prefix,after,noon,True,family,4.72,5.25e-05,0.18169842660427094
willie,suffix,ie,will,True,family,3.89,7.76e-06,0.18171599507331848
uncrossed,prefix,un,cross,True,family,1.64,4.37e-08,0.18176071345806122
doleful,suffix,ful,dole,True,freeroot,1.9,7.94e-08,0.18180742859840393
testament,suffix,ment,test,True,family,4.07,1.17e-05,0.1818283200263977
disestablished,prefix,dis,establish,True,family,1.68,4.79e-08,0.18186140060424805
likeness,suffix,ness,like,True,family,3.34,2.19e-06,0.18193505704402924
lofty,suffix,y,loft,True,freeroot,3.34,2.19e-06,0.18196453154087067
invest,prefix,in,vest,True,family,4.32,2.09e-05,0.18211022019386292
vivacious,suffix,ious,vive,True,family,2.68,4.79e-07,0.18212614953517914
palatable,suffix,able,palat,True,family,3.06,1.15e-06,0.1821555346250534
godly,suffix,ly,god,True,family,3.26,1.82e-06,0.18221868574619293
deserve,prefix,de,serve,True,family,4.59,3.89e-05,0.1822388470172882
hauntingly,suffix,ly,haunt,True,freeroot,2.37,2.34e-07,0.18233269453048706
stouter,suffix,er,stout,True,family,1.68,4.79e-08,0.18235936760902405
stoppage,suffix,age,stop,True,family,3.22,1.66e-06,0.18247370421886444
pivotal,suffix,al,pivot,True,freeroot,3.5,3.16e-06,0.1825701892375946
scottish,suffix,ish,scot,True,freeroot,4.6,3.98e-05,0.182665154337883
curler,suffix,er,curl,True,family,2.51,3.24e-07,0.1827271729707718
expectant,suffix,ant,expect,True,family,2.95,8.91e-07,0.1827390044927597
junction,suffix,ion,junct,False,family,3.94,8.71e-06,0.18283584713935852
snappy,suffix,y,snap,True,family,3.01,1.02e-06,0.18286405503749847
delusion,suffix,ion,delude,True,freeroot,3.37,2.34e-06,0.1829691231250763
probate,suffix,ate,prob,True,family,3.16,1.45e-06,0.1830868422985077
hurler,suffix,er,hurl,True,freeroot,1.99,9.77e-08,0.18317651748657227
observatory,suffix,ory,observe,True,family,3.71,5.13e-06,0.18332305550575256
concurrent,suffix,ant,concur,True,family,3.49,3.09e-06,0.18335852026939392
patentee,suffix,ee,patent,True,family,1.99,9.77e-08,0.1833871603012085
israeli,suffix,i,israel,True,family,4.4,2.51e-05,0.1833987832069397
schematic,suffix,ic,scheme,True,family,3.12,1.32e-06,0.1835024505853653
systemic,suffix,ic,system,True,family,3.74,5.5e-06,0.18354514241218567
meritorious,suffix,ious,merit,True,family,2.98,9.55e-07,0.18355263769626617
weaponry,suffix,ory,weapon,True,family,3.36,2.29e-06,0.18360628187656403
snooper,suffix,er,snoop,True,freeroot,1.68,4.79e-08,0.1836571842432022
touchingly,suffix,ly,touch,True,family,1.98,9.55e-08,0.18370117247104645
submission,suffix,ion,submit,True,family,4.07,1.17e-05,0.18370844423770905
conceive,prefix,co,ceive,False,family,3.4,2.51e-06,0.18372385203838348
topper,suffix,er,top,True,family,3.11,1.29e-06,0.18378980457782745
separable,suffix,able,separ,False,family,2.51,3.24e-07,0.18379250168800354
bakery,suffix,ory,bake,True,family,3.67,4.68e-06,0.1838088035583496
loci,suffix,i,loc,True,family,2.79,6.17e-07,0.1838158220052719
unopened,prefix,un,open,True,family,2.94,8.71e-07,0.18385902047157288
impunity,prefix,im,pun,True,family,3.18,1.51e-06,0.18388348817825317
laborer,suffix,er,labor,True,family,2.89,7.76e-07,0.18395140767097473
planer,suffix,er,plane,True,family,2.36,2.29e-07,0.1840187907218933
briefly,suffix,ly,brief,True,family,4.22,1.66e-05,0.184078186750412
baneful,suffix,ful,bane,True,freeroot,1.53,3.39e-08,0.18414293229579926
procreate,prefix,pro,create,True,family,2.54,3.47e-07,0.18420079350471497
artist,suffix,ist,art,True,family,4.8,6.31e-05,0.18421033024787903
tensely,suffix,ly,tense,True,family,1.78,6.03e-08,0.18421663343906403
congestive,suffix,ive,congest,True,family,2.68,4.79e-07,0.18422076106071472
frisky,suffix,y,frisk,True,freeroot,2.74,5.5e-07,0.1842869520187378
unearth,prefix,un,earth,True,family,2.69,4.9e-07,0.1843348890542984
erasure,suffix,ure,erase,True,family,2.92,8.32e-07,0.18444609642028809
greenly,suffix,ly,green,True,family,1.78,6.03e-08,0.18452124297618866
twisty,suffix,y,twist,True,family,2.73,5.37e-07,0.18452727794647217
feeler,suffix,er,feel,True,family,2.11,1.29e-07,0.18462051451206207
smoochy,suffix,y,smooch,True,freeroot,1.65,4.47e-08,0.18467238545417786
residual,suffix,al,residue,True,family,3.52,3.31e-06,0.1846887469291687
consecrate,prefix,co,secrate,False,family,2.42,2.63e-07,0.1848842054605484
cannily,suffix,ly,canny,True,family,1.57,3.72e-08,0.18492655456066132
drifter,suffix,er,drift,True,freeroot,2.83,6.76e-07,0.18496111035346985
casement,suffix,ment,case,True,family,2.68,4.79e-07,0.1850207895040512
glowingly,suffix,ly,glow,True,family,1.87,7.41e-08,0.18503449857234955
sloppy,suffix,y,slop,True,freeroot,3.59,3.89e-06,0.18514364957809448
upcountry,prefix,up,country,True,family,2.0,1e-07,0.18524034321308136
babyish,suffix,ish,baby,True,family,1.78,6.03e-08,0.18526634573936462
spender,suffix,er,spend,True,freeroot,2.76,5.75e-07,0.1853724867105484
confine,prefix,co,fine,True,family,2.92,8.32e-07,0.18538492918014526
couplet,suffix,et,couple,True,family,2.51,3.24e-07,0.18539148569107056
destruct,prefix,de,struct,True,family,2.9,7.94e-07,0.1855417639017105
proportion,prefix,pro,portion,True,family,4.11,1.29e-05,0.1857692450284958
blindness,suffix,ness,blind,True,family,3.44,2.75e-06,0.18584538996219635
harden,suffix,en,hard,True,family,3.52,3.31e-06,0.1858636885881424
danker,suffix,er,dank,True,freeroot,1.73,5.37e-08,0.1859084665775299
coiner,suffix,er,coin,True,family,1.61,4.07e-08,0.18603266775608063
saucer,suffix,er,sauce,True,family,3.06,1.15e-06,0.18603813648223877
subvert,prefix,sub,vert,True,family,2.95,8.91e-07,0.18613731861114502
questionable,suffix,able,question,True,family,3.78,6.03e-06,0.18617084622383118
empanelled,prefix,en,panel,True,family,1.64,4.37e-08,0.1862756907939911
affront,prefix,a,front,True,family,2.89,7.76e-07,0.18634866178035736
lancer,suffix,er,lance,True,freeroot,2.85,7.08e-07,0.18641765415668488
thrower,suffix,er,throw,True,family,2.9,7.94e-07,0.18654170632362366
outstrip,prefix,out,strip,True,family,2.31,2.04e-07,0.1865430772304535
unnumbered,prefix,un,number,True,family,2.39,2.45e-07,0.18655751645565033
slippage,suffix,age,slip,True,family,2.62,4.17e-07,0.18657168745994568
crazy,suffix,y,craze,True,freeroot,5.07,0.000117,0.18658088147640228
sisterly,suffix,ly,sister,True,family,2.33,2.14e-07,0.18678903579711914
conduct,prefix,co,duct,True,family,4.52,3.31e-05,0.18700411915779114
strivers,suffix,er,strive,True,freeroot,1.64,4.37e-08,0.18710514903068542
vexation,suffix,ion,vex,True,family,1.98,9.55e-08,0.18724599480628967
setter,suffix,er,set,True,family,2.99,9.77e-07,0.18727551400661469
unfaltering,prefix,un,falter,True,freeroot,1.75,5.62e-08,0.18730328977108002
compose,prefix,co,pose,True,family,3.46,2.88e-06,0.1873406171798706
repose,prefix,re,pose,True,family,2.75,5.62e-07,0.1873433142900467
gazetteer,suffix,eer,gazette,True,freeroot,2.43,2.69e-07,0.18735644221305847
tenacious,suffix,ious,ten,True,family,3.04,1.1e-06,0.18739937245845795
inverted,prefix,im,vert,True,family,3.42,2.63e-06,0.18740133941173553
sourly,suffix,ly,sour,True,family,1.65,4.47e-08,0.18745659291744232
claimant,suffix,ant,claim,True,family,3.14,1.38e-06,0.18755963444709778
hundredth,suffix,th,hundred,True,family,2.81,6.46e-07,0.18758168816566467
layers,suffix,er,lay,True,family,4.17,1.48e-05,0.18761388957500458
citation,suffix,ion,cite,True,family,3.82,6.61e-06,0.18772341310977936
destroyer,suffix,er,destroy,True,freeroot,3.5,3.16e-06,0.18774229288101196
fracture,suffix,ure,fract,False,family,3.7,5.01e-06,0.18787336349487305
negate,suffix,ate,neg,True,freeroot,2.98,9.55e-07,0.18787667155265808
decamp,prefix,de,camp,True,family,2.18,1.51e-07,0.18792171776294708
rigger,suffix,er,rigg,True,freeroot,2.33,2.14e-07,0.1879625916481018
desiccated,suffix,ate,desicc,False,family,2.38,2.4e-07,0.18800313770771027
needy,suffix,y,need,True,family,3.58,3.8e-06,0.18801765143871307
heighten,suffix,en,height,True,freeroot,2.84,6.92e-07,0.18816637992858887
puzzler,suffix,er,puzzle,True,family,2.2,1.58e-07,0.18832802772521973
engrossed,prefix,en,gross,True,family,2.79,6.17e-07,0.18836872279644012
beater,suffix,er,beat,True,family,3.09,1.23e-06,0.18837933242321014
underclothes,prefix,under,cloth,True,family,1.76,5.75e-08,0.1883903294801712
debarked,prefix,de,bark,True,family,1.5,3.16e-08,0.18840733170509338
panty,suffix,y,pant,True,family,2.97,9.33e-07,0.188486710190773
icelandic,suffix,ic,iceland,True,family,3.26,1.82e-06,0.18848851323127747
correspondence,suffix,ance,correspond,True,family,3.85,7.08e-06,0.18853649497032166
oily,suffix,y,oil,True,family,3.35,2.24e-06,0.18861588835716248
creamery,suffix,ory,cream,True,family,2.67,4.68e-07,0.1886700689792633
edgewise,suffix,wise,edge,True,family,2.06,1.15e-07,0.1887025535106659
engender,prefix,en,gender,True,freeroot,2.63,4.27e-07,0.18870499730110168
underwrote,prefix,under,wrote,True,family,1.89,7.76e-08,0.1887275129556656
evidential,suffix,al,evidence,True,freeroot,2.31,2.04e-07,0.18891878426074982
handsomer,suffix,er,handsome,True,family,1.83,6.76e-08,0.18900078535079956
salty,suffix,y,salt,True,family,3.74,5.5e-06,0.18919183313846588
unsealed,prefix,un,seal,True,family,2.66,4.57e-07,0.18923483788967133
deflect,prefix,de,flect,False,family,3.17,1.48e-06,0.18926137685775757
grosser,suffix,er,gross,True,family,2.56,3.63e-07,0.18940632045269012
machinist,suffix,ist,machine,True,family,2.75,5.62e-07,0.18940813839435577
chilly,suffix,y,chill,True,family,3.5,3.16e-06,0.18941740691661835
fantasist,suffix,ist,fantasy,True,family,2.01,1.02e-07,0.1894538551568985
bedecked,prefix,be,deck,True,freeroot,2.16,1.45e-07,0.1894969642162323
shooter,suffix,er,shoot,True,family,4.05,1.12e-05,0.18962746858596802
nucleated,suffix,ate,nucleo,True,family,1.96,9.12e-08,0.18982736766338348
concubinage,suffix,age,concubine,True,freeroot,1.76,5.75e-08,0.18988575041294098
unsheltered,prefix,un,shelter,True,freeroot,1.72,5.25e-08,0.18996241688728333
gaseous,suffix,ious,gas,True,family,2.93,8.51e-07,0.19005979597568512
mutely,suffix,ly,mute,True,family,1.56,3.63e-08,0.1901243031024933
prodigy,suffix,y,prodig,False,family,3.25,1.78e-06,0.1901381015777588
untracked,prefix,un,track,True,family,1.7,5.01e-08,0.19022127985954285
technics,suffix,ics,tech,True,family,2.44,2.75e-07,0.19023621082305908
militarize,suffix,ize,militar,True,family,1.84,6.92e-08,0.19028280675411224
oiler,suffix,er,oil,True,family,2.36,2.29e-07,0.19053372740745544
resale,prefix,re,sale,True,family,3.28,1.91e-06,0.19068259000778198
tubeless,suffix,less,tube,True,family,2.02,1.05e-07,0.19078552722930908
unabated,prefix,un,abate,True,family,2.71,5.13e-07,0.19081442058086395
logical,suffix,al,logic,True,family,4.14,1.38e-05,0.19084569811820984
bencher,suffix,er,bench,True,freeroot,2.03,1.07e-07,0.1908934861421585
outrage,prefix,out,rage,True,family,3.84,6.92e-06,0.19094441831111908
outlaw,prefix,out,law,True,family,3.51,3.24e-06,0.19101153314113617
hapless,suffix,less,hap,True,family,2.88,7.59e-07,0.19105178117752075
monogram,prefix,mono,gram,True,freeroot,3.02,1.05e-06,0.1914043426513672
delectable,suffix,able,delect,False,family,2.7,5.01e-07,0.1914089024066925
hauler,suffix,er,haul,True,family,2.47,2.95e-07,0.1914587765932083
execution,suffix,ion,execute,True,family,4.29,1.95e-05,0.1915341317653656
curtly,suffix,ly,curt,True,freeroot,2.16,1.45e-07,0.19153869152069092
helper,suffix,er,help,True,family,3.41,2.57e-06,0.1915494203567505
forestall,prefix,fore,stall,True,family,2.62,4.17e-07,0.1916595846414566
chasten,suffix,en,chaste,True,family,1.72,5.25e-08,0.1918092519044876
shaven,suffix,en,shave,True,family,2.88,7.59e-07,0.19181303679943085
narcotic,suffix,ic,narco,True,family,3.0,1e-06,0.1918410360813141
harvester,suffix,er,harvest,True,freeroot,2.87,7.41e-07,0.1918792724609375
replay,prefix,re,play,True,family,3.82,6.61e-06,0.19189561903476715
sufferer,suffix,er,suffer,True,family,2.94,8.71e-07,0.19191217422485352
hollander,suffix,er,holand,True,freeroot,2.69,4.9e-07,0.19213441014289856
indictment,suffix,ment,indict,True,family,3.7,5.01e-06,0.19218109548091888
imperious,suffix,ious,empire,True,family,2.66,4.57e-07,0.19222061336040497
microcosm,prefix,micro,cosmo,True,family,2.8,6.31e-07,0.19230765104293823
fallacy,suffix,acy,fall,True,family,3.21,1.62e-06,0.19230809807777405
dispose,prefix,dis,pose,True,family,3.53,3.39e-06,0.19231967628002167
unborn,prefix,un,born,True,family,3.37,2.34e-06,0.19233514368534088
druggist,suffix,ist,drug,True,freeroot,2.15,1.41e-07,0.19234170019626617
intelligence,suffix,ance,intellig,False,family,4.7,5.01e-05,0.19235453009605408
measureless,suffix,less,measure,True,family,1.52,3.31e-08,0.19244694709777832
uphold,prefix,up,hold,True,family,3.52,3.31e-06,0.19246159493923187
deferent,suffix,ant,defer,True,family,1.59,3.89e-08,0.1924859583377838
beset,prefix,be,set,True,family,3.08,1.2e-06,0.19261707365512848
stockists,suffix,ist,stock,True,family,2.1,1.26e-07,0.19262953102588654
earner,suffix,er,earn,True,family,2.94,8.71e-07,0.19263163208961487
hopper,suffix,er,hop,True,freeroot,3.48,3.02e-06,0.19269944727420807
comportment,suffix,ment,comport,True,freeroot,1.74,5.5e-08,0.19272631406784058
preflight,prefix,pre,flight,True,family,2.07,1.17e-07,0.1929083615541458
directness,suffix,ness,direct,True,family,2.48,3.02e-07,0.1929854452610016
hotly,suffix,ly,hot,True,family,2.93,8.51e-07,0.19303150475025177
backfire,prefix,back,fire,True,family,3.11,1.29e-06,0.19303281605243683
obsolescence,suffix,ance,obsolesce,False,family,2.67,4.68e-07,0.19307462871074677
envelopment,suffix,ment,envelop,True,freeroot,1.9,7.94e-08,0.19308900833129883
hoary,suffix,y,hoar,True,freeroot,2.29,1.95e-07,0.19314736127853394
tendency,suffix,ancy,tend,True,family,3.96,9.12e-06,0.19320933520793915
prodigious,suffix,ious,prodig,False,family,2.92,8.32e-07,0.19329498708248138
abstention,suffix,ion,abstin,False,family,2.51,3.24e-07,0.1932990550994873
repot,prefix,re,pot,True,family,1.82,6.61e-08,0.19333435595035553
generate,suffix,ate,gener,True,family,4.22,1.66e-05,0.19333913922309875
outcast,prefix,out,cast,True,family,3.09,1.23e-06,0.19336342811584473
cocky,suffix,y,cock,True,freeroot,3.39,2.45e-06,0.19338159263134003
determinedly,suffix,ly,determine,True,family,2.24,1.74e-07,0.19348406791687012
strewn,suffix,n,strew,True,freeroot,3.08,1.2e-06,0.19365791976451874
frontal,suffix,al,front,True,family,3.48,3.02e-06,0.19374294579029083
brimful,suffix,ful,brim,True,freeroot,1.71,5.13e-08,0.19376245141029358
inquire,prefix,in,quire,True,family,3.38,2.4e-06,0.19377422332763672
firstly,suffix,ly,first,True,freeroot,3.73,5.37e-06,0.19379840791225433
vacuous,suffix,ious,vacu,False,family,2.54,3.47e-07,0.1938834935426712
temperament,suffix,ment,temper,True,family,3.36,2.29e-06,0.19391678273677826
countless,suffix,less,count,True,family,3.96,9.12e-06,0.19395294785499573
countesses,suffix,ess,count,True,family,1.58,3.8e-08,0.1939728856086731
refashion,prefix,re,fashion,True,family,1.74,5.5e-08,0.19400158524513245
remorseful,suffix,ful,remorse,True,family,2.6,3.98e-07,0.19405712187290192
discord,prefix,dis,cord,True,family,3.45,2.82e-06,0.1942289173603058
tenderer,suffix,er,tender,True,family,1.67,4.68e-08,0.19423779845237732
expectedly,suffix,ly,expect,True,family,1.9,7.94e-08,0.19431594014167786
poser,suffix,er,pose,True,family,2.67,4.68e-07,0.19432681798934937
petrify,suffix,ify,petro,True,freeroot,1.67,4.68e-08,0.1943545788526535
sticky,suffix,y,stick,True,family,3.8,6.31e-06,0.19436757266521454
sacral,suffix,al,sacro,True,family,2.52,3.31e-07,0.19449196755886078
wilder,suffix,er,wild,True,family,3.42,2.63e-06,0.19451116025447845
satiety,suffix,ity,satis,True,family,2.49,3.09e-07,0.19454659521579742
envious,suffix,ious,envy,True,family,3.22,1.66e-06,0.1945682018995285
dresser,suffix,er,dress,True,family,3.36,2.29e-06,0.19460391998291016
galatians,suffix,n,galatia,True,freeroot,2.75,5.62e-07,0.19461171329021454
indigenously,suffix,ly,indigenous,True,freeroot,1.89,7.76e-08,0.19464921951293945
foursome,suffix,some,four,True,family,2.75,5.62e-07,0.1946604698896408
superposed,prefix,super,pose,True,family,1.87,7.41e-08,0.19468745589256287
defenceless,suffix,less,defence,True,freeroot,2.82,6.61e-07,0.19468845427036285
respecter,suffix,er,respect,True,family,1.83,6.76e-08,0.19486163556575775
phosphor,suffix,or,phosphor,True,family,2.56,3.63e-07,0.1949581652879715
jealousy,suffix,y,jealous,True,family,3.74,5.5e-06,0.19499896466732025
windward,suffix,ward,wind,True,family,2.79,6.17e-07,0.19502156972885132
dragger,suffix,er,drag,True,freeroot,1.7,5.01e-08,0.19506795704364777
hardy,suffix,y,hard,True,family,3.86,7.24e-06,0.19517995417118073
opportunity,suffix,ity,opportune,True,family,4.95,8.91e-05,0.19518566131591797
greasy,suffix,y,grease,True,family,3.45,2.82e-06,0.19521993398666382
percolator,suffix,or,percolate,True,family,1.99,9.77e-08,0.19532190263271332
evasive,suffix,ive,evade,True,family,3.04,1.1e-06,0.19532954692840576
germinate,suffix,ate,germ,True,family,2.63,4.27e-07,0.1953338086605072
technician,suffix,ian,tech,True,family,3.7,5.01e-06,0.19537650048732758
customary,suffix,ory,custom,True,family,3.53,3.39e-06,0.19538696110248566
launderer,suffix,er,launder,True,family,1.9,7.94e-08,0.19541104137897491
deference,suffix,ance,defer,True,family,2.96,9.12e-07,0.1954469084739685
courteously,suffix,ly,courteous,True,family,2.13,1.35e-07,0.19545699656009674
amiability,suffix,ity,amiable,True,family,1.71,5.13e-08,0.1955820769071579
deepness,suffix,ness,deep,True,family,1.85,7.08e-08,0.19567561149597168
elizabethan,suffix,ian,elizabeth,True,freeroot,3.03,1.07e-06,0.19571012258529663
unattached,prefix,un,attach,True,family,2.68,4.79e-07,0.19576434791088104
credence,suffix,ance,cred,True,family,3.08,1.2e-06,0.1957852989435196
formulate,suffix,ate,formul,False,family,3.23,1.7e-06,0.19579333066940308
sleepy,suffix,y,sleep,True,family,3.68,4.79e-06,0.19582180678844452
punctuality,suffix,ity,punctual,True,family,2.73,5.37e-07,0.19593578577041626
giantess,suffix,ess,giant,True,freeroot,2.05,1.12e-07,0.1959691047668457
londoner,suffix,er,london,True,freeroot,2.45,2.82e-07,0.19619515538215637
convert,prefix,co,vert,True,family,4.11,1.29e-05,0.1963323950767517
gazer,suffix,er,gaze,True,freeroot,1.96,9.12e-08,0.19649450480937958
racy,suffix,y,race,True,family,2.82,6.61e-07,0.19653457403182983
beefy,suffix,y,beef,True,freeroot,2.74,5.5e-07,0.1966249793767929
disregard,prefix,dis,regard,True,family,3.66,4.57e-06,0.19665679335594177
forehand,prefix,fore,hand,True,family,2.7,5.01e-07,0.19667519629001617
furriers,suffix,er,fur,True,family,1.51,3.24e-08,0.1966872662305832
puffy,suffix,y,puff,True,family,3.13,1.35e-06,0.19676731526851654
riveter,suffix,er,rivet,True,freeroot,2.08,1.2e-07,0.19687910377979279
unparalleled,prefix,un,parallel,True,family,3.2,1.58e-06,0.19694474339485168
probity,suffix,ity,prob,True,family,2.39,2.45e-07,0.19700422883033752
tickler,suffix,er,tickle,True,family,2.14,1.38e-07,0.1970820426940918
leafy,suffix,y,leaf,True,family,3.3,2e-06,0.1971278041601181
domineering,suffix,eer,domin,True,family,2.69,4.9e-07,0.1972189098596573
thankless,suffix,less,thank,True,family,2.61,4.07e-07,0.1972527951002121
emboss,prefix,en,boss,True,family,1.67,4.68e-08,0.19727055728435516
rounder,suffix,er,round,True,family,3.3,2e-06,0.19729527831077576
conventional,suffix,al,convention,True,freeroot,4.25,1.78e-05,0.19731850922107697
puckish,suffix,ish,puck,True,freeroot,1.5,3.16e-08,0.19732791185379028
habitual,suffix,al,habit,True,family,3.14,1.38e-06,0.19749777019023895
caterer,suffix,er,cater,True,freeroot,2.73,5.37e-07,0.19752196967601776
tameness,suffix,ness,tame,True,family,1.54,3.47e-08,0.1976754516363144
procurer,suffix,er,procure,True,family,1.81,6.46e-08,0.19769202172756195
adjust,prefix,a,just,True,family,4.07,1.17e-05,0.19769500195980072
peeper,suffix,er,peep,True,freeroot,1.88,7.59e-08,0.19774773716926575
security,suffix,ity,secure,True,family,5.2,0.000158,0.19778837263584137
original,suffix,al,origin,True,family,5.16,0.000145,0.19780103862285614
flotation,suffix,ion,float,True,family,3.13,1.35e-06,0.19791097939014435
quitter,suffix,er,quit,True,family,2.56,3.63e-07,0.19794991612434387
laundry,suffix,y,launder,True,family,4.06,1.15e-05,0.19804471731185913
confiscation,suffix,ion,confiscate,True,family,2.99,9.77e-07,0.19812658429145813
demand,prefix,de,mand,True,family,4.84,6.92e-05,0.19822295010089874
overthrew,prefix,over,threw,True,freeroot,2.88,7.59e-07,0.19824612140655518
equate,suffix,ate,equi,True,family,3.2,1.58e-06,0.19832903146743774
wistful,suffix,ful,wist,True,freeroot,2.71,5.13e-07,0.1983502060174942
conferees,suffix,ee,confer,True,family,1.71,5.13e-08,0.19849132001399994
defendant,suffix,ant,defend,True,family,3.98,9.55e-06,0.1985263079404831
pinker,suffix,er,pink,True,family,2.54,3.47e-07,0.19857756793498993
baggage,suffix,age,bag,True,family,3.74,5.5e-06,0.19863368570804596
innocuous,suffix,ious,innoc,False,family,3.06,1.15e-06,0.19865910708904266
whisperer,suffix,er,whisper,True,freeroot,2.81,6.46e-07,0.19869458675384521
credible,suffix,able,cred,True,family,3.77,5.89e-06,0.19873833656311035
impulse,prefix,in,pulse,True,family,3.72,5.25e-06,0.19876691699028015
gorgeously,suffix,ly,gorgeous,True,family,2.44,2.75e-07,0.19895640015602112
graven,suffix,en,grave,True,family,2.23,1.7e-07,0.19911949336528778
append,prefix,a,pend,True,family,2.64,4.37e-07,0.19912570714950562
depravation,suffix,ion,deprave,False,family,1.54,3.47e-08,0.19917908310890198
bracelet,suffix,let,brace,True,freeroot,3.7,5.01e-06,0.19920484721660614
rerun,prefix,re,run,True,family,2.9,7.94e-07,0.19921374320983887
boric,suffix,ic,bor,True,family,2.31,2.04e-07,0.19923996925354004
curative,suffix,ive,cure,True,family,2.66,4.57e-07,0.1993013322353363
plantation,suffix,ion,plant,True,family,3.72,5.25e-06,0.19950084388256073
imminent,suffix,ant,immin,False,family,3.67,4.68e-06,0.19953496754169464
grower,suffix,er,grow,True,family,3.02,1.05e-06,0.1995808184146881
desiccant,suffix,ant,desicc,False,family,2.04,1.1e-07,0.19959338009357452
lusher,suffix,er,lush,True,freeroot,1.62,4.17e-08,0.19969990849494934
unflattering,prefix,un,flatter,True,family,2.76,5.75e-07,0.19970297813415527
rasher,suffix,er,rash,True,family,1.67,4.68e-08,0.19972629845142365
subsume,prefix,sub,sume,False,family,1.97,9.33e-08,0.1998480260372162
hanger,suffix,er,hang,True,family,3.24,1.74e-06,0.19986550509929657
climatic,suffix,ic,climate,True,family,3.2,1.58e-06,0.19988374412059784
forgetful,suffix,ful,forget,True,family,2.87,7.41e-07,0.19993750751018524
chunky,suffix,y,chunk,True,freeroot,3.31,2.04e-06,0.19997064769268036
motorized,suffix,ize,motor,True,family,3.12,1.32e-06,0.20005884766578674
impervious,prefix,im,pervious,True,freeroot,2.88,7.59e-07,0.2001965343952179
whitely,suffix,ly,white,True,family,1.99,9.77e-08,0.20022590458393097
porky,suffix,y,pork,True,family,2.67,4.68e-07,0.20040175318717957
aurally,suffix,ly,aural,True,family,1.72,5.25e-08,0.2004280686378479
residuary,suffix,ory,residue,True,family,1.78,6.03e-08,0.2004733830690384
focus,suffix,us,foc,True,family,5.0,0.0001,0.20048129558563232
pensionable,suffix,able,pension,True,family,1.92,8.32e-08,0.20052886009216309
condemnation,suffix,ion,condemn,True,family,3.52,3.31e-06,0.2005968689918518
moonless,suffix,less,moon,True,family,2.06,1.15e-07,0.2006162703037262
growth,suffix,th,grow,True,family,5.03,0.000107,0.20062585175037384
purposive,suffix,ive,purpose,True,family,1.97,9.33e-08,0.20065122842788696
divisive,suffix,ive,divide,True,family,3.34,2.19e-06,0.20069849491119385
midair,prefix,mid,air,True,family,2.7,5.01e-07,0.20080971717834473
straggly,suffix,y,straggle,True,family,1.82,6.61e-08,0.20083488523960114
titular,suffix,ar,title,True,family,2.9,7.94e-07,0.2008737176656723
sightless,suffix,less,sight,True,family,1.93,8.51e-08,0.20088627934455872
depositor,suffix,or,deposit,True,family,2.13,1.35e-07,0.20096218585968018
livable,suffix,able,live,True,family,2.8,6.31e-07,0.20121736824512482
lawless,suffix,less,law,True,family,3.28,1.91e-06,0.20133031904697418
permeate,suffix,ate,perme,False,family,2.63,4.27e-07,0.20140911638736725
unswerving,prefix,un,swerve,True,freeroot,2.1,1.26e-07,0.20165371894836426
conjoin,prefix,co,join,True,family,1.55,3.55e-08,0.20172184705734253
include,prefix,in,clude,False,family,5.21,0.000162,0.20175820589065552
intelligible,suffix,able,intellig,False,family,2.77,5.89e-07,0.20185503363609314
presume,prefix,pre,sume,False,family,3.62,4.17e-06,0.2018599510192871
cheapen,suffix,en,cheap,True,family,2.18,1.51e-07,0.2020239382982254
derail,prefix,de,rail,True,family,3.08,1.2e-06,0.20202836394309998
annie,suffix,ie,ann,True,family,3.94,8.71e-06,0.20205962657928467
unbridled,prefix,un,bridle,True,freeroot,2.86,7.24e-07,0.20207937061786652
woofer,suffix,er,woof,True,freeroot,2.17,1.48e-07,0.2021341323852539
dipper,suffix,er,dip,True,freeroot,2.83,6.76e-07,0.20213617384433746
enticingly,suffix,ly,entice,True,family,1.73,5.37e-08,0.20215700566768646
coverage,suffix,age,cover,True,family,4.63,4.27e-05,0.20219749212265015
falconry,suffix,ory,falcon,True,family,2.29,1.95e-07,0.202262282371521
mincer,suffix,er,mince,True,freeroot,1.96,9.12e-08,0.2023126482963562
forgettable,suffix,able,forget,True,family,2.87,7.41e-07,0.20231583714485168
scandalize,suffix,ize,scandal,True,family,1.65,4.47e-08,0.20242053270339966
nucleic,suffix,ic,nucleo,True,family,2.91,8.13e-07,0.20246344804763794
intergroup,prefix,inter,group,True,family,2.34,2.19e-07,0.20267969369888306
fruition,suffix,ion,fruit,True,family,3.22,1.66e-06,0.2027062475681305
unaware,prefix,un,aware,True,family,3.87,7.41e-06,0.20270659029483795
rectify,suffix,ify,rect,False,family,3.17,1.48e-06,0.2027910053730011
brotherhood,suffix,hood,brother,True,family,3.85,7.08e-06,0.2027950882911682
uncolored,prefix,un,color,True,family,1.72,5.25e-08,0.20280277729034424
unanswered,prefix,un,answer,True,family,3.31,2.04e-06,0.2028423249721527
oneness,suffix,ness,one,True,freeroot,2.84,6.92e-07,0.2028643935918808
whippy,suffix,y,whip,True,freeroot,1.89,7.76e-08,0.20290452241897583
philanderer,suffix,er,philander,True,freeroot,2.01,1.02e-07,0.20290721952915192
soppy,suffix,y,sop,True,freeroot,2.3,2e-07,0.20292483270168304
formative,suffix,ive,form,True,family,3.27,1.86e-06,0.20293742418289185
compendious,suffix,ious,compend,False,family,1.73,5.37e-08,0.20309026539325714
unsparing,prefix,un,spare,True,family,2.07,1.17e-07,0.20313473045825958
tinny,suffix,y,tin,True,freeroot,2.38,2.4e-07,0.20314456522464752
stirrer,suffix,er,stir,True,freeroot,2.22,1.66e-07,0.20319727063179016
ministry,suffix,y,minister,True,family,4.63,4.27e-05,0.2032446712255478
maceration,suffix,ion,macerate,True,freeroot,1.98,9.55e-08,0.2032577395439148
favorable,suffix,able,favor,True,family,3.85,7.08e-06,0.20339320600032806
supermen,prefix,super,men,True,freeroot,2.22,1.66e-07,0.2034183293581009
blinkers,suffix,er,blink,True,freeroot,2.42,2.63e-07,0.2034468799829483
avidity,suffix,ity,avid,True,family,1.77,5.89e-08,0.20345965027809143
depository,suffix,ory,deposit,True,family,2.94,8.71e-07,0.20349599421024323
implement,prefix,in,plement,False,family,4.2,1.58e-05,0.20350730419158936
chromic,suffix,ic,chrome,True,family,1.8,6.31e-08,0.20359079539775848
planar,suffix,ar,plane,True,family,3.07,1.17e-06,0.20366017520427704
tripper,suffix,er,trip,True,freeroot,2.2,1.58e-07,0.20376937091350555
recant,prefix,re,cant,True,family,2.42,2.63e-07,0.20379725098609924
summery,suffix,y,summer,True,family,2.52,3.31e-07,0.2038162350654602
chicken,suffix,en,chick,True,freeroot,4.63,4.27e-05,0.2038712203502655
ceremonial,suffix,al,ceremony,True,family,3.49,3.09e-06,0.20394548773765564
rudimentary,suffix,ory,rudiment,True,freeroot,3.17,1.48e-06,0.20405399799346924
rower,suffix,er,row,True,freeroot,3.11,1.29e-06,0.20406658947467804
uninjured,prefix,un,injure,True,family,2.65,4.47e-07,0.20409269630908966
inroad,prefix,in,road,True,family,1.63,4.27e-08,0.20410053431987762
stretcher,suffix,er,stretch,True,family,3.23,1.7e-06,0.20410364866256714
organize,suffix,ize,organ,True,family,3.98,9.55e-06,0.20414593815803528
energy,suffix,y,energ,False,family,5.23,0.00017,0.20419445633888245
scratchy,suffix,y,scratch,True,freeroot,2.79,6.17e-07,0.20420899987220764
bumpy,suffix,y,bump,True,family,3.18,1.51e-06,0.20430214703083038
tragical,suffix,al,tragic,True,family,1.74,5.5e-08,0.2043030858039856
merely,suffix,ly,mere,True,family,4.37,2.34e-05,0.20430810749530792
dignify,suffix,ify,dign,False,family,2.34,2.19e-07,0.20440402626991272
elicitation,suffix,ion,elicit,True,freeroot,1.92,8.32e-08,0.20449718832969666
conscientiousness,suffix,ness,conscientious,True,family,2.28,1.91e-07,0.20454080402851105
explicitly,suffix,ly,explicit,True,family,3.96,9.12e-06,0.20462347567081451
divisor,suffix,or,divide,True,family,2.42,2.63e-07,0.20464062690734863
baseless,suffix,less,base,True,family,3.09,1.23e-06,0.20466434955596924
complimentary,suffix,ory,compliment,True,freeroot,3.35,2.24e-06,0.20468713343143463
baker,suffix,er,bake,True,family,4.23,1.7e-05,0.20471599698066711
emblazoned,prefix,en,blazon,True,freeroot,2.69,4.9e-07,0.20489953458309174
stapler,suffix,er,staple,True,freeroot,2.53,3.39e-07,0.20502953231334686
disbelief,prefix,dis,belief,True,family,3.43,2.69e-06,0.20516003668308258
bungler,suffix,er,bungle,True,freeroot,1.54,3.47e-08,0.20523251593112946
sedately,suffix,ly,sedate,True,family,1.54,3.47e-08,0.20531919598579407
embarrassingly,suffix,ly,embarrass,True,family,2.77,5.89e-07,0.20533910393714905
doubly,suffix,y,double,True,family,3.17,1.48e-06,0.20534785091876984
burner,suffix,er,burn,True,family,3.54,3.47e-06,0.20546577870845795
underwood,prefix,under,wood,True,family,3.46,2.88e-06,0.20553162693977356
frustration,suffix,ion,frustrate,True,freeroot,3.97,9.33e-06,0.2055596560239792
confirm,prefix,co,firm,True,family,4.4,2.51e-05,0.20556482672691345
luminous,suffix,ious,lumin,False,family,3.24,1.74e-06,0.20566251873970032
thankful,suffix,ful,thank,True,family,3.93,8.51e-06,0.20569144189357758
gaiety,suffix,ity,gay,True,family,2.57,3.72e-07,0.20570126175880432
salivate,suffix,ate,saliva,True,family,2.12,1.32e-07,0.20570911467075348
dalliance,suffix,ance,dally,True,freeroot,2.24,1.74e-07,0.20571018755435944
ruminant,suffix,ant,rumin,False,family,2.09,1.23e-07,0.2057143598794937
totalitarian,suffix,ian,total,True,family,3.21,1.62e-06,0.20577643811702728
elephantiasis,suffix,sis,elephant,True,family,1.67,4.68e-08,0.20581522583961487
dermatitis,suffix,itis,derm,True,freeroot,2.91,8.13e-07,0.2058417648077011
decant,prefix,de,cant,True,family,2.2,1.58e-07,0.20597589015960693
stewardess,suffix,ess,steward,True,family,2.62,4.17e-07,0.20598377287387848
rambler,suffix,er,ramble,True,freeroot,2.63,4.27e-07,0.2060934454202652
sucker,suffix,er,suck,True,family,3.59,3.89e-06,0.2061564028263092
overtop,prefix,over,top,True,family,1.88,7.59e-08,0.20622433722019196
panellist,suffix,ist,panel,True,family,2.19,1.55e-07,0.20627953112125397
ticklish,suffix,ish,tickle,True,family,2.62,4.17e-07,0.20632213354110718
luddite,suffix,ite,ludd,True,freeroot,2.24,1.74e-07,0.20634014904499054
grossly,suffix,ly,gross,True,family,3.33,2.14e-06,0.20646166801452637
runner,suffix,er,run,True,family,4.18,1.51e-05,0.20653203129768372
voracity,suffix,ity,vorac,False,family,1.6,3.98e-08,0.2065347582101822
jealously,suffix,ly,jealous,True,family,2.67,4.68e-07,0.2065640091896057
syllabary,suffix,ory,syllab,False,family,1.74,5.5e-08,0.2066013664007187
overgrazing,prefix,over,graze,True,family,2.09,1.23e-07,0.20669598877429962
duly,suffix,ly,due,True,family,3.44,2.75e-06,0.20672495663166046
toucher,suffix,er,touch,True,family,1.74,5.5e-08,0.20691286027431488
entirety,suffix,ity,entire,True,family,3.69,4.9e-06,0.20691350102424622
tamer,suffix,er,tame,True,family,2.74,5.5e-07,0.2069399207830429
sacker,suffix,er,sack,True,freeroot,1.63,4.27e-08,0.2069532722234726
wormy,suffix,y,worm,True,freeroot,2.03,1.07e-07,0.20698153972625732
idler,suffix,er,idle,True,family,2.3,2e-07,0.20699922740459442
misgiving,prefix,mis,give,True,family,1.58,3.8e-08,0.20700636506080627
permanence,suffix,ance,perman,True,family,2.76,5.75e-07,0.20706483721733093
arisen,prefix,a,risen,True,freeroot,3.2,1.58e-06,0.20709647238254547
upgrade,prefix,up,grade,True,family,4.24,1.74e-05,0.20729447901248932
enrage,prefix,en,rage,True,family,2.38,2.4e-07,0.2073267698287964
communicate,suffix,ate,communic,False,family,4.2,1.58e-05,0.20738227665424347
reliable,suffix,able,rely,True,family,4.29,1.95e-05,0.20745448768138885
suitor,suffix,or,suit,True,family,2.98,9.55e-07,0.2074672281742096
gravitation,suffix,ion,gravitate,True,freeroot,2.67,4.68e-07,0.20758742094039917
utterance,suffix,ance,utter,True,family,2.72,5.25e-07,0.20779834687709808
finder,suffix,er,find,True,freeroot,3.28,1.91e-06,0.20786096155643463
toiler,suffix,er,toil,True,freeroot,1.61,4.07e-08,0.20791763067245483
stalker,suffix,er,stalk,True,freeroot,3.45,2.82e-06,0.20810182392597198
scarcely,suffix,ly,scarce,True,family,3.33,2.14e-06,0.20812101662158966
gladly,suffix,ly,glad,True,family,3.67,4.68e-06,0.20816393196582794
filler,suffix,er,fill,True,family,3.42,2.63e-06,0.20822839438915253
instruct,prefix,in,struct,True,family,3.31,2.04e-06,0.2082681506872177
unguided,prefix,un,guide,True,family,2.26,1.82e-07,0.20831629633903503
bashful,suffix,ful,bash,True,freeroot,2.54,3.47e-07,0.2083318829536438
twiggy,suffix,y,twig,True,freeroot,2.44,2.75e-07,0.20843908190727234
soaker,suffix,er,soak,True,freeroot,2.18,1.51e-07,0.2086489498615265
finnish,suffix,ish,finn,True,freeroot,3.67,4.68e-06,0.2087903916835785
usurer,suffix,er,usur,False,family,1.7,5.01e-08,0.20880047976970673
unbutton,prefix,un,button,True,freeroot,2.15,1.41e-07,0.20884530246257782
deanery,suffix,ory,dean,True,freeroot,2.23,1.7e-07,0.2088705450296402
computer,suffix,er,compute,True,family,4.97,9.33e-05,0.20904211699962616
pasteurize,suffix,ize,pasteur,True,freeroot,1.51,3.24e-08,0.2091842144727707
unnerve,prefix,un,nerve,True,family,1.91,8.13e-08,0.2091909945011139
rapidly,suffix,ly,rapid,True,family,4.34,2.19e-05,0.2093106508255005
rattler,suffix,er,rattle,True,freeroot,2.32,2.09e-07,0.20935402810573578
quieten,suffix,en,quiet,True,family,2.01,1.02e-07,0.2093936800956726
laxative,suffix,ive,lax,True,family,2.66,4.57e-07,0.20939934253692627
disturber,suffix,er,disturb,True,family,1.76,5.75e-08,0.20940691232681274
outfox,prefix,out,fox,True,family,1.68,4.79e-08,0.2095038890838623
faker,suffix,er,fake,True,freeroot,2.81,6.46e-07,0.2095099538564682
compellingly,suffix,ly,compel,True,freeroot,2.08,1.2e-07,0.20952999591827393
compress,prefix,co,press,True,family,3.07,1.17e-06,0.20957128703594208
alarmist,suffix,ist,alarm,True,family,2.56,3.63e-07,0.20959849655628204
imprison,prefix,in,prison,True,family,2.87,7.41e-07,0.2096094936132431
alertness,suffix,ness,alert,True,family,2.75,5.62e-07,0.20961317420005798
chicanery,suffix,ory,chicane,True,freeroot,2.24,1.74e-07,0.20962902903556824
mistook,prefix,mis,took,True,family,3.07,1.17e-06,0.20973773300647736
maternal,suffix,al,mater,True,family,3.77,5.89e-06,0.20979629456996918
beneficence,suffix,ance,benefice,True,family,2.02,1.05e-07,0.20995976030826569
liberate,suffix,ate,liber,True,family,3.24,1.74e-06,0.2099762111902237
cessation,suffix,ion,cess,True,family,3.25,1.78e-06,0.2099972665309906
reagent,prefix,re,agent,True,freeroot,2.88,7.59e-07,0.21000055968761444
waxen,suffix,en,wax,True,family,1.69,4.9e-08,0.21006934344768524
slighter,suffix,er,slight,True,family,1.8,6.31e-08,0.21015213429927826
denuded,prefix,de,nude,True,family,2.21,1.62e-07,0.21017585694789886
overshoes,prefix,over,shoe,True,freeroot,1.51,3.24e-08,0.21019704639911652
shirkers,suffix,er,shirk,True,freeroot,1.6,3.98e-08,0.21025559306144714
hornless,suffix,less,horn,True,family,1.51,3.24e-08,0.21037374436855316
woolen,suffix,en,wool,True,family,2.7,5.01e-07,0.2103801816701889
remake,prefix,re,make,True,family,3.79,6.17e-06,0.2104228138923645
greaser,suffix,er,grease,True,family,2.12,1.32e-07,0.21050763130187988
populate,suffix,ate,popul,False,family,2.87,7.41e-07,0.21063970029354095
sunny,suffix,y,sun,True,family,4.07,1.17e-05,0.21064788103103638
loony,suffix,y,loon,True,freeroot,2.78,6.03e-07,0.21078908443450928
shifty,suffix,y,shift,True,family,2.77,5.89e-07,0.21095417439937592
bruiser,suffix,er,bruise,True,freeroot,2.6,3.98e-07,0.21097742021083832
assessor,suffix,or,assess,True,family,2.88,7.59e-07,0.2109813094139099
wiggler,suffix,er,wiggle,True,freeroot,1.72,5.25e-08,0.21098904311656952
blessedness,suffix,ness,bless,True,family,1.89,7.76e-08,0.21099916100502014
partial,suffix,al,part,True,family,4.17,1.48e-05,0.21100927889347076
wretchedly,suffix,ly,wretch,True,family,1.78,6.03e-08,0.21105897426605225
luxuriant,suffix,ant,luxury,True,family,2.35,2.24e-07,0.21112757921218872
penetrate,suffix,ate,penetr,False,family,3.55,3.55e-06,0.21113459765911102
swallower,suffix,er,swallow,True,freeroot,1.84,6.92e-08,0.21116521954536438
hunter,suffix,er,hunt,True,family,4.37,2.34e-05,0.2112274169921875
transpose,prefix,trans,pose,True,family,2.54,3.47e-07,0.21124005317687988
recount,prefix,re,count,True,family,3.24,1.74e-06,0.21124230325222015
unchanged,prefix,un,change,True,family,3.74,5.5e-06,0.2112802416086197
prohibit,prefix,pro,hibit,False,family,3.51,3.24e-06,0.21128487586975098
incurious,prefix,im,curious,True,family,1.64,4.37e-08,0.21139542758464813
polyether,prefix,poly,ether,True,family,1.9,7.94e-08,0.21151703596115112
submissive,suffix,ive,submit,True,family,3.25,1.78e-06,0.21151798963546753
snooty,suffix,y,snoot,True,freeroot,2.55,3.55e-07,0.21152743697166443
reborn,prefix,re,born,True,family,3.39,2.45e-06,0.2115934044122696
fictive,suffix,ive,fict,False,family,2.16,1.45e-07,0.21167123317718506
dreamless,suffix,less,dream,True,family,1.98,9.55e-08,0.2117258906364441
automatics,suffix,ic,automata,True,freeroot,2.27,1.86e-07,0.2118065357208252
unprincipled,prefix,un,principle,True,freeroot,2.3,2e-07,0.2118118405342102
georgian,suffix,ian,george,True,freeroot,3.51,3.24e-06,0.2118379771709442
overlapped,prefix,over,lapp,True,freeroot,2.78,6.03e-07,0.21184203028678894
clanger,suffix,er,clang,True,freeroot,1.73,5.37e-08,0.21188226342201233
waspish,suffix,ish,wasp,True,freeroot,1.59,3.89e-08,0.21194124221801758
ocular,suffix,ar,ocul,False,family,2.94,8.71e-07,0.211955726146698
unhurried,prefix,un,hurry,True,family,2.15,1.41e-07,0.21201220154762268
untouched,prefix,un,touch,True,family,3.42,2.63e-06,0.21206265687942505
eerily,suffix,ly,eery,True,family,2.88,7.59e-07,0.2121344804763794
unsung,prefix,un,sung,True,freeroot,2.91,8.13e-07,0.2121671736240387
biotic,suffix,ic,bio,True,freeroot,2.66,4.57e-07,0.21222175657749176
stingless,suffix,less,sting,True,family,1.6,3.98e-08,0.2122870236635208
reiterate,prefix,re,iterate,True,family,3.13,1.35e-06,0.21232685446739197
gleaner,suffix,er,glean,True,freeroot,2.19,1.55e-07,0.21237945556640625
seasonal,suffix,al,season,True,family,3.98,9.55e-06,0.21241453289985657
singlet,suffix,et,single,True,family,2.67,4.68e-07,0.21244081854820251
fraternize,suffix,ize,fratern,False,family,1.77,5.89e-08,0.2124529927968979
bearable,suffix,able,bear,True,family,2.89,7.76e-07,0.21255123615264893
femoral,suffix,al,femora,True,freeroot,2.89,7.76e-07,0.21282917261123657
crummy,suffix,y,crum,True,freeroot,2.58,3.8e-07,0.21283835172653198
penalty,suffix,ity,penal,True,family,4.45,2.82e-05,0.2128407508134842
needful,suffix,ful,need,True,family,2.54,3.47e-07,0.21289224922657013
executor,suffix,or,execute,True,family,2.97,9.33e-07,0.21294984221458435
elective,suffix,ive,electr,False,family,3.32,2.09e-06,0.21295343339443207
transferable,suffix,able,transfer,True,family,3.06,1.15e-06,0.2129538506269455
rateable,suffix,able,rate,True,family,1.98,9.55e-08,0.2130299061536789
momentous,suffix,ious,moment,True,family,3.11,1.29e-06,0.21304455399513245
mortician,suffix,ian,mort,True,family,2.2,1.58e-07,0.2130647748708725
apprehend,prefix,a,prehend,False,family,3.02,1.05e-06,0.21309754252433777
straggler,suffix,er,straggle,True,family,1.96,9.12e-08,0.21311132609844208
venerate,suffix,ate,vener,True,family,2.28,1.91e-07,0.21315522491931915
unearned,prefix,un,earn,True,family,2.71,5.13e-07,0.21323402225971222
disrepute,prefix,dis,repute,True,family,2.53,3.39e-07,0.21334335207939148
aptly,suffix,ly,apt,True,family,3.12,1.32e-06,0.2135501652956009
vertebrate,suffix,ate,vertebr,False,family,2.97,9.33e-07,0.2136964499950409
jansenist,suffix,ist,jansen,True,freeroot,1.57,3.72e-08,0.2137172967195511
bowler,suffix,er,bowl,True,freeroot,3.48,3.02e-06,0.2138434648513794
breakable,suffix,able,break,True,family,2.42,2.63e-07,0.21394367516040802
trackless,suffix,less,track,True,family,2.02,1.05e-07,0.21407204866409302
optimism,suffix,ism,optim,False,family,3.66,4.57e-06,0.2142408788204193
mineralogist,suffix,ist,mineral,True,family,2.08,1.2e-07,0.21427135169506073
beatitude,suffix,itude,beat,True,family,1.96,9.12e-08,0.21429431438446045
eventful,suffix,ful,event,True,family,3.02,1.05e-06,0.21445509791374207
latinized,suffix,ize,latin,True,freeroot,1.83,6.76e-08,0.2144940197467804
overfly,prefix,over,fly,True,family,1.52,3.31e-08,0.21456128358840942
renew,prefix,re,new,True,family,3.73,5.37e-06,0.2145736962556839
vaporous,suffix,ious,vapor,True,family,1.81,6.46e-08,0.214583620429039
launderette,suffix,ette,launder,True,family,1.93,8.51e-08,0.21478721499443054
underfloor,prefix,under,floor,True,freeroot,2.23,1.7e-07,0.21487632393836975
unseat,prefix,un,seat,True,freeroot,2.59,3.89e-07,0.21492663025856018
giver,suffix,er,give,True,family,3.2,1.58e-06,0.2150062918663025
unbinding,prefix,un,bind,True,family,1.63,4.27e-08,0.2151292860507965
pushy,suffix,y,push,True,family,3.0,1e-06,0.21514485776424408
unwed,prefix,un,wed,True,freeroot,2.52,3.31e-07,0.2151826024055481
enclose,prefix,en,close,True,family,2.77,5.89e-07,0.21528702974319458
sorption,suffix,ion,sorb,False,family,2.25,1.78e-07,0.21532897651195526
reforest,prefix,re,forest,True,family,1.63,4.27e-08,0.21539080142974854
mortuary,suffix,ory,mort,True,family,3.04,1.1e-06,0.215401753783226
infernal,suffix,al,infern,False,family,3.0,1e-06,0.21543994545936584
drunker,suffix,er,drunk,True,family,2.14,1.38e-07,0.21545661985874176
dissenter,suffix,er,dissent,True,family,2.26,1.82e-07,0.21554307639598846
lounger,suffix,er,lounge,True,freeroot,2.17,1.48e-07,0.2155597060918808
subsist,prefix,sub,sist,False,family,2.55,3.55e-07,0.21557889878749847
simultaneous,suffix,ious,simultane,False,family,3.53,3.39e-06,0.2156250774860382
incandescent,suffix,ant,incandesce,False,family,3.02,1.05e-06,0.2157338559627533
sadden,suffix,en,sad,True,family,2.04,1.1e-07,0.21573689579963684
impeller,suffix,er,impel,True,freeroot,2.44,2.75e-07,0.21583446860313416
congestion,suffix,ion,congest,True,family,3.66,4.57e-06,0.21587033569812775
virginal,suffix,al,virgin,True,family,2.47,2.95e-07,0.21591414511203766
referable,suffix,able,refer,True,family,1.67,4.68e-08,0.21602997183799744
unalloyed,prefix,un,alloy,True,freeroot,2.03,1.07e-07,0.21617728471755981
eraser,suffix,er,erase,True,family,2.94,8.71e-07,0.2161901593208313
bostonian,suffix,ian,boston,True,freeroot,2.17,1.48e-07,0.21625582873821259
breathy,suffix,y,breath,True,family,2.34,2.19e-07,0.21627353131771088
modulate,suffix,ate,module,True,family,2.74,5.5e-07,0.21636579930782318
desirous,suffix,ious,desire,True,family,2.54,3.47e-07,0.21639184653759003
pensioner,suffix,er,pension,True,family,2.87,7.41e-07,0.21643657982349396
digraph,prefix,di,graph,True,family,1.89,7.76e-08,0.21644391119480133
hoarsely,suffix,ly,hoarse,True,family,2.0,1e-07,0.21652312576770782
dilatory,suffix,ory,dilate,True,family,1.83,6.76e-08,0.2165440022945404
trooper,suffix,er,troop,True,family,3.42,2.63e-06,0.2166987657546997
laryngeal,suffix,al,laryng,False,family,2.43,2.69e-07,0.21681082248687744
armorial,suffix,al,armor,True,family,2.17,1.48e-07,0.21682308614253998
debater,suffix,er,debate,True,family,2.4,2.51e-07,0.21687743067741394
pussy,suffix,y,puss,True,freeroot,4.24,1.74e-05,0.21688763797283173
ravenous,suffix,ious,raven,True,freeroot,2.76,5.75e-07,0.21693940460681915
blown,suffix,n,blow,True,family,4.21,1.62e-05,0.2170148491859436
topless,suffix,less,top,True,family,3.36,2.29e-06,0.2170509397983551
marriageable,suffix,able,marriage,True,family,2.1,1.26e-07,0.2170700877904892
polymorph,prefix,poly,morph,True,freeroot,1.98,9.55e-08,0.21710413694381714
afrikaner,suffix,er,afrikan,True,freeroot,2.47,2.95e-07,0.2173464298248291
austerely,suffix,ly,austere,True,family,1.6,3.98e-08,0.21734993159770966
caudal,suffix,al,cauda,True,freeroot,2.78,6.03e-07,0.21739885210990906
mentality,suffix,ity,mental,True,family,3.76,5.75e-06,0.21740983426570892
freezer,suffix,er,freeze,True,family,3.66,4.57e-06,0.21747587621212006
morbidity,suffix,ity,morbid,True,family,2.95,8.91e-07,0.21749180555343628
apartment,suffix,ment,apart,True,freeroot,4.65,4.47e-05,0.21749864518642426
parallelism,suffix,ism,parallel,True,family,2.58,3.8e-07,0.21757860481739044
sapling,suffix,ling,sap,True,family,2.48,3.02e-07,0.21761803328990936
forecourt,prefix,fore,court,True,family,2.51,3.24e-07,0.21767906844615936
fallacious,suffix,ious,fall,True,family,2.64,4.37e-07,0.21770259737968445
syllabi,suffix,i,syllab,False,family,2.26,1.82e-07,0.2177320122718811
bottomless,suffix,less,bottom,True,freeroot,2.96,9.12e-07,0.2177625298500061
latterly,suffix,ly,latter,True,freeroot,2.76,5.75e-07,0.2177640050649643
cyclonic,suffix,ic,cyclone,True,family,2.4,2.51e-07,0.21792496740818024
microsecond,prefix,micro,second,True,family,2.17,1.48e-07,0.2180267572402954
maisonette,suffix,ette,maison,True,freeroot,1.95,8.91e-08,0.21805301308631897
linkage,suffix,age,link,True,family,3.14,1.38e-06,0.21819046139717102
qualifier,suffix,er,qualify,True,family,3.41,2.57e-06,0.21828922629356384
architectonic,suffix,ic,architect,True,family,1.84,6.92e-08,0.21830551326274872
follower,suffix,er,follow,True,freeroot,3.56,3.63e-06,0.21835346519947052
incidence,suffix,ance,incid,False,family,3.64,4.37e-06,0.2183946669101715
heavenly,suffix,ly,heaven,True,family,3.76,5.75e-06,0.21843160688877106
mountainous,suffix,ious,mountain,True,family,3.38,2.4e-06,0.2184942364692688
neighborhood,suffix,hood,neighbor,True,freeroot,4.5,3.16e-05,0.21849891543388367
unsupported,prefix,un,support,True,family,2.99,9.77e-07,0.2184993177652359
weakly,suffix,ly,weak,True,family,3.17,1.48e-06,0.21873721480369568
pinkie,suffix,y,pink,True,family,2.86,7.24e-07,0.2187597155570984
satisfy,suffix,ify,satis,True,family,3.98,9.55e-06,0.2187933623790741
festal,suffix,al,fest,True,family,1.58,3.8e-08,0.21885205805301666
inapt,prefix,im,apt,True,family,1.58,3.8e-08,0.21889391541481018
undertow,prefix,under,tow,True,freeroot,2.43,2.69e-07,0.21892191469669342
percolation,suffix,ion,percolate,True,family,2.17,1.48e-07,0.2189226597547531
seaward,suffix,ward,sea,True,family,2.48,3.02e-07,0.21894945204257965
underside,prefix,under,side,True,family,3.24,1.74e-06,0.21898648142814636
disturbance,suffix,ance,disturb,True,family,3.61,4.07e-06,0.2192561775445938
filtrate,suffix,ate,filter,True,freeroot,1.88,7.59e-08,0.21941685676574707
seedless,suffix,less,seed,True,family,2.27,1.86e-07,0.2195798009634018
dateless,suffix,less,date,True,family,1.8,6.31e-08,0.21974590420722961
seminar,suffix,ar,semin,True,family,3.77,5.89e-06,0.21976928412914276
wrongful,suffix,ful,wrong,True,family,3.33,2.14e-06,0.2197805494070053
embody,prefix,en,body,True,family,3.17,1.48e-06,0.21981371939182281
examiner,suffix,er,examine,True,family,3.52,3.31e-06,0.2198341339826584
shocker,suffix,er,shock,True,family,3.14,1.38e-06,0.21986617147922516
seasonable,suffix,able,season,True,family,1.72,5.25e-08,0.21986991167068481
mystery,suffix,ory,myst,True,family,4.45,2.82e-05,0.21989797055721283
antifreeze,prefix,anti,freeze,True,family,2.56,3.63e-07,0.21990232169628143
unbending,prefix,un,bend,True,freeroot,2.11,1.29e-07,0.21990840137004852
deafness,suffix,ness,deaf,True,family,2.9,7.94e-07,0.2199367731809616
toady,suffix,y,toad,True,freeroot,2.14,1.38e-07,0.22000481188297272
indirect,prefix,im,direct,True,family,4.0,1e-05,0.22010143101215363
officer,suffix,er,office,True,family,5.03,0.000107,0.22022384405136108
fragmentation,suffix,ion,fragment,True,family,3.23,1.7e-06,0.2202354371547699
savior,suffix,or,save,True,family,3.67,4.68e-06,0.22025804221630096
hooter,suffix,er,hoot,True,freeroot,2.07,1.17e-07,0.22026202082633972
slacker,suffix,er,slack,True,family,2.75,5.62e-07,0.2202695906162262
beastly,suffix,ly,beast,True,family,2.76,5.75e-07,0.220271497964859
slavery,suffix,ory,slave,True,family,4.21,1.62e-05,0.2203921377658844
undertake,prefix,under,take,True,family,3.73,5.37e-06,0.22040410339832306
portrayal,suffix,al,portray,True,family,3.55,3.55e-06,0.22041895985603333
jester,suffix,er,jest,True,freeroot,2.96,9.12e-07,0.2204311043024063
drudgery,suffix,ory,drudge,True,freeroot,2.58,3.8e-07,0.2204512059688568
founder,suffix,er,found,True,family,4.46,2.88e-05,0.2207563817501068
stunningly,suffix,ly,stun,True,family,2.85,7.08e-07,0.2208169400691986
aseptic,prefix,a,septic,True,family,2.23,1.7e-07,0.2210703194141388
maltese,suffix,ese,malt,True,freeroot,3.03,1.07e-06,0.2212550789117813
purportedly,suffix,ly,purport,True,freeroot,2.99,9.77e-07,0.22128380835056305
drinker,suffix,er,drink,True,family,3.18,1.51e-06,0.22138704359531403
landward,suffix,ward,land,True,family,2.18,1.51e-07,0.22139160335063934
acquit,prefix,a,quit,True,family,2.58,3.8e-07,0.22141681611537933
purchaser,suffix,er,purchase,True,family,3.36,2.29e-06,0.2215331643819809
pretender,suffix,er,pretend,True,family,2.8,6.31e-07,0.22158513963222504
effortless,suffix,less,effort,True,freeroot,3.14,1.38e-06,0.22180289030075073
custodial,suffix,al,custody,True,family,3.1,1.26e-06,0.22182564437389374
vegetable,suffix,able,veget,False,family,3.94,8.71e-06,0.2220349758863449
demote,prefix,de,mot,True,family,2.29,1.95e-07,0.22207340598106384
rentable,suffix,able,rent,True,family,1.93,8.51e-08,0.22212915122509003
terrific,suffix,ic,terr,True,family,3.9,7.94e-06,0.22240276634693146
personage,suffix,age,person,True,family,2.38,2.4e-07,0.22240404784679413
polar,suffix,ar,pole,True,family,3.96,9.12e-06,0.22245320677757263
unbound,prefix,un,bound,True,family,2.85,7.08e-07,0.22249852120876312
groggy,suffix,y,grog,True,freeroot,2.61,4.07e-07,0.22263658046722412
masonic,suffix,ic,mason,True,family,3.14,1.38e-06,0.22269323468208313
changeling,suffix,ling,change,True,family,2.58,3.8e-07,0.22276535630226135
libido,suffix,o,libid,False,family,3.06,1.15e-06,0.22281837463378906
joinery,suffix,ory,join,True,family,2.56,3.63e-07,0.22289757430553436
vileness,suffix,ness,vile,True,family,1.78,6.03e-08,0.22299611568450928
defrocked,prefix,de,frock,True,freeroot,1.99,9.77e-08,0.2231970876455307
assistance,suffix,ance,assist,True,family,4.59,3.89e-05,0.223216712474823
shakespearean,suffix,ian,shakespear,True,freeroot,2.88,7.59e-07,0.22332154214382172
unscrew,prefix,un,screw,True,family,2.45,2.82e-07,0.22335349023342133
overcame,prefix,over,came,True,freeroot,3.26,1.82e-06,0.22339385747909546
willowy,suffix,y,willow,True,freeroot,1.93,8.51e-08,0.22340740263462067
placement,suffix,ment,place,True,family,4.04,1.1e-05,0.22342227399349213
moody,suffix,y,mood,True,freeroot,3.7,5.01e-06,0.22349269688129425
uncork,prefix,un,cork,True,family,1.83,6.76e-08,0.22349372506141663
income,prefix,in,come,True,family,4.97,9.33e-05,0.22356058657169342
plummy,suffix,y,plum,True,freeroot,1.71,5.13e-08,0.22359856963157654
reshaped,prefix,re,shape,True,family,2.63,4.27e-07,0.22361434996128082
mentally,suffix,ly,mental,True,family,4.2,1.58e-05,0.2236309051513672
presenter,suffix,er,present,True,family,3.77,5.89e-06,0.22363294661045074
tardy,suffix,y,tard,True,family,2.69,4.9e-07,0.2236355096101761
documentation,suffix,ion,document,True,family,3.95,8.91e-06,0.22365298867225647
resealed,prefix,re,seal,True,family,1.83,6.76e-08,0.22367367148399353
vitalism,suffix,ism,vital,True,family,1.76,5.75e-08,0.22369790077209473
alive,prefix,a,live,True,family,4.76,5.75e-05,0.22375646233558655
lazier,suffix,er,lazy,True,family,2.42,2.63e-07,0.22376394271850586
condemnatory,suffix,ory,condemn,True,family,1.7,5.01e-08,0.22380505502223969
queerness,suffix,ness,queer,True,freeroot,2.14,1.38e-07,0.22388650476932526
ossified,suffix,ify,oss,True,family,2.13,1.35e-07,0.22394946217536926
lordly,suffix,ly,lord,True,family,2.12,1.32e-07,0.2239716500043869
stowage,suffix,age,stow,True,freeroot,2.23,1.7e-07,0.22400715947151184
browner,suffix,er,brown,True,family,2.45,2.82e-07,0.22403879463672638
stretchy,suffix,y,stretch,True,family,2.76,5.75e-07,0.22404588758945465
odorous,suffix,ious,odor,True,family,1.96,9.12e-08,0.22407090663909912
hysteria,suffix,ia,hyster,False,family,3.38,2.4e-06,0.2241094559431076
chastisement,suffix,ment,chastise,True,freeroot,2.2,1.58e-07,0.2242157906293869
olympian,suffix,n,olympia,True,freeroot,3.29,1.95e-06,0.22432374954223633
supermarket,prefix,super,market,True,family,3.78,6.03e-06,0.2244500070810318
lioness,suffix,ess,lion,True,family,2.75,5.62e-07,0.22448484599590302
kisser,suffix,er,kiss,True,freeroot,2.7,5.01e-07,0.22465234994888306
tyrannize,suffix,ize,tyran,True,family,1.52,3.31e-08,0.22468654811382294
tartly,suffix,ly,tart,True,family,1.68,4.79e-08,0.22470924258232117
inconstant,prefix,im,constant,True,family,2.06,1.15e-07,0.22472502291202545
embezzlement,suffix,ment,embezzle,True,family,3.02,1.05e-06,0.2247350513935089
monotype,prefix,mono,typo,True,family,2.31,2.04e-07,0.2248515784740448
fortitude,suffix,itude,fort,True,family,3.15,1.41e-06,0.2248770147562027
solicitor,suffix,or,solicit,True,family,3.69,4.9e-06,0.22493651509284973
procurement,suffix,ment,procure,True,family,3.68,4.79e-06,0.22494029998779297
coldly,suffix,ly,cold,True,family,2.69,4.9e-07,0.2249690741300583
deport,prefix,de,port,True,family,3.18,1.51e-06,0.22498658299446106
viewer,suffix,er,view,True,family,3.77,5.89e-06,0.2250412404537201
nakedly,suffix,ly,naked,True,family,2.03,1.07e-07,0.22505387663841248
simultaneity,suffix,ity,simultane,False,family,1.95,8.91e-08,0.22516077756881714
underage,prefix,under,age,True,family,3.47,2.95e-06,0.22520382702350616
girlie,suffix,y,girl,True,family,2.83,6.76e-07,0.22524261474609375
starry,suffix,y,star,True,family,3.15,1.41e-06,0.22525252401828766
believer,suffix,er,believe,True,family,3.67,4.68e-06,0.22531408071517944
conciliate,suffix,ate,concile,False,family,1.75,5.62e-08,0.2253199815750122
readily,suffix,ly,ready,True,family,3.93,8.51e-06,0.22536197304725647
qualitative,suffix,ive,qualit,False,family,3.45,2.82e-06,0.22539415955543518
snippy,suffix,y,snip,True,family,2.19,1.55e-07,0.2254684567451477
treeless,suffix,less,tree,True,freeroot,2.18,1.51e-07,0.22550219297409058
monkish,suffix,ish,monk,True,freeroot,1.59,3.89e-08,0.2255958616733551
thinkable,suffix,able,think,True,family,1.77,5.89e-08,0.22566701471805573
invulnerable,prefix,im,vulnerable,True,family,2.68,4.79e-07,0.2257026880979538
populous,suffix,ious,popul,False,family,3.41,2.57e-06,0.2257056087255478
luminary,suffix,ory,lumin,False,family,2.39,2.45e-07,0.2257440835237503
sizable,suffix,able,size,True,family,3.37,2.34e-06,0.22579818964004517
furry,suffix,y,fur,True,family,3.56,3.63e-06,0.2259047031402588
naturism,suffix,ism,nature,True,family,1.99,9.77e-08,0.22592315077781677
describe,prefix,de,script,True,family,4.56,3.63e-05,0.2259562909603119
stressful,suffix,ful,stress,True,family,3.88,7.59e-06,0.22603721916675568
gladden,suffix,en,glad,True,family,2.2,1.58e-07,0.2261096090078354
organic,suffix,ic,organ,True,family,4.4,2.51e-05,0.2261897474527359
cupidity,suffix,ity,cupid,True,freeroot,1.62,4.17e-08,0.22629129886627197
conic,suffix,ic,cone,True,freeroot,2.42,2.63e-07,0.22642464935779572
realization,suffix,ion,realize,True,family,3.72,5.25e-06,0.22646109759807587
guarantee,suffix,ee,guarant,False,family,4.44,2.75e-05,0.22650475800037384
virtually,suffix,y,virtual,True,freeroot,4.26,1.82e-05,0.22653527557849884
fleshy,suffix,y,flesh,True,family,2.99,9.77e-07,0.22657592594623566
matchless,suffix,less,match,True,family,2.45,2.82e-07,0.2266024947166443
obligatory,suffix,ory,obligate,True,family,3.39,2.45e-06,0.22664320468902588
mover,suffix,er,move,True,family,3.21,1.62e-06,0.22670619189739227
brazenness,suffix,ness,brazen,True,family,1.59,3.89e-08,0.22686262428760529
daringly,suffix,ly,dare,True,freeroot,2.06,1.15e-07,0.22703099250793457
sweetish,suffix,ish,sweet,True,family,1.55,3.55e-08,0.22705073654651642
stylized,suffix,ize,style,True,family,3.06,1.15e-06,0.22713029384613037
tension,suffix,ion,tense,True,family,4.22,1.66e-05,0.22715215384960175
saturation,suffix,ion,saturate,True,family,3.37,2.34e-06,0.22723603248596191
permissive,suffix,ive,permit,True,family,2.77,5.89e-07,0.22752657532691956
maternity,suffix,ity,mater,True,family,3.66,4.57e-06,0.22757063806056976
spiteful,suffix,ful,spite,True,freeroot,2.92,8.32e-07,0.22761203348636627
mountaineer,suffix,eer,mountain,True,family,2.76,5.75e-07,0.22769731283187866
rewrote,prefix,re,wrote,True,family,2.75,5.62e-07,0.2277025580406189
laudatory,suffix,ory,laud,True,family,2.11,1.29e-07,0.22776122391223907
rhetorical,suffix,al,rhetoric,True,family,3.38,2.4e-06,0.22783510386943817
scripture,suffix,ure,script,True,family,3.77,5.89e-06,0.22796519100666046
overspill,prefix,over,spill,True,family,1.88,7.59e-08,0.22813186049461365
frosty,suffix,y,frost,True,family,3.2,1.58e-06,0.22815990447998047
symbolist,suffix,ist,symbol,True,family,2.13,1.35e-07,0.2282184213399887
huntress,suffix,ess,hunt,True,family,2.61,4.07e-07,0.2282366305589676
inhibit,prefix,in,hibit,False,family,3.34,2.19e-06,0.2282634824514389
musketeer,suffix,eer,musket,True,family,2.32,2.09e-07,0.22831282019615173
meekly,suffix,ly,meek,True,family,2.53,3.39e-07,0.2284485548734665
tartaric,suffix,ic,tartar,True,freeroot,1.87,7.41e-08,0.22844889760017395
architecture,suffix,ure,architect,True,family,4.42,2.63e-05,0.22857700288295746
cultivable,suffix,able,cultiv,False,family,2.0,1e-07,0.22860872745513916
consignment,suffix,ment,consign,True,family,3.0,1e-06,0.22868172824382782
transpire,prefix,trans,spir,True,family,2.36,2.29e-07,0.22873903810977936
magnetize,suffix,ize,magnet,True,family,1.86,7.24e-08,0.22881139814853668
substandard,prefix,sub,standard,True,family,2.96,9.12e-07,0.22887183725833893
bewilder,prefix,be,wilder,True,freeroot,1.74,5.5e-08,0.22891592979431152
sponsorship,suffix,ship,sponsor,True,family,3.72,5.25e-06,0.2289448082447052
subtract,prefix,sub,tract,True,family,3.1,1.26e-06,0.22894877195358276
holier,suffix,er,holy,True,family,2.55,3.55e-07,0.22895975410938263
unchallenged,prefix,un,challenge,True,family,2.87,7.41e-07,0.229141503572464
slightest,suffix,est,slight,True,family,3.77,5.89e-06,0.22914502024650574
capricious,suffix,ious,caprice,True,freeroot,2.79,6.17e-07,0.22924290597438812
ulceration,suffix,ion,ulcer,True,family,2.18,1.51e-07,0.22931158542633057
propeller,suffix,er,propel,True,family,3.33,2.14e-06,0.22941966354846954
undercover,prefix,under,cover,True,family,3.77,5.89e-06,0.22944523394107819
potency,suffix,ancy,pot,True,family,3.27,1.86e-06,0.22949108481407166
unqualified,prefix,un,qualify,True,family,3.19,1.55e-06,0.22949174046516418
creditable,suffix,able,credit,True,family,2.52,3.31e-07,0.22950142621994019
administer,prefix,a,minister,True,family,3.54,3.47e-06,0.22954291105270386
toryism,suffix,ism,tory,True,freeroot,1.73,5.37e-08,0.22955524921417236
catechism,suffix,ism,catech,False,family,2.92,8.32e-07,0.22956007719039917
myelitis,suffix,itis,myel,False,family,1.84,6.92e-08,0.22956080734729767
indictable,suffix,able,indict,True,family,2.33,2.14e-07,0.22962802648544312
pursuer,suffix,er,pursue,True,family,2.35,2.24e-07,0.229714497923851
visitation,suffix,ion,visit,True,family,3.34,2.19e-06,0.22979193925857544
changeless,suffix,less,change,True,family,1.76,5.75e-08,0.22980043292045593
junkie,suffix,y,junk,True,freeroot,3.27,1.86e-06,0.22985593974590302
prescribe,prefix,pre,script,True,family,3.39,2.45e-06,0.22992798686027527
sorely,suffix,ly,sore,True,family,3.19,1.55e-06,0.2299572080373764
spreadable,suffix,able,spread,True,family,1.9,7.94e-08,0.2299894243478775
colossi,suffix,i,coloss,False,family,1.86,7.24e-08,0.2300039678812027
basic,suffix,ic,base,True,family,4.89,7.76e-05,0.23016975820064545
obligation,suffix,ion,obligate,True,family,4.07,1.17e-05,0.23021970689296722
guiltless,suffix,less,guilt,True,family,2.0,1e-07,0.23023846745491028
monologue,prefix,mono,log,True,family,3.27,1.86e-06,0.23027276992797852
permeable,suffix,able,perme,False,family,2.76,5.75e-07,0.23032839596271515
logician,suffix,ian,logic,True,family,2.13,1.35e-07,0.23039227724075317
whacker,suffix,er,whack,True,freeroot,1.87,7.41e-08,0.23043058812618256
menstrual,suffix,al,menstru,False,family,3.22,1.66e-06,0.2304460108280182
stimuli,suffix,i,stimul,False,family,3.39,2.45e-06,0.23051172494888306
overhear,prefix,over,hear,True,family,2.65,4.47e-07,0.23052719235420227
devilish,suffix,ish,devil,True,family,2.84,6.92e-07,0.23057790100574493
momentary,suffix,ory,moment,True,family,3.08,1.2e-06,0.23061376810073853
process,prefix,pro,cess,True,family,5.26,0.000182,0.2306801676750183
discoverable,suffix,able,discover,True,family,2.16,1.45e-07,0.2307295948266983
unfeeling,prefix,un,feel,True,family,2.4,2.51e-07,0.23080222308635712
infect,prefix,in,fect,False,family,3.36,2.29e-06,0.23082765936851501
spindly,suffix,y,spindle,True,freeroot,2.31,2.04e-07,0.23114170134067535
twitterers,suffix,er,twitter,True,freeroot,1.58,3.8e-08,0.2311512529850006
smasher,suffix,er,smash,True,freeroot,2.28,1.91e-07,0.2311655879020691
sweater,suffix,er,sweat,True,family,3.78,6.03e-06,0.2312605232000351
stipendiary,suffix,ory,stipend,True,freeroot,1.95,8.91e-08,0.2312614619731903
carbonation,suffix,ion,carbon,True,family,2.4,2.51e-07,0.2313217669725418
doggedness,suffix,ness,dog,True,family,1.55,3.55e-08,0.2314039021730423
municipality,suffix,ity,municipal,True,family,3.71,5.13e-06,0.23150064051151276
homeric,suffix,ic,homer,True,freeroot,2.5,3.16e-07,0.23157207667827606
pithy,suffix,y,pith,True,freeroot,2.61,4.07e-07,0.23158636689186096
curvaceous,suffix,ious,curve,True,family,2.32,2.09e-07,0.2316349744796753
outmatched,prefix,out,match,True,family,2.22,1.66e-07,0.23177871108055115
assemble,prefix,a,semble,False,family,3.64,4.37e-06,0.2318858951330185
dealt,suffix,t,deal,True,family,4.2,1.58e-05,0.23202674090862274
retrace,prefix,re,trace,True,family,2.69,4.9e-07,0.23204132914543152
suddenness,suffix,ness,sudden,True,family,2.05,1.12e-07,0.23204384744167328
sufficient,suffix,ant,suffici,False,family,4.32,2.09e-05,0.2321118414402008
financier,suffix,er,finance,True,family,3.01,1.02e-06,0.23233482241630554
error,suffix,or,err,True,family,4.55,3.55e-05,0.23237107694149017
subgroups,prefix,sub,group,True,family,2.96,9.12e-07,0.23246249556541443
laxer,suffix,er,lax,True,family,1.68,4.79e-08,0.23249389231204987
austerity,suffix,ity,austere,True,family,3.41,2.57e-06,0.23251467943191528
nobility,suffix,ity,noble,True,family,3.47,2.95e-06,0.23261910676956177
throaty,suffix,y,throat,True,freeroot,2.24,1.74e-07,0.23271900415420532
wonderment,suffix,ment,wonder,True,family,2.39,2.45e-07,0.23284707963466644
morbidly,suffix,ly,morbid,True,family,2.58,3.8e-07,0.23298276960849762
incite,prefix,in,cite,True,family,3.12,1.32e-06,0.23299376666545868
commencement,suffix,ment,commence,True,family,3.48,3.02e-06,0.23303407430648804
colossal,suffix,al,coloss,False,family,3.37,2.34e-06,0.23318146169185638
insulate,suffix,ate,insul,False,family,2.83,6.76e-07,0.2332271784543991
yeller,suffix,er,yell,True,freeroot,2.11,1.29e-07,0.23326388001441956
chromium,suffix,ium,chrome,True,family,3.14,1.38e-06,0.23337718844413757
readier,suffix,er,ready,True,family,1.6,3.98e-08,0.2334582507610321
fusion,suffix,ion,fuse,True,family,4.02,1.05e-05,0.23346871137619019
amiably,suffix,y,amiable,True,family,2.02,1.05e-07,0.2336706966161728
granulated,suffix,ate,granule,True,family,2.54,3.47e-07,0.23368024826049805
untie,prefix,un,tie,True,freeroot,2.51,3.24e-07,0.23372972011566162
clannish,suffix,ish,clan,True,freeroot,1.61,4.07e-08,0.23394030332565308
completely,suffix,ly,complete,True,family,5.0,0.0001,0.23396086692810059
primal,suffix,al,prim,True,family,3.32,2.09e-06,0.23397569358348846
solicitation,suffix,ion,solicit,True,family,3.17,1.48e-06,0.23397845029830933
undistinguished,prefix,un,distinguish,True,family,2.3,2e-07,0.23401504755020142
sunless,suffix,less,sun,True,family,2.29,1.95e-07,0.2341143637895584
fineness,suffix,ness,fine,True,family,2.3,2e-07,0.2341385781764984
entomb,prefix,en,tomb,True,freeroot,1.66,4.57e-08,0.2341780960559845
supervise,prefix,super,vise,True,family,3.32,2.09e-06,0.23418627679347992
misbranded,prefix,mis,brand,True,freeroot,1.59,3.89e-08,0.2342519760131836
befall,prefix,be,fall,True,family,2.71,5.13e-07,0.23426589369773865
bummer,suffix,er,bum,True,freeroot,3.2,1.58e-06,0.2342682182788849
slaughterer,suffix,er,slaughter,True,freeroot,1.52,3.31e-08,0.234284445643425
foundling,suffix,ling,found,True,family,2.41,2.57e-07,0.2343960553407669
thinker,suffix,er,think,True,family,3.39,2.45e-06,0.2344130128622055
divest,prefix,di,vest,True,family,2.88,7.59e-07,0.23456592857837677
squeezer,suffix,er,squeeze,True,freeroot,1.88,7.59e-08,0.23468118906021118
irrigate,suffix,ate,irrig,False,family,2.58,3.8e-07,0.23471800982952118
afterlife,prefix,after,life,True,family,3.36,2.29e-06,0.2347918301820755
riotous,suffix,ious,riot,True,family,2.51,3.24e-07,0.23489795625209808
wishful,suffix,ful,wish,True,freeroot,3.11,1.29e-06,0.23498143255710602
menacingly,suffix,ly,menace,True,freeroot,2.41,2.57e-07,0.2349947988986969
decently,suffix,ly,decent,True,family,2.87,7.41e-07,0.23501329123973846
faithless,suffix,less,faith,True,family,2.69,4.9e-07,0.23508486151695251
rewire,prefix,re,wire,True,family,2.45,2.82e-07,0.23509226739406586
deplane,prefix,de,plane,True,family,1.61,4.07e-08,0.23514628410339355
mastership,suffix,ship,master,True,family,1.92,8.32e-08,0.23518715798854828
spiny,suffix,y,spine,True,family,2.64,4.37e-07,0.23532097041606903
exaggeratedly,suffix,ly,exaggerate,True,family,1.78,6.03e-08,0.23541124165058136
interlink,prefix,inter,link,True,family,1.97,9.33e-08,0.23549538850784302
crossword,prefix,cross,word,True,family,3.14,1.38e-06,0.2355370968580246
tragically,suffix,ly,tragic,True,family,3.26,1.82e-06,0.23554730415344238
flattery,suffix,y,flatter,True,family,2.96,9.12e-07,0.23556740581989288
coalescent,suffix,ant,coalesce,True,family,1.64,4.37e-08,0.2355978935956955
affability,suffix,ity,affable,True,family,1.82,6.61e-08,0.2356630563735962
contentedly,suffix,ly,content,True,family,2.21,1.62e-07,0.2356843501329422
penniless,suffix,less,penny,True,freeroot,2.85,7.08e-07,0.23584924638271332
cranial,suffix,al,cranio,False,family,2.99,9.77e-07,0.2358657419681549
persuaders,suffix,er,persuade,True,family,1.7,5.01e-08,0.23593665659427643
unvarnished,prefix,un,varnish,True,freeroot,2.23,1.7e-07,0.23595327138900757
roughage,suffix,age,rough,True,family,1.91,8.13e-08,0.23600973188877106
festive,suffix,ive,fest,True,family,3.58,3.8e-06,0.23602184653282166
except,prefix,ex,cept,True,family,5.02,0.000105,0.23608453571796417
beady,suffix,y,bead,True,freeroot,2.48,3.02e-07,0.236168771982193
reconcile,prefix,re,concile,False,family,3.5,3.16e-06,0.2362058460712433
lucky,suffix,y,luck,True,family,4.77,5.89e-05,0.2362350970506668
jewess,suffix,ess,jew,True,family,1.97,9.33e-08,0.23626644909381866
mocker,suffix,er,mock,True,family,1.64,4.37e-08,0.23641934990882874
maleness,suffix,ness,male,True,freeroot,2.13,1.35e-07,0.23649094998836517
neurotic,suffix,ic,neuro,True,family,3.08,1.2e-06,0.23654314875602722
intervene,prefix,inter,vene,False,family,3.65,4.47e-06,0.2365928292274475
optical,suffix,al,optic,True,family,4.07,1.17e-05,0.23661822080612183
reissue,prefix,re,issue,True,family,3.01,1.02e-06,0.23667694628238678
unlinked,prefix,un,link,True,family,1.93,8.51e-08,0.23678067326545715
irritable,suffix,able,irrit,False,family,3.09,1.23e-06,0.2367868572473526
stopper,suffix,er,stop,True,family,3.09,1.23e-06,0.23679006099700928
forbear,prefix,fore,bear,True,family,2.01,1.02e-07,0.23686961829662323
velar,suffix,ar,vel,True,family,2.3,2e-07,0.23688501119613647
presentable,suffix,able,present,True,family,2.81,6.46e-07,0.23699168860912323
uplands,prefix,up,land,True,family,2.77,5.89e-07,0.2370356023311615
unglued,prefix,un,glue,True,family,2.17,1.48e-07,0.2370358556509018
optician,suffix,ian,optic,True,family,2.41,2.57e-07,0.237116277217865
modish,suffix,ish,mode,True,family,2.13,1.35e-07,0.237140491604805
bagful,suffix,ful,bag,True,family,1.69,4.9e-08,0.23723214864730835
forgone,prefix,fore,gone,True,family,2.23,1.7e-07,0.2372492253780365
fucker,suffix,er,fuck,True,freeroot,3.67,4.68e-06,0.23726022243499756
welder,suffix,er,weld,True,freeroot,2.9,7.94e-07,0.23758533596992493
citizenship,suffix,ship,citizen,True,family,4.1,1.26e-05,0.23761041462421417
suggestion,suffix,ion,suggest,True,family,4.23,1.7e-05,0.23762719333171844
comprehend,prefix,co,prehend,False,family,3.7,5.01e-06,0.23776787519454956
ballistic,suffix,ic,ballist,False,family,3.48,3.02e-06,0.237791046500206
pointedly,suffix,ly,point,True,family,2.73,5.37e-07,0.23797054588794708
marketable,suffix,able,market,True,family,3.06,1.15e-06,0.23800624907016754
saintly,suffix,ly,saint,True,family,2.69,4.9e-07,0.23803205788135529
chastely,suffix,ly,chaste,True,family,1.56,3.63e-08,0.23804214596748352
undermanned,prefix,under,mann,True,family,2.1,1.26e-07,0.2381032109260559
teasingly,suffix,ly,tease,True,family,2.08,1.2e-07,0.2381313294172287
bleakly,suffix,ly,bleak,True,family,1.84,6.92e-08,0.23814009130001068
profusion,suffix,ion,profuse,True,family,2.52,3.31e-07,0.2381584346294403
fiction,suffix,ion,fict,False,family,4.44,2.75e-05,0.238175168633461
systematize,suffix,ize,system,True,family,1.88,7.59e-08,0.23817619681358337
assessment,suffix,ment,assess,True,family,4.46,2.88e-05,0.23818854987621307
adjoin,prefix,a,join,True,family,1.97,9.33e-08,0.23819276690483093
avow,prefix,a,vow,True,freeroot,1.67,4.68e-08,0.23825465142726898
astutely,suffix,ly,astute,True,family,2.13,1.35e-07,0.2383836954832077
lamely,suffix,ly,lame,True,family,1.89,7.76e-08,0.23840898275375366
elderly,suffix,ly,elder,True,freeroot,4.15,1.41e-05,0.23847737908363342
positive,suffix,ive,posit,True,family,4.99,9.77e-05,0.2386726588010788
conflate,prefix,co,flate,False,family,2.4,2.51e-07,0.23873017728328705
circular,suffix,ar,circle,True,family,3.96,9.12e-06,0.23875801265239716
spiky,suffix,y,spike,True,freeroot,2.75,5.62e-07,0.2388482540845871
fitness,suffix,ness,fit,True,family,4.39,2.45e-05,0.23896431922912598
undivided,prefix,un,divide,True,family,3.05,1.12e-06,0.23897753655910492
rioter,suffix,er,riot,True,family,2.08,1.2e-07,0.23898150026798248
unsure,prefix,un,sure,True,family,3.75,5.62e-06,0.23907114565372467
exaggeration,suffix,ion,exaggerate,True,family,3.3,2e-06,0.23914389312267303
pentecostal,suffix,al,pentecost,True,freeroot,2.86,7.24e-07,0.23923419415950775
remount,prefix,re,mount,True,family,2.06,1.15e-07,0.2392534613609314
rightist,suffix,ist,right,True,family,2.43,2.69e-07,0.23925593495368958
organism,suffix,ism,organ,True,family,3.59,3.89e-06,0.23927222192287445
joker,suffix,er,joke,True,family,3.74,5.5e-06,0.23929463326931
wordy,suffix,y,word,True,family,2.56,3.63e-07,0.2392987757921219
detain,prefix,de,tain,True,family,3.21,1.62e-06,0.23940011858940125
prudery,suffix,ory,prud,True,family,1.51,3.24e-08,0.2394361048936844
bedevil,prefix,be,devil,True,family,1.76,5.75e-08,0.2394440621137619
immoderate,prefix,im,moderate,True,family,1.83,6.76e-08,0.2394818663597107
saver,suffix,er,save,True,family,3.27,1.86e-06,0.2394982874393463
vacuum,suffix,ium,vacu,False,family,4.09,1.23e-05,0.23951314389705658
velum,suffix,ium,vel,True,family,1.66,4.57e-08,0.2395777702331543
knobby,suffix,y,knob,True,freeroot,2.12,1.32e-07,0.23963366448879242
cosier,suffix,er,cosy,True,freeroot,1.68,4.79e-08,0.23964789509773254
ceremonious,suffix,ious,ceremony,True,family,1.78,6.03e-08,0.23978370428085327
punchy,suffix,y,punch,True,family,2.75,5.62e-07,0.23982594907283783
coalescence,suffix,ance,coalesce,True,family,2.15,1.41e-07,0.23988233506679535
ruder,suffix,er,rude,True,family,2.13,1.35e-07,0.2399163842201233
graphics,suffix,ics,graph,True,family,4.19,1.55e-05,0.23993170261383057
mechanize,suffix,ize,mechan,False,family,1.59,3.89e-08,0.2399502545595169
cowardly,suffix,ly,coward,True,freeroot,3.42,2.63e-06,0.23996569216251373
ineluctably,suffix,y,ineluctable,True,freeroot,1.56,3.63e-08,0.2400483787059784
calculi,suffix,i,calcul,False,family,1.98,9.55e-08,0.24005645513534546
typist,suffix,ist,typo,True,family,2.63,4.27e-07,0.2401384562253952
refurbish,prefix,re,furbish,True,freeroot,2.57,3.72e-07,0.24016092717647552
fixers,suffix,er,fix,True,family,2.27,1.86e-07,0.24020706117153168
slenderness,suffix,ness,slender,True,freeroot,1.53,3.39e-08,0.24021443724632263
programmer,suffix,er,program,True,freeroot,3.56,3.63e-06,0.2402186095714569
linear,suffix,ar,line,True,family,4.12,1.32e-05,0.24027521908283234
ablation,suffix,ion,ablate,True,family,2.77,5.89e-07,0.24030855298042297
precept,prefix,pre,cept,True,family,2.58,3.8e-07,0.24036040902137756
barely,suffix,ly,bare,True,family,4.49,3.09e-05,0.2403983771800995
hoarder,suffix,er,hoard,True,freeroot,2.66,4.57e-07,0.2404416799545288
borates,suffix,ate,bor,True,family,1.53,3.39e-08,0.24052344262599945
wrinkly,suffix,y,wrinkle,True,freeroot,2.53,3.39e-07,0.24060462415218353
medicate,suffix,ate,medic,True,family,2.48,3.02e-07,0.2407146841287613
manageable,suffix,able,manage,True,family,3.38,2.4e-06,0.24074678122997284
balder,suffix,er,bald,True,family,2.21,1.62e-07,0.24079056084156036
violate,suffix,ate,viol,True,family,3.75,5.62e-06,0.24083539843559265
entrant,suffix,ant,enter,True,family,2.94,8.71e-07,0.2408449947834015
frighten,suffix,en,fright,True,family,3.08,1.2e-06,0.2409355789422989
sociable,suffix,able,socio,True,family,2.97,9.33e-07,0.24097101390361786
rakish,suffix,ish,rake,True,freeroot,2.01,1.02e-07,0.24098168313503265
incredulity,prefix,im,credulity,True,freeroot,2.53,3.39e-07,0.24109068512916565
fonder,suffix,er,fond,True,family,2.31,2.04e-07,0.24109359085559845
onward,suffix,ward,on,True,freeroot,3.46,2.88e-06,0.2411503940820694
inferno,suffix,o,infern,False,family,3.3,2e-06,0.2411617487668991
chargeable,suffix,able,charge,True,family,2.58,3.8e-07,0.2411622554063797
commandeer,suffix,eer,command,True,family,2.24,1.74e-07,0.24118661880493164
recede,prefix,re,cede,True,family,2.71,5.13e-07,0.24123993515968323
align,prefix,a,line,True,family,3.63,4.27e-06,0.2412514090538025
dreary,suffix,y,drear,True,freeroot,3.08,1.2e-06,0.24135571718215942
fiendish,suffix,ish,fiend,True,freeroot,2.46,2.88e-07,0.2414219081401825
discipleship,suffix,ship,disciple,True,freeroot,2.5,3.16e-07,0.24144263565540314
porker,suffix,er,pork,True,family,1.77,5.89e-08,0.24151112139225006
aloneness,suffix,ness,alone,True,freeroot,1.92,8.32e-08,0.24165648221969604
distemper,prefix,dis,temper,True,family,2.36,2.29e-07,0.241669699549675
retract,prefix,re,tract,True,family,3.03,1.07e-06,0.2416953593492508
exponential,suffix,al,exponent,True,freeroot,3.33,2.14e-06,0.24177217483520508
indemnity,suffix,ity,indemn,False,family,2.94,8.71e-07,0.24178817868232727
flapper,suffix,er,flap,True,freeroot,2.49,3.09e-07,0.2419561892747879
primitive,suffix,ive,prim,True,family,3.8,6.31e-06,0.24196301400661469
overcast,prefix,over,cast,True,family,3.05,1.12e-06,0.2420208603143692
phosphate,suffix,ate,phosphor,True,family,3.42,2.63e-06,0.24207836389541626
unspotted,prefix,un,spot,True,family,1.64,4.37e-08,0.2421766221523285
unstrung,prefix,un,strung,True,freeroot,1.64,4.37e-08,0.24233634769916534
relegation,suffix,ion,relegate,True,freeroot,3.43,2.69e-06,0.2423480600118637
framer,suffix,er,frame,True,freeroot,2.12,1.32e-07,0.2423662543296814
guarantor,suffix,or,guarant,False,family,2.79,6.17e-07,0.24245372414588928
fibber,suffix,er,fib,True,freeroot,1.88,7.59e-08,0.24245978891849518
axis,suffix,sis,axe,True,family,4.02,1.05e-05,0.24246658384799957
enviable,suffix,able,envy,True,family,2.87,7.41e-07,0.2424667775630951
biter,suffix,er,bite,True,family,2.6,3.98e-07,0.24248501658439636
wringer,suffix,er,wring,True,freeroot,2.29,1.95e-07,0.24255309998989105
tactician,suffix,ian,tactic,True,family,2.57,3.72e-07,0.2426295280456543
tacky,suffix,y,tack,True,freeroot,3.18,1.51e-06,0.24266448616981506
recite,prefix,re,cite,True,family,3.28,1.91e-06,0.24269379675388336
calcium,suffix,ium,calc,True,family,3.82,6.61e-06,0.24274037778377533
commendable,suffix,able,commend,True,family,3.07,1.17e-06,0.24284149706363678
leant,suffix,t,lean,True,family,2.43,2.69e-07,0.24289202690124512
schemer,suffix,er,scheme,True,family,2.28,1.91e-07,0.24290961027145386
suburb,prefix,sub,urb,True,family,3.81,6.46e-06,0.24317078292369843
weaponless,suffix,less,weapon,True,family,1.56,3.63e-08,0.24321851134300232
undulation,suffix,ion,undulate,True,freeroot,1.73,5.37e-08,0.24321888387203217
abjectly,suffix,ly,abject,True,family,1.91,8.13e-08,0.24329110980033875
transmitter,suffix,er,transmit,True,family,3.59,3.89e-06,0.24330374598503113
fatty,suffix,y,fat,True,family,3.8,6.31e-06,0.2433304786682129
denture,suffix,ure,dent,True,family,2.54,3.47e-07,0.24335330724716187
destination,suffix,ion,destine,True,family,4.24,1.74e-05,0.24339014291763306
dopey,suffix,y,dope,True,freeroot,2.68,4.79e-07,0.24342910945415497
slightly,suffix,ly,slight,True,family,4.75,5.62e-05,0.2434353530406952
arabist,suffix,ist,arab,True,family,1.86,7.24e-08,0.24348393082618713
chimerical,suffix,al,chimeric,True,freeroot,1.71,5.13e-08,0.24351923167705536
stealer,suffix,er,steal,True,freeroot,2.52,3.31e-07,0.24351952970027924
anchorage,suffix,age,anchor,True,freeroot,3.42,2.63e-06,0.24358630180358887
flipper,suffix,er,flip,True,freeroot,2.8,6.31e-07,0.24361208081245422
sameness,suffix,ness,same,True,freeroot,2.37,2.34e-07,0.24362730979919434
guaranty,suffix,y,guarant,False,family,2.59,3.89e-07,0.24369606375694275
littler,suffix,er,little,True,family,2.41,2.57e-07,0.24371233582496643
weight,suffix,t,weigh,True,family,5.02,0.000105,0.24376016855239868
stroppy,suffix,y,strop,True,freeroot,1.93,8.51e-08,0.24380378425121307
wearer,suffix,er,weare,True,family,3.08,1.2e-06,0.243838831782341
representative,suffix,ive,represent,True,family,4.57,3.72e-05,0.2440415620803833
ponderous,suffix,ious,ponder,True,freeroot,2.47,2.95e-07,0.24405381083488464
dietary,suffix,ory,diet,True,family,3.7,5.01e-06,0.244252547621727
unerring,prefix,un,err,True,family,2.28,1.91e-07,0.24428881704807281
chastity,suffix,ity,chaste,True,family,3.14,1.38e-06,0.24468334019184113
derating,prefix,de,rate,True,family,1.57,3.72e-08,0.24469126760959625
desirable,suffix,able,desire,True,family,3.85,7.08e-06,0.24471387267112732
addressee,suffix,ee,address,True,freeroot,2.34,2.19e-07,0.24486134946346283
limbless,suffix,less,limb,True,freeroot,1.82,6.61e-08,0.24490070343017578
meticulously,suffix,ly,meticulous,True,family,3.08,1.2e-06,0.2449469417333603
luxurious,suffix,ious,luxury,True,family,3.55,3.55e-06,0.24503937363624573
notary,suffix,y,notar,True,family,3.11,1.29e-06,0.24519550800323486
restorative,suffix,ive,restore,True,family,2.96,9.12e-07,0.24532146751880646
spreader,suffix,er,spread,True,family,2.64,4.37e-07,0.24535003304481506
desecrate,prefix,de,secrate,False,family,2.3,2e-07,0.2453918755054474
undersigned,prefix,under,sign,True,family,2.46,2.88e-07,0.24548359215259552
commotion,prefix,co,motion,True,family,3.13,1.35e-06,0.24551212787628174
voracious,suffix,ious,vorac,False,family,2.77,5.89e-07,0.24563400447368622
sophist,suffix,ist,soph,True,freeroot,2.02,1.05e-07,0.245881587266922
finality,suffix,ity,final,True,family,2.62,4.17e-07,0.24592241644859314
utilitarian,suffix,ian,util,True,family,3.05,1.12e-06,0.24602632224559784
fragmentary,suffix,ory,fragment,True,family,2.83,6.76e-07,0.24603784084320068
tactical,suffix,al,tactic,True,family,3.97,9.33e-06,0.24604688584804535
category,suffix,y,categor,False,family,4.57,3.72e-05,0.2460978627204895
acclimate,prefix,a,climate,True,family,2.33,2.14e-07,0.24615459144115448
signatory,suffix,ory,sign,True,family,2.92,8.32e-07,0.24637217819690704
initiate,suffix,ate,initi,False,family,3.74,5.5e-06,0.24655546247959137
beautiful,suffix,ful,beauty,True,family,5.22,0.000166,0.24658751487731934
amass,prefix,a,mass,True,family,2.77,5.89e-07,0.24670524895191193
pilferage,suffix,age,pilfer,True,freeroot,1.61,4.07e-08,0.2467384785413742
debug,prefix,de,bug,True,freeroot,2.86,7.24e-07,0.24678441882133484
machinery,suffix,ory,machine,True,family,4.02,1.05e-05,0.2468281239271164
outer,suffix,er,out,True,family,4.25,1.78e-05,0.24689504504203796
proximal,suffix,al,proxim,True,family,3.17,1.48e-06,0.24690258502960205
wittingly,suffix,ly,wit,True,family,1.84,6.92e-08,0.2469635307788849
impress,prefix,in,press,True,family,3.93,8.51e-06,0.24701456725597382
publisher,suffix,er,publish,True,family,4.13,1.35e-05,0.24703755974769592
kinky,suffix,y,kink,True,freeroot,3.37,2.34e-06,0.2471337765455246
princess,suffix,ess,prince,True,family,4.53,3.39e-05,0.24720515310764313
moulder,suffix,er,mould,True,family,2.12,1.32e-07,0.24721325933933258
transferor,suffix,or,transfer,True,family,1.65,4.47e-08,0.24726234376430511
outstretched,prefix,out,stretch,True,family,2.91,8.13e-07,0.2473801225423813
babyhood,suffix,hood,baby,True,family,1.6,3.98e-08,0.24739885330200195
creamy,suffix,y,cream,True,family,3.43,2.69e-06,0.24750041961669922
jerky,suffix,y,jerk,True,freeroot,3.1,1.26e-06,0.24750733375549316
reentered,prefix,re,enter,True,family,2.15,1.41e-07,0.2475569099187851
remotely,suffix,ly,remote,True,family,3.75,5.62e-06,0.24757376313209534
numbness,suffix,ness,numb,True,family,2.89,7.76e-07,0.24758195877075195
propellant,suffix,ant,propel,True,family,2.92,8.32e-07,0.247654527425766
newtonian,suffix,ian,newton,True,freeroot,2.71,5.13e-07,0.2476831078529358
vulnerability,suffix,ity,vulnerable,True,family,3.7,5.01e-06,0.24772672355175018
subsidence,suffix,ance,subside,True,freeroot,2.71,5.13e-07,0.24776288866996765
laborious,suffix,ious,labor,True,family,2.8,6.31e-07,0.24785839021205902
pertinence,suffix,ance,pertain,True,family,1.74,5.5e-08,0.24786509573459625
animate,suffix,ate,anim,True,family,3.14,1.38e-06,0.24794349074363708
ritualized,suffix,ize,ritual,True,family,2.2,1.58e-07,0.2479788064956665
invert,prefix,in,vert,True,family,2.74,5.5e-07,0.24799932539463043
commendation,suffix,ion,commend,True,family,3.0,1e-06,0.2480107694864273
hostelry,suffix,ory,hostel,True,freeroot,1.87,7.41e-08,0.2480538785457611
emancipator,suffix,or,emancipate,True,family,1.75,5.62e-08,0.24815131723880768
voluminous,suffix,ious,volume,True,freeroot,2.84,6.92e-07,0.24817098677158356
poacher,suffix,er,poach,True,freeroot,2.58,3.8e-07,0.24823324382305145
bestiary,suffix,ory,beast,True,family,2.27,1.86e-07,0.24824535846710205
instilled,prefix,in,still,True,family,2.97,9.33e-07,0.24842266738414764
steadfastly,suffix,ly,steadfast,True,family,2.69,4.9e-07,0.2484557032585144
accusation,suffix,ion,accuse,True,family,3.6,3.98e-06,0.24855072796344757
dutiful,suffix,ful,duty,True,freeroot,2.63,4.27e-07,0.24860554933547974
sartorially,suffix,y,sartorial,True,freeroot,1.55,3.55e-08,0.24867811799049377
crosscurrents,prefix,cross,current,True,family,1.61,4.07e-08,0.24870425462722778
menstruate,suffix,ate,menstru,False,family,1.87,7.41e-08,0.24873174726963043
unbalance,prefix,un,balance,True,family,2.31,2.04e-07,0.24875041842460632
resist,prefix,re,sist,False,family,4.2,1.58e-05,0.24879901111125946
conditional,suffix,al,condition,True,family,3.59,3.89e-06,0.24882440268993378
midstream,prefix,mid,stream,True,family,2.47,2.95e-07,0.24884134531021118
herbal,suffix,al,herb,True,family,3.36,2.29e-06,0.24898092448711395
segmentation,suffix,ion,segment,True,family,3.23,1.7e-06,0.2489968091249466
hesitance,suffix,ance,hesit,False,family,1.91,8.13e-08,0.24913851916790009
microfilm,prefix,micro,film,True,family,2.71,5.13e-07,0.24921682476997375
frightful,suffix,ful,fright,True,family,2.82,6.61e-07,0.24925753474235535
modular,suffix,ar,module,True,family,3.51,3.24e-06,0.24929386377334595
expertly,suffix,ly,expert,True,family,2.93,8.51e-07,0.24935483932495117
overawed,prefix,over,awe,True,family,2.01,1.02e-07,0.24944227933883667
reduce,prefix,re,duct,True,family,4.73,5.37e-05,0.2494501918554306
inlays,prefix,im,lay,True,family,2.32,2.09e-07,0.24955391883850098
renunciation,suffix,ion,renunciate,True,freeroot,2.64,4.37e-07,0.24958334863185883
waxy,suffix,y,wax,True,family,2.71,5.13e-07,0.24973374605178833
despairingly,suffix,ly,despair,True,freeroot,1.63,4.27e-08,0.24984107911586761
foreleg,prefix,fore,leg,True,family,1.91,8.13e-08,0.2498985081911087
preheat,prefix,pre,heat,True,family,2.9,7.94e-07,0.24991479516029358
downfall,prefix,down,fall,True,family,3.54,3.47e-06,0.250027596950531
froggy,suffix,y,frog,True,freeroot,2.47,2.95e-07,0.25012993812561035
truism,suffix,ism,true,True,family,2.41,2.57e-07,0.2501707077026367
coloration,suffix,ion,color,True,family,3.01,1.02e-06,0.25019022822380066
foreskin,prefix,fore,skin,True,family,2.72,5.25e-07,0.2502257525920868
obtusely,suffix,ly,obtuse,True,family,1.76,5.75e-08,0.250372052192688
domesticate,suffix,ate,domestic,True,family,2.09,1.23e-07,0.2504066824913025
explanatory,suffix,ory,explain,True,family,3.31,2.04e-06,0.2504692077636719
hander,suffix,er,hand,True,family,2.87,7.41e-07,0.25054094195365906
urinal,suffix,al,urine,True,family,2.78,6.03e-07,0.250575989484787
utility,suffix,ity,util,True,family,4.27,1.86e-05,0.25069448351860046
galvanize,suffix,ize,galvan,True,family,2.31,2.04e-07,0.2507307827472687
chummy,suffix,y,chum,True,freeroot,2.4,2.51e-07,0.25074687600135803
hybridize,suffix,ize,hybrid,True,freeroot,1.88,7.59e-08,0.2507625222206116
determiner,suffix,er,determine,True,family,2.14,1.38e-07,0.2507917881011963
uncanny,prefix,un,canny,True,family,3.33,2.14e-06,0.25082704424858093
modifier,suffix,er,modify,True,family,2.89,7.76e-07,0.2509530782699585
defaulter,suffix,er,default,True,freeroot,1.67,4.68e-08,0.25100991129875183
immerse,prefix,in,merse,True,family,2.94,8.71e-07,0.25108861923217773
rehearsal,suffix,al,rehearse,True,family,3.68,4.79e-06,0.25119465589523315
lewdly,suffix,ly,lewd,True,family,1.55,3.55e-08,0.25131112337112427
soreness,suffix,ness,sore,True,family,3.0,1e-06,0.25132185220718384
disobedient,prefix,dis,obedient,True,family,2.67,4.68e-07,0.251420259475708
prophetic,suffix,ic,prophet,True,family,3.19,1.55e-06,0.25145629048347473
psychic,suffix,ic,psycho,True,family,3.8,6.31e-06,0.2514711320400238
islander,suffix,er,island,True,freeroot,3.06,1.15e-06,0.2517094612121582
shipment,suffix,ment,ship,True,family,3.76,5.75e-06,0.25176864862442017
absolutism,suffix,ism,absolute,True,family,2.45,2.82e-07,0.25182145833969116
conclude,prefix,co,clude,False,family,3.9,7.94e-06,0.25187963247299194
traction,suffix,ion,tract,True,family,3.78,6.03e-06,0.251880943775177
ascension,suffix,ion,ascend,True,family,3.34,2.19e-06,0.25190725922584534
facial,suffix,al,face,True,family,4.1,1.26e-05,0.25222328305244446
realness,suffix,ness,real,True,family,2.48,3.02e-07,0.2523275315761566
snorer,suffix,er,snore,True,freeroot,1.52,3.31e-08,0.25239667296409607
toothsome,suffix,some,tooth,True,family,1.71,5.13e-08,0.2524009048938751
respire,prefix,re,spir,True,family,1.78,6.03e-08,0.25242164731025696
unannounced,prefix,un,announce,True,family,3.05,1.12e-06,0.2525802552700043
concision,suffix,ion,concise,True,family,1.77,5.89e-08,0.2526380717754364
transgress,prefix,trans,gress,True,family,2.34,2.19e-07,0.25270628929138184
reprobation,suffix,ion,reprobate,True,freeroot,1.56,3.63e-08,0.2527301013469696
saucy,suffix,y,sauce,True,family,2.9,7.94e-07,0.2528306543827057
pleasant,suffix,ant,please,True,family,4.22,1.66e-05,0.25283294916152954
install,prefix,in,stall,True,family,4.14,1.38e-05,0.25285813212394714
preference,suffix,ance,prefer,True,family,4.11,1.29e-05,0.252858430147171
ova,suffix,a,ov,True,family,3.17,1.48e-06,0.25286877155303955
divert,prefix,di,vert,True,family,3.42,2.63e-06,0.25295528769493103
attendance,suffix,ance,attend,True,family,4.17,1.48e-05,0.25298047065734863
bullish,suffix,ish,bull,True,freeroot,3.14,1.38e-06,0.25302454829216003
subtitle,prefix,sub,title,True,family,3.23,1.7e-06,0.2530253529548645
observant,suffix,ant,observe,True,family,3.05,1.12e-06,0.25334325432777405
finalize,suffix,ize,final,True,family,2.89,7.76e-07,0.2533520758152008
transfused,prefix,trans,fuse,True,family,1.97,9.33e-08,0.2535192668437958
kingdom,suffix,dom,king,True,family,4.62,4.17e-05,0.2535721957683563
longish,suffix,ish,long,True,family,2.33,2.14e-07,0.25359785556793213
upswing,prefix,up,swing,True,family,2.66,4.57e-07,0.25361698865890503
masterless,suffix,less,master,True,family,1.55,3.55e-08,0.25361937284469604
goodness,suffix,ness,good,True,family,4.13,1.35e-05,0.253757506608963
disfigure,prefix,dis,figure,True,family,2.13,1.35e-07,0.25381791591644287
oculist,suffix,ist,ocul,False,family,1.56,3.63e-08,0.2539941966533661
stagnancy,suffix,ancy,stagn,False,family,1.54,3.47e-08,0.2540634870529175
oversleep,prefix,over,sleep,True,family,1.94,8.71e-08,0.2540794312953949
resolution,suffix,ion,resolute,True,family,4.59,3.89e-05,0.2540796995162964
upbraided,prefix,up,braid,True,freeroot,1.82,6.61e-08,0.2540976107120514
regal,suffix,al,regi,True,family,3.34,2.19e-06,0.2541433572769165
imminence,suffix,ance,immin,False,family,1.79,6.17e-08,0.25425076484680176
crabby,suffix,y,crab,True,freeroot,2.46,2.88e-07,0.2543153464794159
oaken,suffix,en,oak,True,freeroot,1.94,8.71e-08,0.2543390393257141
unquiet,prefix,un,quiet,True,family,2.09,1.23e-07,0.2543767988681793
thirty,suffix,ity,three,True,family,4.38,2.4e-05,0.25437891483306885
skinless,suffix,less,skin,True,family,2.28,1.91e-07,0.2543846368789673
rocky,suffix,y,rock,True,family,4.16,1.45e-05,0.254400372505188
dismount,prefix,dis,mount,True,family,2.61,4.07e-07,0.25440070033073425
constrict,prefix,co,strict,True,family,2.33,2.14e-07,0.25444546341896057
virginity,suffix,ity,virgin,True,family,3.48,3.02e-06,0.2544926404953003
baldness,suffix,ness,bald,True,family,2.66,4.57e-07,0.2544967532157898
auditory,suffix,ory,audio,True,family,3.25,1.78e-06,0.25455379486083984
concede,prefix,co,cede,True,family,3.48,3.02e-06,0.25460803508758545
crania,suffix,a,cranio,False,family,1.57,3.72e-08,0.25467434525489807
switchable,suffix,able,switch,True,freeroot,2.07,1.17e-07,0.25471407175064087
irrigable,suffix,able,irrig,False,family,1.74,5.5e-08,0.2547363340854645
ratty,suffix,y,rat,True,freeroot,2.47,2.95e-07,0.2547622621059418
unclouded,prefix,un,cloud,True,family,1.8,6.31e-08,0.25492537021636963
imposture,suffix,ure,impost,True,family,1.71,5.13e-08,0.25493696331977844
blotchy,suffix,y,blotch,True,freeroot,2.17,1.48e-07,0.2550305426120758
zonal,suffix,al,zone,True,freeroot,2.74,5.5e-07,0.25507816672325134
masturbation,suffix,ion,masturbate,True,family,3.46,2.88e-06,0.2551037073135376
reword,prefix,re,word,True,family,2.08,1.2e-07,0.25520461797714233
robbery,suffix,ory,rob,True,family,3.97,9.33e-06,0.255234956741333
numberless,suffix,less,number,True,family,2.05,1.12e-07,0.2552746534347534
cultivate,suffix,ate,cultiv,False,family,3.42,2.63e-06,0.2553090751171112
generic,suffix,ic,gener,True,family,4.11,1.29e-05,0.2553505003452301
gorgeousness,suffix,ness,gorgeous,True,family,1.94,8.71e-08,0.25538504123687744
bedazzled,prefix,be,dazzle,True,family,2.29,1.95e-07,0.25546813011169434
compiler,suffix,er,compile,True,family,3.37,2.34e-06,0.2554788291454315
boater,suffix,er,boat,True,freeroot,2.09,1.23e-07,0.25564759969711304
plausibly,suffix,y,plausible,True,family,2.62,4.17e-07,0.2556487023830414
humanly,suffix,ly,human,True,family,2.93,8.51e-07,0.25565528869628906
context,prefix,co,text,True,family,4.63,4.27e-05,0.25577256083488464
issuance,suffix,ance,issue,True,family,3.34,2.19e-06,0.25580400228500366
excess,prefix,ex,cess,True,family,4.21,1.62e-05,0.25601041316986084
deliciously,suffix,ly,delicious,True,family,2.89,7.76e-07,0.2560209333896637
forgo,prefix,fore,go,True,family,2.99,9.77e-07,0.25614967942237854
monochrome,prefix,mono,chrome,True,family,3.04,1.1e-06,0.256185382604599
oxygenate,suffix,ate,oxygen,True,freeroot,1.88,7.59e-08,0.25621935725212097
cottagers,suffix,er,cottage,True,freeroot,2.07,1.17e-07,0.2562287151813507
instigation,suffix,ion,instigate,True,family,2.65,4.47e-07,0.25632891058921814
uplift,prefix,up,lift,True,freeroot,3.27,1.86e-06,0.2563377320766449
theoretic,suffix,ic,theor,False,family,2.59,3.89e-07,0.25636327266693115
masonry,suffix,ory,mason,True,family,3.35,2.24e-06,0.2564125955104828
choosy,suffix,y,choose,True,freeroot,2.52,3.31e-07,0.256538450717926
forcible,suffix,able,force,True,family,2.82,6.61e-07,0.2567320168018341
blankly,suffix,ly,blank,True,family,2.63,4.27e-07,0.25679460167884827
skimmer,suffix,er,skim,True,freeroot,2.44,2.75e-07,0.25687819719314575
cookie,suffix,y,cook,True,family,4.07,1.17e-05,0.25693297386169434
mismatch,prefix,mis,match,True,family,3.1,1.26e-06,0.25694796442985535
antipersonnel,prefix,anti,personnel,True,freeroot,1.71,5.13e-08,0.25697794556617737
outweigh,prefix,out,weigh,True,family,3.27,1.86e-06,0.2569800317287445
peaceable,suffix,able,peace,True,family,2.4,2.51e-07,0.25704115629196167
unready,prefix,un,ready,True,family,2.04,1.1e-07,0.2570565938949585
despicably,suffix,y,despicable,True,freeroot,1.61,4.07e-08,0.25705772638320923
confiscatory,suffix,ory,confiscate,True,family,1.59,3.89e-08,0.2570708096027374
glottis,suffix,sis,glott,False,family,1.79,6.17e-08,0.25708746910095215
amplitude,suffix,itude,ample,True,family,3.28,1.91e-06,0.25713983178138733
permission,suffix,ion,permit,True,family,4.5,3.16e-05,0.25715509057044983
transfigured,prefix,trans,figure,True,family,2.08,1.2e-07,0.25722867250442505
luckless,suffix,less,luck,True,family,2.19,1.55e-07,0.2572915256023407
feasible,suffix,able,fact,True,family,3.72,5.25e-06,0.2572915852069855
unimproved,prefix,un,improve,True,family,2.24,1.74e-07,0.2573213279247284
gallantly,suffix,ly,gallant,True,family,2.35,2.24e-07,0.2573515474796295
unmoved,prefix,un,move,True,family,2.68,4.79e-07,0.2574648857116699
interestingly,suffix,ly,interest,True,family,3.6,3.98e-06,0.25747689604759216
evenness,suffix,ness,even,True,family,1.94,8.71e-08,0.25751104950904846
concurrence,suffix,ance,concur,True,family,2.56,3.63e-07,0.25753992795944214
outrank,prefix,out,rank,True,freeroot,2.02,1.05e-07,0.2575403153896332
carbonized,suffix,ize,carbon,True,family,2.07,1.17e-07,0.2575424313545227
curable,suffix,able,cure,True,family,2.66,4.57e-07,0.25759047269821167
breakage,suffix,age,break,True,family,2.9,7.94e-07,0.2576375901699066
pusher,suffix,er,push,True,family,2.93,8.51e-07,0.25764980912208557
elector,suffix,or,electr,False,family,2.96,9.12e-07,0.2576504051685333
sampler,suffix,er,sample,True,freeroot,3.1,1.26e-06,0.25771796703338623
genuinely,suffix,ly,genuine,True,family,4.1,1.26e-05,0.2578260600566864
seen,suffix,n,see,True,family,5.52,0.000331,0.257830947637558
scummy,suffix,y,scum,True,freeroot,2.37,2.34e-07,0.25784239172935486
faustian,suffix,ian,faust,True,freeroot,2.07,1.17e-07,0.25789356231689453
curvature,suffix,ure,curve,True,family,3.22,1.66e-06,0.2579732835292816
pessimist,suffix,ist,pessim,False,family,2.67,4.68e-07,0.2580038905143738
undersold,prefix,under,sold,True,family,1.91,8.13e-08,0.25809165835380554
ungenerous,prefix,un,generous,True,family,1.89,7.76e-08,0.2583276629447937
modernize,suffix,ize,modern,True,family,3.03,1.07e-06,0.258329838514328
headless,suffix,less,head,True,family,3.01,1.02e-06,0.25837481021881104
review,prefix,re,view,True,family,5.12,0.000132,0.2584720551967621
affably,suffix,y,affable,True,family,1.68,4.79e-08,0.25847306847572327
horrify,suffix,ify,horr,True,family,2.13,1.35e-07,0.2585535943508148
alienate,suffix,ate,alien,True,family,3.03,1.07e-06,0.258680135011673
encumber,prefix,en,cumber,True,family,1.68,4.79e-08,0.2586834132671356
emulsion,suffix,ion,emuls,False,family,2.89,7.76e-07,0.2587066888809204
muchness,suffix,ness,much,True,family,1.53,3.39e-08,0.2587481737136841
dryer,suffix,er,dry,True,family,3.54,3.47e-06,0.2587900459766388
redeemable,suffix,able,redeem,True,family,2.77,5.89e-07,0.2588246166706085
gutsy,suffix,y,gut,True,family,2.73,5.37e-07,0.2588660717010498
asphyxiation,suffix,ion,asphyxiate,True,freeroot,2.65,4.47e-07,0.25895199179649353
helpless,suffix,less,help,True,family,3.69,4.9e-06,0.2589802145957947
react,prefix,re,act,True,family,4.16,1.45e-05,0.2590318024158478
glorious,suffix,ious,glory,True,family,4.08,1.2e-05,0.259046345949173
dilution,suffix,ion,dilute,True,family,3.07,1.17e-06,0.25912153720855713
parity,suffix,ity,par,True,freeroot,3.41,2.57e-06,0.25912705063819885
mouthful,suffix,ful,mouth,True,freeroot,3.01,1.02e-06,0.2591298520565033
laceration,suffix,ion,lacerate,True,freeroot,2.63,4.27e-07,0.2591775953769684
divinity,suffix,ity,divine,True,family,3.45,2.82e-06,0.2592849135398865
thermal,suffix,al,thermo,True,family,4.04,1.1e-05,0.2593294680118561
tattler,suffix,er,tattle,True,freeroot,1.81,6.46e-08,0.2593499422073364
honorarium,suffix,ium,honor,True,family,2.06,1.15e-07,0.25948086380958557
skinny,suffix,y,skin,True,family,3.99,9.77e-06,0.2595394253730774
authorship,suffix,ship,author,True,family,3.15,1.41e-06,0.2596808969974518
unguarded,prefix,un,guard,True,family,2.75,5.62e-07,0.25968608260154724
flagellation,suffix,ion,flagellate,True,freeroot,2.27,1.86e-07,0.2597343325614929
custodian,suffix,ian,custody,True,family,3.12,1.32e-06,0.2597998082637787
stoppable,suffix,able,stop,True,family,1.56,3.63e-08,0.2598241865634918
accuser,suffix,er,accuse,True,family,2.99,9.77e-07,0.25995737314224243
ridiculous,suffix,ious,ridicule,True,freeroot,4.46,2.88e-05,0.26004886627197266
slacken,suffix,en,slack,True,family,2.0,1e-07,0.26009663939476013
soundless,suffix,less,sound,True,family,2.11,1.29e-07,0.26011210680007935
icelander,suffix,er,iceland,True,family,1.78,6.03e-08,0.26012882590293884
unwanted,prefix,un,want,True,freeroot,3.78,6.03e-06,0.26029378175735474
favourable,suffix,able,favour,True,family,3.53,3.39e-06,0.2604162395000458
nestlings,suffix,ling,nest,True,family,2.15,1.41e-07,0.26048633456230164
embezzler,suffix,er,embezzle,True,family,1.7,5.01e-08,0.26071029901504517
growler,suffix,er,growl,True,freeroot,2.47,2.95e-07,0.26071301102638245
lengthy,suffix,y,length,True,family,3.85,7.08e-06,0.2607719302177429
friendly,suffix,ly,friend,True,family,4.64,4.37e-05,0.260779470205307
decry,prefix,de,cry,True,family,2.6,3.98e-07,0.26080983877182007
therapeutics,suffix,ics,therap,False,family,3.2,1.58e-06,0.2608291804790497
coarsening,suffix,en,coarse,True,family,1.61,4.07e-08,0.2608455717563629
dietetics,suffix,ics,diet,True,family,2.46,2.88e-07,0.2608972191810608
glibly,suffix,ly,glib,True,family,1.97,9.33e-08,0.26093584299087524
optimist,suffix,ist,optim,False,family,3.02,1.05e-06,0.2609451711177826
deathless,suffix,less,death,True,family,2.22,1.66e-07,0.260989248752594
prompter,suffix,er,prompt,True,family,2.16,1.45e-07,0.26099085807800293
interpreter,suffix,er,interpret,True,family,3.54,3.47e-06,0.26106497645378113
naturist,suffix,ist,nature,True,family,2.32,2.09e-07,0.2610788941383362
rephrased,prefix,re,phrase,True,family,2.0,1e-07,0.26108720898628235
gallantry,suffix,ory,gallant,True,family,2.87,7.41e-07,0.2611025869846344
operate,suffix,ate,oper,True,family,4.5,3.16e-05,0.26116910576820374
glassy,suffix,y,glass,True,freeroot,2.78,6.03e-07,0.26125022768974304
salable,suffix,able,sale,True,family,2.06,1.15e-07,0.2612670361995697
restless,suffix,less,rest,True,family,3.6,3.98e-06,0.2612795829772949
pertinent,suffix,ant,pertain,True,family,3.36,2.29e-06,0.2613477110862732
beautician,suffix,ian,beauty,True,family,2.39,2.45e-07,0.261574923992157
disquiet,prefix,dis,quiet,True,family,2.5,3.16e-07,0.2616179585456848
tweeter,suffix,er,tweet,True,freeroot,2.71,5.13e-07,0.2616440951824188
jokingly,suffix,ly,joke,True,family,3.18,1.51e-06,0.2616886794567108
prevarication,suffix,ion,prevaricate,True,freeroot,1.9,7.94e-08,0.2617185115814209
outspread,prefix,out,spread,True,family,1.53,3.39e-08,0.26176759600639343
courtly,suffix,ly,court,True,family,2.59,3.89e-07,0.26186898350715637
beguile,prefix,be,guile,True,family,2.04,1.1e-07,0.261948823928833
bewitch,prefix,be,witch,True,family,2.01,1.02e-07,0.2620144486427307
stratify,suffix,ify,strat,True,family,1.78,6.03e-08,0.26209527254104614
gently,suffix,y,gentle,True,family,4.08,1.2e-05,0.26214462518692017
rekindle,prefix,re,kindle,True,freeroot,2.71,5.13e-07,0.26236459612846375
starless,suffix,less,star,True,family,1.94,8.71e-08,0.26237738132476807
complainant,suffix,ant,complain,True,family,3.09,1.23e-06,0.26238197088241577
spotless,suffix,less,spot,True,family,3.12,1.32e-06,0.2624984085559845
knitter,suffix,er,knit,True,freeroot,2.13,1.35e-07,0.26267901062965393
illumine,prefix,in,lumin,False,family,1.61,4.07e-08,0.26274681091308594
floury,suffix,y,flour,True,freeroot,1.81,6.46e-08,0.26286396384239197
piteous,suffix,ious,pity,True,family,1.81,6.46e-08,0.2629668116569519
looter,suffix,er,loot,True,freeroot,2.03,1.07e-07,0.2630940079689026
beasties,suffix,y,beast,True,family,2.19,1.55e-07,0.263275146484375
tumescence,suffix,ance,tumesce,False,family,1.51,3.24e-08,0.26333269476890564
gestation,suffix,ion,gestate,True,freeroot,3.0,1e-06,0.26336753368377686
fearless,suffix,less,fear,True,family,3.55,3.55e-06,0.26338931918144226
angrily,suffix,ly,angry,True,family,3.34,2.19e-06,0.2634313404560089
meticulousness,suffix,ness,meticulous,True,family,1.59,3.89e-08,0.26346835494041443
planetary,suffix,ory,planet,True,family,3.56,3.63e-06,0.26355984807014465
outlive,prefix,out,live,True,family,2.72,5.25e-07,0.2635677456855774
abridgment,suffix,ment,abridge,True,family,1.92,8.32e-08,0.2636072635650635
truly,suffix,ly,true,True,family,4.87,7.41e-05,0.26363405585289
billy,suffix,y,bill,True,family,4.33,2.14e-05,0.2636738717556
slushy,suffix,y,slush,True,freeroot,2.41,2.57e-07,0.2636967599391937
uncommitted,prefix,un,commit,True,family,2.38,2.4e-07,0.2638774514198303
visitor,suffix,or,visit,True,family,4.01,1.02e-05,0.26388436555862427
inbred,prefix,in,breed,True,family,2.9,7.94e-07,0.2640393376350403
rehear,prefix,re,hear,True,family,1.69,4.9e-08,0.26406553387641907
unsaturated,prefix,un,saturate,True,family,2.71,5.13e-07,0.2640925645828247
woody,suffix,y,wood,True,family,3.82,6.61e-06,0.264173686504364
squealer,suffix,er,squeal,True,freeroot,1.66,4.57e-08,0.26421985030174255
rustler,suffix,er,rustle,True,freeroot,2.03,1.07e-07,0.26424241065979004
referral,suffix,al,refer,True,family,3.6,3.98e-06,0.26429641246795654
wantonness,suffix,ness,wanton,True,family,1.6,3.98e-08,0.26436784863471985
woeful,suffix,ful,woe,True,freeroot,2.69,4.9e-07,0.26437830924987793
selective,suffix,ive,select,True,family,3.88,7.59e-06,0.26440203189849854
basketry,suffix,ory,basket,True,freeroot,2.03,1.07e-07,0.26463449001312256
colossus,suffix,us,coloss,False,family,3.06,1.15e-06,0.2649167776107788
openly,suffix,ly,open,True,family,4.11,1.29e-05,0.26512402296066284
licensee,suffix,ee,license,True,family,3.03,1.07e-06,0.2651588022708893
hermitage,suffix,age,hermit,True,freeroot,2.92,8.32e-07,0.26524943113327026
anticipatory,suffix,ory,anticipate,True,family,2.39,2.45e-07,0.2652807831764221
tenable,suffix,able,ten,True,family,2.4,2.51e-07,0.26545286178588867
bulky,suffix,y,bulk,True,freeroot,3.3,2e-06,0.2656514048576355
plumpness,suffix,ness,plump,True,family,1.5,3.16e-08,0.2657313644886017
arrangers,suffix,er,arrange,True,family,2.05,1.12e-07,0.26585203409194946
entrap,prefix,en,trap,True,family,2.33,2.14e-07,0.26587358117103577
disparagingly,suffix,ly,disparage,True,family,2.09,1.23e-07,0.2660176157951355
enigmatic,suffix,ic,enigma,True,freeroot,3.11,1.29e-06,0.26614660024642944
fornication,suffix,ion,fornicate,True,freeroot,2.71,5.13e-07,0.26615652441978455
covetous,suffix,ious,covet,True,freeroot,2.11,1.29e-07,0.2662552297115326
tumescent,suffix,ant,tumesce,False,family,1.62,4.17e-08,0.2662774622440338
overage,prefix,over,age,True,family,2.32,2.09e-07,0.26629236340522766
refinance,prefix,re,finance,True,family,2.92,8.32e-07,0.2663309872150421
grotty,suffix,y,grot,True,freeroot,2.01,1.02e-07,0.26647886633872986
edification,suffix,ion,edify,True,freeroot,2.29,1.95e-07,0.266505628824234
plunderer,suffix,er,plunder,True,freeroot,1.64,4.37e-08,0.2665528655052185
rectitude,suffix,itude,rect,False,family,2.18,1.51e-07,0.26655322313308716
unrequited,prefix,un,requite,True,freeroot,2.78,6.03e-07,0.2665533423423767
convoluted,prefix,co,volve,False,family,3.05,1.12e-06,0.26656755805015564
unmixed,prefix,un,mix,True,family,2.1,1.26e-07,0.26659053564071655
proteases,prefix,pro,tease,True,family,2.37,2.34e-07,0.26660677790641785
trader,suffix,er,trade,True,freeroot,3.77,5.89e-06,0.26661837100982666
leisurely,suffix,ly,leisure,True,freeroot,3.05,1.12e-06,0.2666318118572235
protuberance,suffix,ance,protuber,False,family,1.9,7.94e-08,0.2666550874710083
adornment,suffix,ment,adorn,True,family,2.47,2.95e-07,0.2666994333267212
disuse,prefix,dis,use,True,family,2.59,3.89e-07,0.26696333289146423
spooky,suffix,y,spook,True,freeroot,3.53,3.39e-06,0.2670387625694275
adversity,suffix,ity,adverse,True,family,3.38,2.4e-06,0.2671296298503876
falconer,suffix,er,falcon,True,family,2.81,6.46e-07,0.26713305711746216
knowingly,suffix,ly,know,True,family,3.5,3.16e-06,0.2671688199043274
profoundly,suffix,ly,profound,True,family,3.51,3.24e-06,0.26723361015319824
squally,suffix,y,squall,True,freeroot,1.83,6.76e-08,0.2673223316669464
ashen,suffix,en,ash,True,family,2.48,3.02e-07,0.26735302805900574
resurface,prefix,re,surface,True,freeroot,2.63,4.27e-07,0.2673567533493042
pasty,suffix,y,paste,True,freeroot,2.88,7.59e-07,0.26738080382347107
trimmer,suffix,er,trim,True,freeroot,2.78,6.03e-07,0.2673983871936798
imaginary,suffix,ory,imagine,True,family,3.79,6.17e-06,0.26749807596206665
flightless,suffix,less,flight,True,family,2.47,2.95e-07,0.2675420343875885
divination,suffix,ion,divine,True,family,2.89,7.76e-07,0.26755475997924805
overweening,prefix,over,ween,True,freeroot,1.9,7.94e-08,0.2676713764667511
widely,suffix,ly,wide,True,family,4.54,3.47e-05,0.2677419185638428
belie,prefix,be,lie,True,family,2.45,2.82e-07,0.26775655150413513
planter,suffix,er,plant,True,family,3.1,1.26e-06,0.2678576409816742
freshly,suffix,ly,fresh,True,family,3.61,4.07e-06,0.26787009835243225
consume,prefix,co,sume,False,family,3.88,7.59e-06,0.2679058313369751
signal,suffix,al,sign,True,family,4.62,4.17e-05,0.2679082155227661
vastly,suffix,ly,vast,True,family,3.62,4.17e-06,0.2679579257965088
sweetie,suffix,y,sweet,True,family,3.57,3.72e-06,0.26802098751068115
update,prefix,up,date,True,family,4.69,4.9e-05,0.2681053876876831
perturbations,suffix,ion,perturb,True,freeroot,2.49,3.09e-07,0.26818567514419556
behavior,suffix,or,behave,True,family,4.69,4.9e-05,0.2682057321071625
adoration,suffix,ion,adore,True,family,3.11,1.29e-06,0.26830852031707764
assignee,suffix,ee,assign,True,family,2.18,1.51e-07,0.26833733916282654
pulsate,suffix,ate,pulse,True,family,1.81,6.46e-08,0.2685033977031708
alienation,suffix,ion,alien,True,family,3.16,1.45e-06,0.26858532428741455
municipally,suffix,ly,municipal,True,family,2.3,2e-07,0.26859280467033386
relaid,prefix,re,lay,True,family,1.89,7.76e-08,0.26866406202316284
uncharged,prefix,un,charge,True,family,2.1,1.26e-07,0.26874834299087524
dreadful,suffix,ful,dread,True,freeroot,3.66,4.57e-06,0.26876193284988403
haughtily,suffix,ly,haughty,True,family,1.79,6.17e-08,0.26884064078330994
unrelated,prefix,un,relate,True,family,3.8,6.31e-06,0.26890069246292114
modestly,suffix,ly,modest,True,family,3.06,1.15e-06,0.2689151465892792
diversity,suffix,ity,diverse,True,family,4.32,2.09e-05,0.2689250111579895
touchy,suffix,y,touch,True,family,3.14,1.38e-06,0.2690718472003937
position,suffix,ion,posit,True,family,5.21,0.000162,0.2690725326538086
operable,suffix,able,oper,True,family,2.65,4.47e-07,0.2690778076648712
iberian,suffix,n,iberia,True,freeroot,2.84,6.92e-07,0.2691372334957123
verbiage,suffix,age,verb,True,family,2.43,2.69e-07,0.2692105770111084
hatless,suffix,less,hat,True,family,1.62,4.17e-08,0.26923802495002747
materialize,suffix,ize,material,True,family,2.99,9.77e-07,0.26939016580581665
crucify,suffix,ify,crux,True,freeroot,2.69,4.9e-07,0.2694076895713806
epicurean,suffix,ian,epicure,True,freeroot,2.3,2e-07,0.26949140429496765
choker,suffix,er,choke,True,freeroot,2.6,3.98e-07,0.26966601610183716
annual,suffix,al,ann,True,family,4.94,8.71e-05,0.26979634165763855
excoriation,suffix,ion,excoriate,True,freeroot,1.57,3.72e-08,0.26987773180007935
acclamation,suffix,ion,acclaim,True,freeroot,2.4,2.51e-07,0.26988962292671204
authority,suffix,ity,author,True,family,4.81,6.46e-05,0.2699592113494873
taker,suffix,er,take,True,family,3.23,1.7e-06,0.2701003849506378
jailer,suffix,er,jail,True,freeroot,2.61,4.07e-07,0.2701641321182251
matronly,suffix,ly,matron,True,freeroot,1.9,7.94e-08,0.27020853757858276
engagement,suffix,ment,engage,True,family,4.31,2.04e-05,0.27031514048576355
feudal,suffix,al,feud,True,family,3.36,2.29e-06,0.27034175395965576
complacently,suffix,ly,complacent,True,freeroot,1.89,7.76e-08,0.2704082131385803
overbearing,prefix,over,bear,True,family,2.91,8.13e-07,0.27042222023010254
yearling,suffix,ling,year,True,family,2.68,4.79e-07,0.270447313785553
entirely,suffix,ly,entire,True,family,4.72,5.25e-05,0.27049070596694946
fatherless,suffix,less,father,True,family,2.61,4.07e-07,0.27064865827560425
unskilled,prefix,un,skill,True,family,3.05,1.12e-06,0.27076640725135803
upholstered,prefix,up,holster,True,freeroot,2.65,4.47e-07,0.2708612084388733
rejig,prefix,re,jig,True,family,1.52,3.31e-08,0.27088662981987
mishandle,prefix,mis,handle,True,family,1.71,5.13e-08,0.27093636989593506
bouncer,suffix,er,bounce,True,family,3.12,1.32e-06,0.27093884348869324
encrusted,prefix,en,crust,True,family,2.75,5.62e-07,0.27095934748649597
compactly,suffix,ly,compact,True,family,2.14,1.38e-07,0.27102455496788025
adaptation,suffix,ion,adapt,True,family,4.01,1.02e-05,0.27106934785842896
unknowing,prefix,un,know,True,family,2.51,3.24e-07,0.2710750102996826
outmoded,prefix,out,mode,True,family,2.55,3.55e-07,0.2711164951324463
waken,suffix,en,wake,True,family,2.29,1.95e-07,0.27122941613197327
debatable,suffix,able,debate,True,family,3.13,1.35e-06,0.27124035358428955
drinkable,suffix,able,drink,True,family,2.59,3.89e-07,0.2712709307670593
merest,suffix,est,mere,True,family,2.21,1.62e-07,0.2712840437889099
axial,suffix,al,axe,True,family,3.15,1.41e-06,0.2712988555431366
retooled,prefix,re,tool,True,freeroot,2.29,1.95e-07,0.27130135893821716
unhinge,prefix,un,hinge,True,freeroot,1.77,5.89e-08,0.2713354229927063
shrewish,suffix,ish,shrew,True,freeroot,1.53,3.39e-08,0.2713497281074524
bounteous,suffix,ious,bounty,True,family,1.88,7.59e-08,0.2714052200317383
phony,suffix,y,phone,True,freeroot,3.35,2.24e-06,0.27142342925071716
bestial,suffix,al,beast,True,family,2.39,2.45e-07,0.27151021361351013
indecent,prefix,im,decent,True,family,3.21,1.62e-06,0.2715113162994385
besotted,prefix,be,sot,True,freeroot,2.34,2.19e-07,0.27155601978302
castration,suffix,ion,castrate,True,freeroot,2.78,6.03e-07,0.2717215418815613
unarmed,prefix,un,arm,True,family,3.72,5.25e-06,0.2717885375022888
resolutely,suffix,ly,resolute,True,family,2.82,6.61e-07,0.271821528673172
fully,suffix,y,full,True,family,4.89,7.76e-05,0.27182886004447937
thrown,suffix,n,throw,True,family,4.4,2.51e-05,0.2718558609485626
hurdler,suffix,er,hurdle,True,freeroot,2.37,2.34e-07,0.27188563346862793
cadaverous,suffix,ious,cadaver,True,freeroot,1.67,4.68e-08,0.271933376789093
jackie,suffix,ie,jack,True,family,3.97,9.33e-06,0.2719907760620117
sacrament,suffix,ment,sacro,True,family,3.19,1.55e-06,0.2720052897930145
courageous,suffix,ious,courage,True,family,3.59,3.89e-06,0.27202272415161133
bulgy,suffix,y,bulge,True,freeroot,1.56,3.63e-08,0.2720871865749359
descendant,suffix,ant,descend,True,freeroot,3.3,2e-06,0.2721141278743744
embark,prefix,en,bark,True,family,3.4,2.51e-06,0.2721438705921173
puncher,suffix,er,punch,True,family,2.4,2.51e-07,0.272148460149765
attestation,suffix,ion,attest,True,freeroot,2.61,4.07e-07,0.27218034863471985
brushy,suffix,y,brush,True,family,2.19,1.55e-07,0.2721862196922302
whiten,suffix,en,white,True,family,2.41,2.57e-07,0.2722212076187134
bubbly,suffix,y,bubble,True,freeroot,3.2,1.58e-06,0.2722282111644745
developer,suffix,er,develop,True,family,4.2,1.58e-05,0.2722524404525757
thrifty,suffix,y,thrift,True,freeroot,2.86,7.24e-07,0.27230125665664673
literal,suffix,al,litera,True,family,3.77,5.89e-06,0.27231523394584656
discourteous,prefix,dis,courteous,True,family,2.11,1.29e-07,0.27241867780685425
sparkler,suffix,er,sparkle,True,freeroot,2.22,1.66e-07,0.27242371439933777
solvent,suffix,ant,solve,True,family,3.44,2.75e-06,0.2724427282810211
insist,prefix,in,sist,False,family,4.03,1.07e-05,0.27244848012924194
emancipation,suffix,ion,emancipate,True,family,3.28,1.91e-06,0.27246665954589844
rapidity,suffix,ity,rapid,True,family,2.37,2.34e-07,0.27247142791748047
cutter,suffix,er,cut,True,family,3.7,5.01e-06,0.2725805938243866
danish,suffix,ish,dane,True,freeroot,3.91,8.13e-06,0.2726303040981293
adulterate,suffix,ate,adulter,False,family,1.65,4.47e-08,0.27263256907463074
cookery,suffix,ory,cook,True,family,3.12,1.32e-06,0.2727190852165222
smallness,suffix,ness,small,True,family,2.18,1.51e-07,0.27272307872772217
manoeuvrable,suffix,able,manoeuvre,True,family,1.92,8.32e-08,0.27274054288864136
manifestly,suffix,ly,manifest,True,family,2.67,4.68e-07,0.27277374267578125
doubtless,suffix,less,doubt,True,family,3.09,1.23e-06,0.2727853059768677
hysteric,suffix,ic,hyster,False,family,2.06,1.15e-07,0.27278679609298706
perplexity,suffix,ity,perplex,True,freeroot,2.14,1.38e-07,0.27279233932495117
thruster,suffix,er,thrust,True,freeroot,2.69,4.9e-07,0.272842675447464
permissible,suffix,able,permit,True,family,3.2,1.58e-06,0.2728506326675415
brasher,suffix,er,brash,True,family,2.07,1.17e-07,0.27285611629486084
interfaith,prefix,inter,faith,True,family,2.9,7.94e-07,0.2729162871837616
gondolier,suffix,er,gondol,False,family,1.84,6.92e-08,0.2730207145214081
lanky,suffix,y,lank,True,freeroot,2.73,5.37e-07,0.27304932475090027
lifeless,suffix,less,life,True,family,3.23,1.7e-06,0.2731068432331085
occlusion,suffix,ion,occlude,True,family,2.75,5.62e-07,0.27311864495277405
offbeat,prefix,off,beat,True,family,2.77,5.89e-07,0.2732035219669342
imputation,suffix,ion,impute,True,freeroot,2.29,1.95e-07,0.2732154130935669
attendant,suffix,ant,attend,True,family,3.6,3.98e-06,0.27322283387184143
tiler,suffix,er,tile,True,freeroot,1.91,8.13e-08,0.2732729911804199
leverage,suffix,age,lever,True,freeroot,3.88,7.59e-06,0.2732738256454468
debase,prefix,de,base,True,family,2.1,1.26e-07,0.27339211106300354
fixture,suffix,ure,fix,True,family,3.67,4.68e-06,0.27341148257255554
splicer,suffix,er,splice,True,freeroot,1.9,7.94e-08,0.2734222412109375
worthy,suffix,y,worth,True,family,4.29,1.95e-05,0.27348360419273376
selector,suffix,or,select,True,family,3.17,1.48e-06,0.27350330352783203
marker,suffix,er,mark,True,family,3.87,7.41e-06,0.2735139727592468
woolly,suffix,y,wool,True,family,3.05,1.12e-06,0.27351808547973633
dusky,suffix,y,dusk,True,freeroot,2.83,6.76e-07,0.2736097276210785
fleecy,suffix,y,fleece,True,freeroot,1.8,6.31e-08,0.2739160656929016
prestigious,suffix,ious,prestige,True,freeroot,3.86,7.24e-06,0.2739523947238922
armlet,suffix,let,arm,True,family,1.61,4.07e-08,0.2739979922771454
governor,suffix,or,govern,True,family,4.71,5.13e-05,0.27406513690948486
notarized,suffix,ize,notar,True,family,2.47,2.95e-07,0.27407199144363403
endurable,suffix,able,endure,True,family,1.54,3.47e-08,0.2741383910179138
crunchy,suffix,y,crunch,True,freeroot,3.22,1.66e-06,0.2741428017616272
impatient,prefix,im,patient,True,family,3.55,3.55e-06,0.27420929074287415
gratify,suffix,ify,grat,True,family,2.28,1.91e-07,0.2742759883403778
demurrer,suffix,er,demur,True,freeroot,1.55,3.55e-08,0.27428489923477173
encircle,prefix,en,circle,True,family,2.61,4.07e-07,0.2743556499481201
unlicensed,prefix,un,license,True,family,3.1,1.26e-06,0.27436208724975586
unscripted,prefix,un,script,True,family,2.55,3.55e-07,0.274415522813797
earthy,suffix,y,earth,True,family,3.02,1.05e-06,0.2745383083820343
interment,suffix,ment,inter,True,family,2.75,5.62e-07,0.2745612859725952
eyelet,suffix,let,eye,True,family,2.17,1.48e-07,0.2745935022830963
moralize,suffix,ize,morale,True,family,1.74,5.5e-08,0.27463585138320923
debrief,prefix,de,brief,True,family,2.45,2.82e-07,0.274638295173645
impostor,suffix,or,impost,True,family,2.8,6.31e-07,0.27464166283607483
afloat,prefix,a,float,True,family,3.33,2.14e-06,0.2746655344963074
staleness,suffix,ness,stale,True,freeroot,1.7,5.01e-08,0.27469155192375183
performer,suffix,er,perform,True,family,3.8,6.31e-06,0.2747221291065216
untruth,prefix,un,truth,True,family,2.22,1.66e-07,0.27478042244911194
knotty,suffix,y,knot,True,freeroot,2.51,3.24e-07,0.2749813199043274
sainthood,suffix,hood,saint,True,family,2.44,2.75e-07,0.274989515542984
defuse,prefix,de,fuse,True,family,2.88,7.59e-07,0.27501538395881653
passable,suffix,able,pass,True,family,2.8,6.31e-07,0.275034099817276
meaty,suffix,y,meat,True,family,3.01,1.02e-06,0.27506378293037415
squatter,suffix,er,squat,True,freeroot,2.55,3.55e-07,0.2750791013240814
contiguity,suffix,ity,contigu,False,family,1.78,6.03e-08,0.275084912776947
vitally,suffix,ly,vital,True,family,2.94,8.71e-07,0.2751983106136322
erotic,suffix,ic,eros,True,freeroot,3.74,5.5e-06,0.27520835399627686
grudgingly,suffix,ly,grudge,True,family,2.63,4.27e-07,0.2752476632595062
stimulant,suffix,ant,stimul,False,family,3.06,1.15e-06,0.2752516567707062
vexatious,suffix,ious,vex,True,family,2.27,1.86e-07,0.2752658724784851
pursuant,suffix,ant,pursue,True,family,3.56,3.63e-06,0.2753773331642151
unsold,prefix,un,sold,True,family,2.88,7.59e-07,0.2753966152667999
smudgy,suffix,y,smudge,True,freeroot,1.79,6.17e-08,0.2754248380661011
boneless,suffix,less,bone,True,family,2.75,5.62e-07,0.27542513608932495
unload,prefix,un,load,True,family,3.24,1.74e-06,0.27549707889556885
reputable,suffix,able,repute,True,family,3.41,2.57e-06,0.2755069136619568
stony,suffix,y,stone,True,freeroot,3.3,2e-06,0.2755378484725952
uncut,prefix,un,cut,True,family,3.25,1.78e-06,0.2755686640739441
liberal,suffix,al,liber,True,family,4.66,4.57e-05,0.2756301462650299
bony,suffix,y,bone,True,family,3.25,1.78e-06,0.2756499648094177
grabber,suffix,er,grab,True,freeroot,2.54,3.47e-07,0.27576127648353577
adequate,suffix,ate,adequ,False,family,4.05,1.12e-05,0.2758811116218567
immobile,prefix,im,mobile,True,family,2.93,8.51e-07,0.2760460674762726
sender,suffix,er,send,True,freeroot,3.21,1.62e-06,0.27607208490371704
terrible,suffix,able,terr,True,family,4.71,5.13e-05,0.2760753631591797
uproot,prefix,up,root,True,family,2.63,4.27e-07,0.27621030807495117
underpay,prefix,under,pay,True,family,1.72,5.25e-08,0.27621135115623474
nominee,suffix,ee,nomin,False,family,3.96,9.12e-06,0.2762415409088135
actress,suffix,ess,act,True,family,4.45,2.82e-05,0.2764309048652649
calcified,suffix,ify,calc,True,family,2.36,2.29e-07,0.2765241265296936
boiler,suffix,er,boil,True,freeroot,3.71,5.13e-06,0.2766024172306061
porous,suffix,ious,pore,True,freeroot,3.37,2.34e-06,0.2766832709312439
booster,suffix,er,boost,True,freeroot,3.56,3.63e-06,0.27685004472732544
personal,suffix,al,person,True,family,5.2,0.000158,0.27685707807540894
unthinking,prefix,un,think,True,family,2.36,2.29e-07,0.27691522240638733
rhetorician,suffix,ian,rhetoric,True,family,1.91,8.13e-08,0.2769683599472046
unpublished,prefix,un,publish,True,family,3.41,2.57e-06,0.2769804298877716
typify,suffix,ify,typo,True,family,2.01,1.02e-07,0.2770056426525116
disable,prefix,dis,able,True,family,3.52,3.31e-06,0.277027428150177
outside,prefix,out,side,True,family,5.25,0.000178,0.27710026502609253
nectarine,suffix,ine,nectar,True,freeroot,2.08,1.2e-07,0.2771378457546234
stillness,suffix,ness,still,True,family,2.98,9.55e-07,0.2771494388580322
bejewelled,prefix,be,jewel,True,family,1.73,5.37e-08,0.2771841883659363
declarative,suffix,ive,declare,True,family,2.63,4.27e-07,0.2772049903869629
disgrace,prefix,dis,grace,True,family,3.73,5.37e-06,0.2772318720817566
augury,suffix,y,augur,True,freeroot,1.9,7.94e-08,0.27733314037323
mandate,suffix,ate,mand,True,family,3.97,9.33e-06,0.277347207069397
forefather,prefix,fore,father,True,family,2.01,1.02e-07,0.27736613154411316
libidinous,suffix,ious,libid,False,family,1.98,9.55e-08,0.27738016843795776
quicken,suffix,en,quick,True,family,2.86,7.24e-07,0.27739372849464417
mistimed,prefix,mis,time,True,family,1.92,8.32e-08,0.27743420004844666
blonder,suffix,er,blond,True,freeroot,1.93,8.51e-08,0.277453750371933
ringlet,suffix,let,ring,True,family,1.61,4.07e-08,0.27747002243995667
governance,suffix,ance,govern,True,family,4.09,1.23e-05,0.27755385637283325
adequacy,suffix,acy,adequ,False,family,2.85,7.08e-07,0.2776452302932739
sermonizing,suffix,ize,sermon,True,freeroot,1.51,3.24e-08,0.27780410647392273
lately,suffix,ly,late,True,family,4.41,2.57e-05,0.2780230641365051
ambrosial,suffix,al,ambrosia,True,freeroot,1.61,4.07e-08,0.2781117558479309
formalist,suffix,ist,formal,True,family,2.1,1.26e-07,0.27817076444625854
baronial,suffix,al,baron,True,family,2.19,1.55e-07,0.27823686599731445
palliation,suffix,ion,palliate,True,family,1.59,3.89e-08,0.2782976031303406
euclidean,suffix,ian,euclid,True,freeroot,2.79,6.17e-07,0.27845001220703125
cognizant,suffix,ant,cognize,False,family,2.82,6.61e-07,0.27859359979629517
defrost,prefix,de,frost,True,family,2.5,3.16e-07,0.278613418340683
remainder,suffix,er,remain,True,freeroot,4.03,1.07e-05,0.27866026759147644
feudatory,suffix,ory,feud,True,family,1.62,4.17e-08,0.2787059545516968
passage,suffix,age,pass,True,family,4.27,1.86e-05,0.2787122428417206
unattended,prefix,un,attend,True,family,3.18,1.51e-06,0.27877333760261536
shaky,suffix,y,shake,True,family,3.45,2.82e-06,0.2788507342338562
remodel,prefix,re,model,True,family,2.92,8.32e-07,0.278862863779068
infallible,prefix,im,fallible,True,family,3.02,1.05e-06,0.2788788080215454
resourceful,suffix,ful,resource,True,freeroot,3.08,1.2e-06,0.2788802981376648
segmental,suffix,al,segment,True,family,2.49,3.09e-07,0.27888864278793335
ulcerated,suffix,ate,ulcer,True,family,1.87,7.41e-08,0.27888914942741394
invasive,suffix,ive,invade,True,family,3.69,4.9e-06,0.2789037525653839
mislaid,prefix,mis,lay,True,family,2.26,1.82e-07,0.2790699005126953
mutability,suffix,ity,mutable,True,family,1.93,8.51e-08,0.27911680936813354
rectal,suffix,al,rect,False,family,2.9,7.94e-07,0.2793441712856293
lockable,suffix,able,lock,True,family,2.1,1.26e-07,0.2794297933578491
foreplay,prefix,fore,play,True,family,3.01,1.02e-06,0.2794441282749176
sassy,suffix,y,sass,True,freeroot,3.21,1.62e-06,0.27947381138801575
transferral,suffix,al,transfer,True,family,1.53,3.39e-08,0.279602974653244
retain,prefix,re,tain,True,family,4.16,1.45e-05,0.2796051502227783
erratic,suffix,ic,err,True,family,3.34,2.19e-06,0.27982252836227417
expandable,suffix,able,expand,True,family,2.72,5.25e-07,0.27992063760757446
randomly,suffix,ly,random,True,family,3.97,9.33e-06,0.28002187609672546
hoarseness,suffix,ness,hoarse,True,family,1.89,7.76e-08,0.2801070511341095
anticyclone,prefix,anti,cyclone,True,family,1.69,4.9e-08,0.2801670730113983
plausibility,suffix,ity,plausible,True,family,2.55,3.55e-07,0.2802179753780365
tonic,suffix,ic,tone,True,family,3.39,2.45e-06,0.2802986204624176
largely,suffix,ly,large,True,family,4.61,4.07e-05,0.28039708733558655
employable,suffix,able,employ,True,family,2.42,2.63e-07,0.2804568111896515
forester,suffix,er,forest,True,family,2.98,9.55e-07,0.2804940342903137
perspicacious,suffix,ious,perspic,False,family,1.7,5.01e-08,0.2806403934955597
legibly,suffix,y,legible,True,family,1.88,7.59e-08,0.28064122796058655
repugnance,suffix,ance,repugn,False,family,1.87,7.41e-08,0.2806697189807892
undersell,prefix,under,sell,True,family,1.9,7.94e-08,0.28067994117736816
plasterer,suffix,er,plaster,True,freeroot,2.23,1.7e-07,0.28068286180496216
textual,suffix,al,text,True,family,3.34,2.19e-06,0.28069639205932617
baptist,suffix,ist,bapt,True,family,3.86,7.24e-06,0.2807636857032776
retraining,prefix,re,train,True,family,2.75,5.62e-07,0.2808467149734497
scruffy,suffix,y,scruff,True,freeroot,2.85,7.08e-07,0.28091275691986084
fallibility,suffix,ity,fallible,True,family,2.15,1.41e-07,0.28092285990715027
discharge,prefix,dis,charge,True,family,3.93,8.51e-06,0.28094416856765747
bloomer,suffix,er,bloom,True,freeroot,2.66,4.57e-07,0.2809479534626007
syllabic,suffix,ic,syllab,False,family,2.34,2.19e-07,0.28100430965423584
caucasian,suffix,n,caucasia,True,freeroot,3.44,2.75e-06,0.2810438573360443
restorer,suffix,er,restore,True,family,2.46,2.88e-07,0.28108057379722595
impetuosity,suffix,ity,impetuous,True,family,1.64,4.37e-08,0.28114596009254456
patrician,suffix,ian,pater,True,family,2.64,4.37e-07,0.28115686774253845
shivery,suffix,y,shiver,True,freeroot,1.73,5.37e-08,0.2813032865524292
condolence,suffix,ance,condole,True,freeroot,2.78,6.03e-07,0.28143903613090515
revive,prefix,re,vive,True,family,3.68,4.79e-06,0.2814456522464752
foreigner,suffix,er,foreign,True,freeroot,3.48,3.02e-06,0.2814987599849701
dispenser,suffix,er,dispense,True,family,3.03,1.07e-06,0.28152140974998474
eater,suffix,er,eat,True,family,3.42,2.63e-06,0.2815273404121399
afterward,suffix,ward,after,True,freeroot,3.83,6.76e-06,0.2816324532032013
wakeful,suffix,ful,wake,True,family,1.94,8.71e-08,0.2816711962223053
aversion,suffix,ion,averse,True,family,3.25,1.78e-06,0.2817755937576294
upstanding,prefix,up,stand,True,family,2.77,5.89e-07,0.2818778455257416
escapee,suffix,ee,escape,True,family,2.33,2.14e-07,0.28195542097091675
penitent,suffix,ant,penit,False,family,2.58,3.8e-07,0.28197142481803894
wholesome,suffix,some,whole,True,family,3.51,3.24e-06,0.2819932997226715
trustful,suffix,ful,trust,True,family,2.05,1.12e-07,0.28212642669677734
payee,suffix,ee,pay,True,family,2.29,1.95e-07,0.2822435200214386
theorize,suffix,ize,theor,False,family,2.54,3.47e-07,0.282294899225235
unacquainted,prefix,un,acquaint,True,family,1.82,6.61e-08,0.28234168887138367
decipher,prefix,de,cipher,True,freeroot,3.14,1.38e-06,0.282362699508667
implore,prefix,in,plore,False,family,2.84,6.92e-07,0.28243231773376465
ascendant,suffix,ant,ascend,True,family,2.87,7.41e-07,0.2824428677558899
community,suffix,ity,commune,True,family,5.34,0.000219,0.2824840843677521
sparsely,suffix,ly,sparse,True,family,3.1,1.26e-06,0.28254199028015137
comradeship,suffix,ship,comrade,True,family,2.23,1.7e-07,0.2825506031513214
thermionic,suffix,ic,thermo,True,family,1.91,8.13e-08,0.2828100621700287
ostensibly,suffix,y,ostensible,True,freeroot,3.35,2.24e-06,0.2828158140182495
dieters,suffix,er,diet,True,family,2.28,1.91e-07,0.2828911244869232
overcompensate,prefix,over,compensate,True,family,2.19,1.55e-07,0.2829591631889343
ablative,suffix,ive,ablate,True,family,2.31,2.04e-07,0.2830444276332855
eligible,suffix,able,elect,True,freeroot,4.29,1.95e-05,0.2830473780632019
faintness,suffix,ness,faint,True,family,1.75,5.62e-08,0.28310784697532654
dualities,suffix,ity,dual,True,family,1.85,7.08e-08,0.28327634930610657
upper,suffix,er,up,True,family,4.72,5.25e-05,0.2833556532859802
enfold,prefix,en,fold,True,family,1.87,7.41e-08,0.283382773399353
unmanaged,prefix,un,manage,True,family,2.16,1.45e-07,0.2834376394748688
acceptable,suffix,able,accept,True,family,4.27,1.86e-05,0.283587783575058
tricky,suffix,y,trick,True,family,3.96,9.12e-06,0.28364309668540955
wesleyan,suffix,ian,wesley,True,freeroot,3.05,1.12e-06,0.283648818731308
habitants,suffix,ant,habit,True,family,1.8,6.31e-08,0.28373974561691284
conveyance,suffix,ance,convey,True,family,2.79,6.17e-07,0.28385788202285767
spotty,suffix,y,spot,True,family,2.94,8.71e-07,0.2839357256889343
elliptical,suffix,al,elliptic,True,family,3.21,1.62e-06,0.2839924991130829
penitence,suffix,ance,penit,False,family,2.25,1.78e-07,0.28400373458862305
noiseless,suffix,less,noise,True,family,2.03,1.07e-07,0.28406664729118347
afire,prefix,a,fire,True,family,2.46,2.88e-07,0.28419074416160583
nearness,suffix,ness,near,True,family,2.24,1.74e-07,0.28428012132644653
derivable,suffix,able,derive,True,family,1.64,4.37e-08,0.2844730317592621
crosswind,prefix,cross,wind,True,family,2.15,1.41e-07,0.2844977080821991
perspicacity,suffix,ity,perspic,False,family,1.73,5.37e-08,0.2845976650714874
gobbler,suffix,er,gobble,True,freeroot,2.07,1.17e-07,0.2846294939517975
precut,prefix,pre,cut,True,family,1.76,5.75e-08,0.28482040762901306
abstainers,suffix,er,abstain,True,freeroot,1.53,3.39e-08,0.28484246134757996
hearer,suffix,er,hear,True,family,2.09,1.23e-07,0.2849052846431732
courtship,suffix,ship,court,True,family,3.19,1.55e-06,0.28498783707618713
modesty,suffix,y,modest,True,family,3.24,1.74e-06,0.2850968837738037
dressy,suffix,y,dress,True,family,2.43,2.69e-07,0.28516271710395813
transmute,prefix,trans,mute,True,family,2.19,1.55e-07,0.28522610664367676
frankly,suffix,ly,frank,True,family,4.05,1.12e-05,0.28531306982040405
scabby,suffix,y,scab,True,freeroot,2.02,1.05e-07,0.2853691577911377
parenthood,suffix,hood,parent,True,family,3.51,3.24e-06,0.2853720188140869
enact,prefix,en,act,True,family,3.43,2.69e-06,0.28554269671440125
sensible,suffix,able,sense,True,family,3.98,9.55e-06,0.285549134016037
vulgarian,suffix,ian,vulgar,True,family,1.5,3.16e-08,0.28556230664253235
plumper,suffix,er,plump,True,family,2.14,1.38e-07,0.2855716347694397
impingement,suffix,ment,impinge,True,freeroot,2.28,1.91e-07,0.28559842705726624
penalize,suffix,ize,penal,True,family,2.74,5.5e-07,0.28569281101226807
friendless,suffix,less,friend,True,family,2.49,3.09e-07,0.28579264879226685
wackier,suffix,er,wacky,True,family,1.51,3.24e-08,0.2858239710330963
undernourished,prefix,under,nourish,True,family,2.29,1.95e-07,0.28595656156539917
wanderer,suffix,er,wander,True,freeroot,3.01,1.02e-06,0.2861075699329376
consummation,suffix,ion,consummate,True,freeroot,2.52,3.31e-07,0.28613901138305664
rehash,prefix,re,hash,True,freeroot,2.51,3.24e-07,0.28617385029792786
jungian,suffix,ian,jung,True,freeroot,2.43,2.69e-07,0.28617721796035767
deboned,prefix,de,bone,True,family,1.53,3.39e-08,0.28618451952934265
figural,suffix,al,figure,True,family,2.2,1.58e-07,0.2862865924835205
perpetrator,suffix,or,perpetrate,True,family,3.32,2.09e-06,0.28637000918388367
discard,prefix,dis,card,True,freeroot,3.37,2.34e-06,0.28637054562568665
wrathful,suffix,ful,wrath,True,freeroot,2.21,1.62e-07,0.2863970100879669
senseless,suffix,less,sense,True,family,3.35,2.24e-06,0.28641048073768616
inflame,prefix,in,flame,True,family,2.58,3.8e-07,0.28660333156585693
wrongly,suffix,ly,wrong,True,family,3.46,2.88e-06,0.28660348057746887
promisingly,suffix,ly,promise,True,family,1.78,6.03e-08,0.2866225838661194
overhang,prefix,over,hang,True,family,2.79,6.17e-07,0.28669193387031555
carboniferous,suffix,ious,carbon,True,family,2.92,8.32e-07,0.2868497669696808
heuristically,suffix,ly,heuristic,True,freeroot,1.61,4.07e-08,0.28685349225997925
cohesively,suffix,ly,cohesive,True,family,1.8,6.31e-08,0.2869677245616913
nastily,suffix,ly,nasty,True,family,1.64,4.37e-08,0.28697001934051514
scrupulous,suffix,ious,scruple,True,freeroot,2.57,3.72e-07,0.2870502769947052
skilful,suffix,ful,skill,True,family,2.91,8.13e-07,0.28714150190353394
shyster,suffix,ster,shy,True,family,1.86,7.24e-08,0.2873409390449524
motherless,suffix,less,mother,True,family,2.37,2.34e-07,0.28745269775390625
crossbones,prefix,cross,bone,True,family,2.31,2.04e-07,0.28745707869529724
spidery,suffix,y,spider,True,freeroot,1.95,8.91e-08,0.2875072658061981
attuned,prefix,a,tune,True,family,2.88,7.59e-07,0.28754305839538574
overkill,prefix,over,kill,True,family,2.98,9.55e-07,0.28759804368019104
revocation,suffix,ion,revoke,True,family,2.93,8.51e-07,0.2876396179199219
preoccupy,prefix,pre,occupy,True,family,1.83,6.76e-08,0.2876642942428589
granular,suffix,ar,granule,True,family,3.01,1.02e-06,0.2876893877983093
overtaxed,prefix,over,tax,True,family,1.98,9.55e-08,0.2878209054470062
entrust,prefix,en,trust,True,family,2.87,7.41e-07,0.28785374760627747
finally,suffix,ly,final,True,family,5.17,0.000148,0.2878645062446594
befriend,prefix,be,friend,True,family,2.93,8.51e-07,0.28788021206855774
lurcher,suffix,er,lurch,True,freeroot,1.83,6.76e-08,0.2880230247974396
lessen,suffix,en,less,True,family,3.37,2.34e-06,0.28804853558540344
trivial,suffix,al,trivia,True,freeroot,3.66,4.57e-06,0.2881219685077667
neural,suffix,al,neuro,True,family,3.76,5.75e-06,0.2881231904029846
profusely,suffix,ly,profuse,True,family,2.98,9.55e-07,0.2881772518157959
contamination,suffix,ion,contaminate,True,family,3.7,5.01e-06,0.28823885321617126
smoky,suffix,y,smoke,True,family,3.33,2.14e-06,0.28825393319129944
observance,suffix,ance,observe,True,family,3.13,1.35e-06,0.2882733941078186
perpetration,suffix,ion,perpetrate,True,family,1.97,9.33e-08,0.2884233593940735
gluttony,suffix,y,glutton,True,freeroot,2.68,4.79e-07,0.28844037652015686
rectum,suffix,ium,rect,False,family,2.96,9.12e-07,0.28844934701919556
popular,suffix,ar,popul,False,family,5.07,0.000117,0.28846773505210876
jurist,suffix,ist,jur,True,family,2.7,5.01e-07,0.2884927988052368
unformed,prefix,un,form,True,family,2.03,1.07e-07,0.2885359525680542
discovery,suffix,y,discover,True,family,4.45,2.82e-05,0.28855904936790466
proscribe,prefix,pro,script,True,family,1.82,6.61e-08,0.2887064218521118
hollowness,suffix,ness,hollow,True,freeroot,1.95,8.91e-08,0.28887268900871277
statehood,suffix,hood,state,True,family,3.08,1.2e-06,0.288880854845047
depress,prefix,de,press,True,family,2.86,7.24e-07,0.2890240550041199
negress,suffix,ess,negro,True,family,1.67,4.68e-08,0.28902992606163025
acutely,suffix,ly,acute,True,family,3.13,1.35e-06,0.2891617715358734
retrieval,suffix,al,retrieve,True,family,3.33,2.14e-06,0.2891683578491211
existent,suffix,ant,exist,True,family,3.51,3.24e-06,0.2891792953014374
learner,suffix,er,learn,True,family,3.35,2.24e-06,0.28923195600509644
registrant,suffix,ant,register,True,family,2.61,4.07e-07,0.2892422676086426
unredeemed,prefix,un,redeem,True,family,1.76,5.75e-08,0.28943926095962524
summary,suffix,y,summar,False,family,4.37,2.34e-05,0.28952187299728394
overstep,prefix,over,step,True,family,2.38,2.4e-07,0.28953033685684204
totality,suffix,ity,total,True,family,2.98,9.55e-07,0.28956538438796997
misrule,prefix,mis,rule,True,family,2.17,1.48e-07,0.2895980477333069
unquestioned,prefix,un,question,True,family,2.54,3.47e-07,0.2896232008934021
audition,suffix,ion,audio,True,family,3.77,5.89e-06,0.2896295189857483
overlying,prefix,over,lie,True,family,2.61,4.07e-07,0.28964629769325256
interpose,prefix,inter,pose,True,family,1.72,5.25e-08,0.2896590828895569
enjoins,prefix,en,join,True,family,1.72,5.25e-08,0.28966280817985535
shiny,suffix,y,shine,True,family,3.88,7.59e-06,0.28970959782600403
undeterred,prefix,un,deter,True,family,2.56,3.63e-07,0.28972020745277405
pronunciation,suffix,ion,pronounce,True,family,3.51,3.24e-06,0.28973299264907837
waster,suffix,er,waste,True,family,2.33,2.14e-07,0.28982216119766235
armourer,suffix,er,armor,True,family,1.72,5.25e-08,0.2898504436016083
superman,prefix,super,man,True,family,4.02,1.05e-05,0.2898586690425873
sparsity,suffix,ity,sparse,True,family,1.86,7.24e-08,0.28986549377441406
peremptorily,suffix,ly,peremptory,True,freeroot,1.7,5.01e-08,0.2898809015750885
loopy,suffix,y,loop,True,freeroot,2.67,4.68e-07,0.28996363282203674
spineless,suffix,less,spine,True,family,2.91,8.13e-07,0.2899845242500305
boyish,suffix,ish,boy,True,family,2.79,6.17e-07,0.2900145947933197
discoverer,suffix,er,discover,True,family,2.7,5.01e-07,0.29010921716690063
purism,suffix,ism,pure,True,family,1.83,6.76e-08,0.29011109471321106
pressure,suffix,ure,press,True,family,5.01,0.000102,0.29016801714897156
mutuality,suffix,ity,mutual,True,family,2.13,1.35e-07,0.29020366072654724
diner,suffix,er,dine,True,freeroot,3.48,3.02e-06,0.29032957553863525
overwrought,prefix,over,wrought,True,freeroot,2.47,2.95e-07,0.2903508245944977
rudderless,suffix,less,rudder,True,freeroot,2.15,1.41e-07,0.29037725925445557
flammable,suffix,able,flame,True,family,3.17,1.48e-06,0.2904101312160492
hardship,suffix,ship,hard,True,family,3.56,3.63e-06,0.2904580533504486
misspell,prefix,mis,spell,True,family,2.26,1.82e-07,0.2904924154281616
immutable,prefix,im,mutable,True,family,2.85,7.08e-07,0.2905884385108948
beardless,suffix,less,beard,True,freeroot,2.07,1.17e-07,0.290661096572876
refinery,suffix,ory,refine,True,family,3.49,3.09e-06,0.2906692326068878
lovely,suffix,ly,love,True,family,4.74,5.5e-05,0.2908514440059662
suggestible,suffix,able,suggest,True,family,1.87,7.41e-08,0.29087725281715393
comparable,suffix,able,compare,True,family,4.08,1.2e-05,0.2908952534198761
seeker,suffix,er,seek,True,freeroot,3.41,2.57e-06,0.29092711210250854
misanthrope,prefix,mis,anthropo,False,family,2.2,1.58e-07,0.2909286916255951
corpulence,suffix,ance,corpul,False,family,1.5,3.16e-08,0.2909349799156189
dispensable,suffix,able,dispense,True,family,2.19,1.55e-07,0.29096341133117676
lamentable,suffix,able,lament,True,family,2.47,2.95e-07,0.2909848988056183
lactation,suffix,ion,lactate,True,freeroot,2.84,6.92e-07,0.29099154472351074
roughened,suffix,en,rough,True,family,1.86,7.24e-08,0.29099220037460327
triumvirate,suffix,ate,triumvir,True,freeroot,2.55,3.55e-07,0.2909923195838928
stammerer,suffix,er,stammer,True,freeroot,1.57,3.72e-08,0.29109176993370056
untrue,prefix,un,true,True,family,3.41,2.57e-06,0.29111364483833313
fibrous,suffix,ious,fiber,True,family,2.94,8.71e-07,0.29112350940704346
recheck,prefix,re,check,True,family,2.37,2.34e-07,0.2912173867225647
inscribe,prefix,in,script,True,family,2.19,1.55e-07,0.29123416543006897
thresher,suffix,er,thresh,True,freeroot,2.34,2.19e-07,0.2913854718208313
craggy,suffix,y,crag,True,freeroot,2.54,3.47e-07,0.2914414405822754
maoism,suffix,ism,mao,True,family,2.13,1.35e-07,0.2916156053543091
unflinching,prefix,un,flinch,True,freeroot,2.59,3.89e-07,0.291677325963974
wanker,suffix,er,wank,True,freeroot,2.95,8.91e-07,0.29168546199798584
lassie,suffix,y,lass,True,freeroot,2.71,5.13e-07,0.29174312949180603
briskly,suffix,ly,brisk,True,family,2.6,3.98e-07,0.29174840450286865
crusty,suffix,y,crust,True,family,3.01,1.02e-06,0.29175761342048645
occasional,suffix,al,occasion,True,freeroot,4.12,1.32e-05,0.29192060232162476
anion,prefix,a,ion,True,family,2.7,5.01e-07,0.29198217391967773
unprompted,prefix,un,prompt,True,family,2.05,1.12e-07,0.29203447699546814
thoroughly,suffix,ly,thorough,True,family,4.09,1.23e-05,0.29207777976989746
damnable,suffix,able,damn,True,family,2.16,1.45e-07,0.29211583733558655
focal,suffix,al,foc,True,family,3.67,4.68e-06,0.2921285629272461
promptly,suffix,ly,prompt,True,family,3.84,6.92e-06,0.29228392243385315
busyness,suffix,ness,busy,True,family,2.06,1.15e-07,0.29230833053588867
sublimity,suffix,ity,sublime,True,family,1.97,9.33e-08,0.2923160195350647
crossfire,prefix,cross,fire,True,family,3.08,1.2e-06,0.2923243045806885
destiny,suffix,y,destine,True,family,4.19,1.55e-05,0.29232463240623474
computation,suffix,ion,compute,True,family,3.35,2.24e-06,0.29247695207595825
inlay,prefix,in,lay,True,family,2.68,4.79e-07,0.2925594747066498
nerveless,suffix,less,nerve,True,family,1.75,5.62e-08,0.292606920003891
explorer,suffix,er,explore,True,family,3.85,7.08e-06,0.29267454147338867
aimless,suffix,less,aim,True,freeroot,2.65,4.47e-07,0.2927534282207489
recast,prefix,re,cast,True,family,2.94,8.71e-07,0.2927728593349457
categorize,suffix,ize,categor,False,family,2.92,8.32e-07,0.2929559350013733
engrave,prefix,en,grave,True,family,2.37,2.34e-07,0.29314398765563965
unprotected,prefix,un,protect,True,family,3.29,1.95e-06,0.2931910753250122
vegetarian,suffix,ian,veget,False,family,3.78,6.03e-06,0.29319190979003906
justly,suffix,ly,just,True,family,2.84,6.92e-07,0.293203741312027
derisory,suffix,ory,deride,True,family,1.77,5.89e-08,0.29320529103279114
disfavor,prefix,dis,favor,True,family,2.07,1.17e-07,0.2932133376598358
fixedly,suffix,ly,fix,True,family,1.87,7.41e-08,0.2932625412940979
misrepresent,prefix,mis,represent,True,family,2.65,4.47e-07,0.29331761598587036
meaningful,suffix,ful,mean,True,family,4.14,1.38e-05,0.2933601438999176
mayoral,suffix,al,mayor,True,family,3.28,1.91e-06,0.29342833161354065
determination,suffix,ion,determine,True,family,4.16,1.45e-05,0.2935325503349304
overlord,prefix,over,lord,True,family,3.02,1.05e-06,0.293686181306839
shyly,suffix,ly,shy,True,family,2.42,2.63e-07,0.29372748732566833
gaily,suffix,ly,gay,True,family,2.2,1.58e-07,0.2938145101070404
herbage,suffix,age,herb,True,family,1.83,6.76e-08,0.29383963346481323
inky,suffix,y,ink,True,freeroot,2.6,3.98e-07,0.2939293682575226
unzip,prefix,un,zip,True,family,2.55,3.55e-07,0.2940114438533783
diagrammatic,suffix,ic,diagram,True,freeroot,1.87,7.41e-08,0.2940129339694977
alkaloids,suffix,oid,alkal,False,family,2.67,4.68e-07,0.2941439747810364
imbalance,prefix,im,balance,True,family,3.46,2.88e-06,0.2941698133945465
pessimism,suffix,ism,pessim,False,family,2.97,9.33e-07,0.29429060220718384
stringency,suffix,ancy,string,True,family,1.84,6.92e-08,0.2943209707736969
sterilize,suffix,ize,sterile,True,family,2.62,4.17e-07,0.294333279132843
scribbler,suffix,er,scribble,True,freeroot,1.94,8.71e-08,0.29433679580688477
etcher,suffix,er,etch,True,freeroot,1.88,7.59e-08,0.294370174407959
miscast,prefix,mis,cast,True,family,2.07,1.17e-07,0.2944069504737854
victoria,suffix,ia,victor,True,family,4.44,2.75e-05,0.2945002317428589
arty,suffix,y,art,True,family,2.99,9.77e-07,0.2945418059825897
appellant,suffix,ant,appell,True,family,2.82,6.61e-07,0.2945449948310852
preponderance,suffix,ance,preponder,False,family,2.7,5.01e-07,0.29472461342811584
verbal,suffix,al,verb,True,family,3.91,8.13e-06,0.2947414815425873
planner,suffix,er,plan,True,freeroot,3.53,3.39e-06,0.29486173391342163
sensitive,suffix,ive,sense,True,family,4.46,2.88e-05,0.2948668897151947
heaviness,suffix,ness,heavy,True,family,2.59,3.89e-07,0.2948738634586334
kinder,suffix,er,kind,True,family,3.3,2e-06,0.29489269852638245
ranter,suffix,er,rant,True,freeroot,1.61,4.07e-08,0.2949311435222626
express,prefix,ex,press,True,family,4.68,4.79e-05,0.294950395822525
emanation,suffix,ion,emanate,True,freeroot,2.18,1.51e-07,0.2950479984283447
hyphenate,suffix,ate,hyphen,True,family,1.92,8.32e-08,0.2950575351715088
implant,prefix,in,plant,True,family,3.48,3.02e-06,0.29525381326675415
perusal,suffix,al,peruse,True,freeroot,2.32,2.09e-07,0.29535987973213196
dreamer,suffix,er,dream,True,family,3.28,1.91e-06,0.2954298257827759
pliant,suffix,ant,ply,True,family,2.17,1.48e-07,0.2954498827457428
bifurcation,suffix,ion,bifurcate,True,freeroot,2.47,2.95e-07,0.295475035905838
demagogic,suffix,ic,demagog,False,family,1.84,6.92e-08,0.29548484086990356
purgation,suffix,ion,purge,True,family,1.65,4.47e-08,0.29550328850746155
homey,suffix,y,home,True,family,2.75,5.62e-07,0.2955303192138672
understandable,suffix,able,understand,True,family,3.74,5.5e-06,0.2955476939678192
flaky,suffix,y,flake,True,freeroot,2.87,7.41e-07,0.29555946588516235
smilingly,suffix,ly,smile,True,family,1.74,5.5e-08,0.2957078814506531
loveless,suffix,less,love,True,family,2.73,5.37e-07,0.2959059476852417
leathery,suffix,y,leather,True,freeroot,2.62,4.17e-07,0.2959515154361725
nullity,suffix,ity,null,True,family,2.03,1.07e-07,0.2960919439792633
combustion,suffix,ion,combust,True,family,3.57,3.72e-06,0.2961273193359375
complacency,suffix,y,complacence,True,freeroot,3.05,1.12e-06,0.2961764633655548
connotation,suffix,ion,connote,True,family,2.94,8.71e-07,0.29620054364204407
sceptically,suffix,ly,sceptic,True,family,1.52,3.31e-08,0.2962624728679657
micky,suffix,y,mick,True,freeroot,2.91,8.13e-07,0.2962796688079834
grubby,suffix,y,grub,True,freeroot,2.78,6.03e-07,0.2963317036628723
devotedly,suffix,ly,devote,True,family,1.94,8.71e-08,0.29638707637786865
airless,suffix,less,air,True,family,2.31,2.04e-07,0.2964557707309723
animist,suffix,ist,anim,True,family,2.0,1e-07,0.29650840163230896
childhood,suffix,hood,child,True,family,4.51,3.24e-05,0.29653868079185486
bopper,suffix,er,bop,True,freeroot,2.09,1.23e-07,0.29654887318611145
becalmed,prefix,be,calm,True,family,2.04,1.1e-07,0.2965741753578186
stretchable,suffix,able,stretch,True,family,1.89,7.76e-08,0.2965811789035797
discretely,suffix,ly,discrete,True,freeroot,2.32,2.09e-07,0.29663795232772827
slinger,suffix,er,sling,True,freeroot,2.36,2.29e-07,0.2966424226760864
fixation,suffix,ion,fix,True,family,3.27,1.86e-06,0.2966828942298889
impiety,prefix,im,piety,True,freeroot,1.94,8.71e-08,0.2967875599861145
maoist,suffix,ist,mao,True,family,2.9,7.94e-07,0.2967991828918457
mockery,suffix,ory,mock,True,family,3.29,1.95e-06,0.29682204127311707
premix,prefix,pre,mix,True,family,1.85,7.08e-08,0.29702040553092957
tartness,suffix,ness,tart,True,family,1.86,7.24e-08,0.297026664018631
unwitting,prefix,un,wit,True,family,2.65,4.47e-07,0.29702794551849365
conspicuously,suffix,ly,conspicuous,True,family,2.88,7.59e-07,0.29707977175712585
perky,suffix,y,perk,True,freeroot,2.95,8.91e-07,0.2970839738845825
utilize,suffix,ize,util,True,family,3.75,5.62e-06,0.2971060574054718
vindictively,suffix,ly,vindictive,True,family,1.6,3.98e-08,0.29711970686912537
quaintly,suffix,ly,quaint,True,family,1.87,7.41e-08,0.2971875071525574
overstay,prefix,over,stay,True,family,2.13,1.35e-07,0.2971975803375244
forestry,suffix,ory,forest,True,family,3.69,4.9e-06,0.29723691940307617
awareness,suffix,ness,aware,True,family,4.44,2.75e-05,0.2972451150417328
atrociously,suffix,ly,atrocious,True,freeroot,1.99,9.77e-08,0.29725831747055054
dactylic,suffix,ic,dactyl,True,freeroot,1.52,3.31e-08,0.2973187565803528
piggy,suffix,y,pig,True,family,3.3,2e-06,0.297341912984848
distract,prefix,dis,tract,True,family,3.71,5.13e-06,0.2973495423793793
broadness,suffix,ness,broad,True,family,1.56,3.63e-08,0.2974534332752228
shortness,suffix,ness,short,True,family,2.88,7.59e-07,0.2974751591682434
fraternity,suffix,ity,fratern,False,family,3.56,3.63e-06,0.2975088357925415
civilize,suffix,ize,civil,True,family,2.06,1.15e-07,0.2977093756198883
rediscover,prefix,re,discover,True,family,2.8,6.31e-07,0.2977652847766876
errant,suffix,ant,err,True,family,2.91,8.13e-07,0.2978246808052063
untold,prefix,un,told,True,family,3.32,2.09e-06,0.2978464663028717
mindless,suffix,less,mind,True,family,3.22,1.66e-06,0.2979896366596222
ministerial,suffix,al,minister,True,family,3.55,3.55e-06,0.2981209456920624
planetarium,suffix,ium,planet,True,family,2.74,5.5e-07,0.2981896698474884
polyester,prefix,poly,ester,True,freeroot,3.11,1.29e-06,0.2982238829135895
lightly,suffix,ly,light,True,family,3.96,9.12e-06,0.29832586646080017
respectable,suffix,able,respect,True,family,3.71,5.13e-06,0.29833710193634033
hydrate,suffix,ate,hydro,True,family,3.03,1.07e-06,0.29836615920066833
coarsely,suffix,ly,coarse,True,family,2.45,2.82e-07,0.29839026927948
summation,suffix,ion,sum,True,freeroot,2.92,8.32e-07,0.2984177768230438
refract,prefix,re,fract,False,family,1.93,8.51e-08,0.2984704077243805
sicken,suffix,en,sick,True,family,2.3,2e-07,0.29853567481040955
construct,prefix,co,struct,True,family,3.98,9.55e-06,0.2985924780368805
feeder,suffix,er,feed,True,freeroot,3.46,2.88e-06,0.29863277077674866
discomfort,prefix,dis,comfort,True,family,3.65,4.47e-06,0.29864659905433655
lonesome,suffix,some,lone,True,family,3.09,1.23e-06,0.29865702986717224
cleanness,suffix,ness,clean,True,family,1.88,7.59e-08,0.29865849018096924
knighthood,suffix,hood,knight,True,family,2.89,7.76e-07,0.29866981506347656
unamused,prefix,un,amuse,True,family,1.81,6.46e-08,0.2986888885498047
brashly,suffix,ly,brash,True,family,1.55,3.55e-08,0.2987159490585327
exasperation,suffix,ion,exasperate,True,freeroot,2.64,4.37e-07,0.29877999424934387
purposely,suffix,ly,purpose,True,family,3.44,2.75e-06,0.2988525927066803
anticipation,suffix,ion,anticipate,True,family,3.74,5.5e-06,0.2989322543144226
pacer,suffix,er,pace,True,freeroot,2.71,5.13e-07,0.29895666241645813
distinguishable,suffix,able,distinguish,True,family,2.87,7.41e-07,0.2989586293697357
immunity,suffix,ity,immune,True,family,3.91,8.13e-06,0.2990805506706238
talismanic,suffix,ic,talisman,True,freeroot,1.86,7.24e-08,0.2990814447402954
knocker,suffix,er,knock,True,freeroot,2.35,2.24e-07,0.29932737350463867
foamy,suffix,y,foam,True,freeroot,2.41,2.57e-07,0.29935166239738464
salutation,suffix,ion,salute,True,freeroot,2.44,2.75e-07,0.29941004514694214
agonize,suffix,ize,agon,True,family,2.14,1.38e-07,0.29970839619636536
consultative,suffix,ive,consult,True,family,3.12,1.32e-06,0.2997184991836548
foreword,prefix,fore,word,True,family,3.13,1.35e-06,0.29997435212135315
convene,prefix,co,vene,False,family,3.04,1.1e-06,0.29998520016670227
bleeder,suffix,er,bleed,True,freeroot,2.09,1.23e-07,0.30015048384666443
transitory,suffix,ory,transit,True,family,2.68,4.79e-07,0.30016377568244934
overslept,prefix,over,slept,True,freeroot,2.43,2.69e-07,0.3002340495586395
remorseless,suffix,less,remorse,True,family,2.36,2.29e-07,0.30028584599494934
sufficiency,suffix,ancy,suffici,False,family,3.03,1.07e-06,0.30032816529273987
loyalist,suffix,ist,loyal,True,family,3.03,1.07e-06,0.30034303665161133
clingy,suffix,y,cling,True,freeroot,2.88,7.59e-07,0.30035197734832764
glider,suffix,er,glide,True,freeroot,3.09,1.23e-06,0.30040210485458374
beauteous,suffix,ious,beauty,True,family,2.14,1.38e-07,0.3004456162452698
ruler,suffix,er,rule,True,family,3.84,6.92e-06,0.3005053400993347
lethargic,suffix,ic,letharg,False,family,2.78,6.03e-07,0.3007911443710327
rename,prefix,re,name,True,family,3.18,1.51e-06,0.3009132742881775
migrant,suffix,ant,migr,False,family,3.75,5.62e-06,0.3010213077068329
rimless,suffix,less,rim,True,freeroot,1.99,9.77e-08,0.30106180906295776
pretest,prefix,pre,test,True,family,2.01,1.02e-07,0.3011013865470886
underpants,prefix,under,pant,True,family,2.92,8.32e-07,0.30111536383628845
nudity,suffix,ity,nude,True,family,3.39,2.45e-06,0.3011914789676666
stroller,suffix,er,stroll,True,freeroot,3.08,1.2e-06,0.30121517181396484
widower,suffix,er,widow,True,family,3.03,1.07e-06,0.30153360962867737
embarrassment,suffix,ment,embarrass,True,family,3.77,5.89e-06,0.3015916049480438
exultation,suffix,ion,exult,True,family,1.93,8.51e-08,0.3016217052936554
overprint,prefix,over,print,True,family,1.92,8.32e-08,0.301651269197464
declaration,suffix,ion,declare,True,family,4.1,1.26e-05,0.3016887307167053
graphic,suffix,ic,graph,True,family,4.23,1.7e-05,0.3017210364341736
funeral,suffix,al,funer,False,family,4.37,2.34e-05,0.3017788231372833
grievance,suffix,ance,grieve,True,family,3.15,1.41e-06,0.3017820417881012
nervy,suffix,y,nerve,True,family,2.25,1.78e-07,0.30179256200790405
mutually,suffix,y,mutual,True,family,3.68,4.79e-06,0.3019227087497711
undisturbed,prefix,un,disturb,True,family,2.99,9.77e-07,0.3019340932369232
grayer,suffix,er,gray,True,freeroot,1.95,8.91e-08,0.3019556403160095
shaggy,suffix,y,shag,True,freeroot,3.18,1.51e-06,0.3019958734512329
celerity,suffix,ity,celer,True,freeroot,1.96,9.12e-08,0.3020261824131012
dipole,prefix,di,pole,True,family,2.81,6.46e-07,0.302046000957489
dearness,suffix,ness,dear,True,family,1.63,4.27e-08,0.3021201193332672
impetuously,suffix,ly,impetuous,True,family,1.67,4.68e-08,0.30218571424484253
careless,suffix,less,care,True,family,3.6,3.98e-06,0.30219531059265137
extirpation,suffix,ion,extirpate,True,freeroot,1.89,7.76e-08,0.302286297082901
sinner,suffix,er,sin,True,family,3.39,2.45e-06,0.3023373484611511
rarefied,suffix,ify,rare,True,family,2.46,2.88e-07,0.3024890720844269
trainee,suffix,ee,train,True,family,3.43,2.69e-06,0.302537739276886
bardic,suffix,ic,bard,True,freeroot,2.05,1.12e-07,0.30257007479667664
wretchedness,suffix,ness,wretch,True,family,2.0,1e-07,0.30265703797340393
cashier,suffix,er,cash,True,freeroot,3.57,3.72e-06,0.3027763068675995
succulence,suffix,ance,succul,False,family,1.52,3.31e-08,0.3028346002101898
groovy,suffix,y,groove,True,family,3.11,1.29e-06,0.30287957191467285
roguish,suffix,ish,rogue,True,freeroot,2.13,1.35e-07,0.3029877245426178
preview,prefix,pre,view,True,family,3.96,9.12e-06,0.3031039237976074
pettiness,suffix,ness,petty,True,freeroot,2.55,3.55e-07,0.3031437397003174
palest,suffix,est,pale,True,family,1.97,9.33e-08,0.3032069802284241
hydrolyzed,suffix,ize,hydro,True,family,2.38,2.4e-07,0.30322983860969543
entrance,suffix,ance,enter,True,family,4.39,2.45e-05,0.3033629357814789
unnamed,prefix,un,name,True,family,3.57,3.72e-06,0.3033658266067505
vandalism,suffix,ism,vandal,True,family,3.33,2.14e-06,0.3033866882324219
episodic,suffix,ic,episode,True,freeroot,3.0,1e-06,0.3034144639968872
classify,suffix,ify,class,True,family,3.39,2.45e-06,0.3034447729587555
gambler,suffix,er,gamble,True,freeroot,3.15,1.41e-06,0.3034649193286896
section,suffix,ion,sect,True,family,5.0,0.0001,0.30347174406051636
compilation,suffix,ion,compile,True,family,3.85,7.08e-06,0.3034893274307251
laundress,suffix,ess,launder,True,family,2.01,1.02e-07,0.30354276299476624
stuffy,suffix,y,stuff,True,family,3.03,1.07e-06,0.30370044708251953
vocational,suffix,al,vocation,True,freeroot,3.65,4.47e-06,0.3037075698375702
upstage,prefix,up,stage,True,family,2.35,2.24e-07,0.3037135899066925
scorcher,suffix,er,scorch,True,freeroot,2.34,2.19e-07,0.30375075340270996
lethargy,suffix,y,letharg,False,family,2.69,4.9e-07,0.3038036525249481
jovially,suffix,y,jovial,True,family,1.8,6.31e-08,0.30392584204673767
legionary,suffix,ory,legion,True,freeroot,2.04,1.1e-07,0.30399173498153687
oversell,prefix,over,sell,True,family,2.04,1.1e-07,0.30401918292045593
observer,suffix,er,observe,True,family,3.91,8.13e-06,0.30411550402641296
foresee,prefix,fore,see,True,family,3.18,1.51e-06,0.30413514375686646
catechist,suffix,ist,catech,False,family,1.87,7.41e-08,0.30413851141929626
merciful,suffix,ful,mercy,True,family,3.27,1.86e-06,0.30414074659347534
plodder,suffix,er,plod,True,freeroot,1.52,3.31e-08,0.30440443754196167
standardize,suffix,ize,standard,True,family,2.72,5.25e-07,0.3044457733631134
brisker,suffix,er,brisk,True,family,1.74,5.5e-08,0.30449289083480835
superlatively,suffix,ly,superlative,True,freeroot,1.67,4.68e-08,0.3045559823513031
protuberant,suffix,ant,protuber,False,family,1.57,3.72e-08,0.3048723340034485
detraction,suffix,ion,detract,True,family,1.62,4.17e-08,0.30497732758522034
disfranchised,prefix,dis,franchise,True,family,1.72,5.25e-08,0.3050006926059723
patronage,suffix,age,patron,True,family,3.45,2.82e-06,0.3050791025161743
mossy,suffix,y,moss,True,freeroot,2.64,4.37e-07,0.30508244037628174
ruminate,suffix,ate,rumin,False,family,2.17,1.48e-07,0.30508607625961304
sweaty,suffix,y,sweat,True,family,3.56,3.63e-06,0.3051707446575165
righteous,suffix,ious,right,True,family,3.8,6.31e-06,0.30525609850883484
twofold,suffix,fold,two,True,family,2.84,6.92e-07,0.3053286373615265
placidly,suffix,ly,placid,True,freeroot,1.8,6.31e-08,0.3054153025150299
crossbeam,prefix,cross,beam,True,freeroot,1.56,3.63e-08,0.3054519295692444
suggestive,suffix,ive,suggest,True,family,3.21,1.62e-06,0.3054525852203369
defensible,suffix,able,defense,True,family,2.81,6.46e-07,0.3055441081523895
assignment,suffix,ment,assign,True,family,4.18,1.51e-05,0.30565789341926575
determinate,suffix,ate,determine,True,family,2.33,2.14e-07,0.3058415353298187
majestic,suffix,ic,majest,False,family,3.57,3.72e-06,0.3059646785259247
aquaria,suffix,ia,aqua,True,family,2.47,2.95e-07,0.3061048686504364
insolently,suffix,ly,insolent,True,freeroot,1.63,4.27e-08,0.30611053109169006
nimbly,suffix,y,nimble,True,family,2.22,1.66e-07,0.30612629652023315
sinless,suffix,less,sin,True,family,2.26,1.82e-07,0.30613085627555847
roundness,suffix,ness,round,True,family,2.18,1.51e-07,0.30628809332847595
paler,suffix,er,pale,True,family,2.87,7.41e-07,0.306339293718338
appellate,suffix,ate,appell,True,family,3.34,2.19e-06,0.30638909339904785
idleness,suffix,ness,idle,True,family,2.48,3.02e-07,0.3063949942588806
ritually,suffix,y,ritual,True,family,2.4,2.51e-07,0.3064422905445099
quintet,suffix,et,quint,True,freeroot,2.85,7.08e-07,0.30656513571739197
belated,prefix,be,late,True,family,3.02,1.05e-06,0.30686870217323303
midpoint,prefix,mid,point,True,family,2.85,7.08e-07,0.30696752667427063
frankie,suffix,ie,frank,True,family,3.65,4.47e-06,0.3070237636566162
coverlet,suffix,let,cover,True,family,1.82,6.61e-08,0.30706220865249634
improvement,suffix,ment,improve,True,family,4.49,3.09e-05,0.30710625648498535
fortify,suffix,ify,fort,True,family,2.9,7.94e-07,0.3071405589580536
steadily,suffix,ly,steady,True,family,3.84,6.92e-06,0.30715212225914
lewdness,suffix,ness,lewd,True,family,2.11,1.29e-07,0.30717477202415466
joviality,suffix,ity,jovial,True,family,1.62,4.17e-08,0.3072625994682312
nursery,suffix,ory,nurse,True,freeroot,3.89,7.76e-06,0.30735135078430176
punctuation,suffix,ion,punctuate,True,freeroot,3.29,1.95e-06,0.3075188100337982
contractual,suffix,al,contract,True,family,3.43,2.69e-06,0.30760905146598816
crossroad,prefix,cross,road,True,family,2.48,3.02e-07,0.30761265754699707
wickedly,suffix,ly,wicked,True,family,2.56,3.63e-07,0.3076569736003876
mourner,suffix,er,mourn,True,family,2.25,1.78e-07,0.30771270394325256
foulness,suffix,ness,foul,True,family,1.86,7.24e-08,0.3077835738658905
marvelous,suffix,ious,marvel,True,freeroot,3.53,3.39e-06,0.3077866733074188
depravity,suffix,ity,deprave,False,family,2.86,7.24e-07,0.3077967166900635
consequently,suffix,ly,consequent,True,freeroot,3.94,8.71e-06,0.30780741572380066
ionize,suffix,ize,ion,True,family,1.92,8.32e-08,0.3078823387622833
preset,prefix,pre,set,True,family,2.94,8.71e-07,0.3080500662326813
brassy,suffix,y,brass,True,freeroot,2.37,2.34e-07,0.3081020414829254
informal,prefix,im,formal,True,family,3.87,7.41e-06,0.3081094026565552
roundish,suffix,ish,round,True,family,2.05,1.12e-07,0.3081896901130676
redouble,prefix,re,double,True,family,2.26,1.82e-07,0.3082026541233063
lower,suffix,er,low,True,family,5.11,0.000129,0.3082173764705658
heredity,suffix,ity,herit,False,family,2.57,3.72e-07,0.3083535432815552
dewy,suffix,y,dew,True,freeroot,2.64,4.37e-07,0.3083740472793579
inhabit,prefix,in,habit,True,family,3.33,2.14e-06,0.3084094226360321
unfit,prefix,un,fit,True,family,3.52,3.31e-06,0.3084290027618408
tiresome,suffix,some,tire,True,family,3.08,1.2e-06,0.3085227310657501
stinky,suffix,y,stink,True,family,3.12,1.32e-06,0.3085344135761261
proverbial,suffix,al,proverb,True,freeroot,3.13,1.35e-06,0.30861198902130127
clearness,suffix,ness,clear,True,family,2.21,1.62e-07,0.30864760279655457
downbeat,prefix,down,beat,True,family,2.5,3.16e-07,0.3087240755558014
unmask,prefix,un,mask,True,freeroot,2.48,3.02e-07,0.30891215801239014
pyramidal,suffix,al,pyramid,True,freeroot,2.74,5.5e-07,0.3089340627193451
aversive,suffix,ive,averse,True,family,2.21,1.62e-07,0.30894866585731506
ohmic,suffix,ic,ohm,True,freeroot,1.91,8.13e-08,0.308986097574234
purchasable,suffix,able,purchase,True,family,2.06,1.15e-07,0.30902954936027527
profession,suffix,ion,profess,True,family,4.13,1.35e-05,0.3090493381023407
homeward,suffix,ward,home,True,family,2.7,5.01e-07,0.3091766834259033
advisable,suffix,able,advise,True,family,3.26,1.82e-06,0.3092188537120819
overdeveloped,prefix,over,develop,True,family,1.88,7.59e-08,0.30952560901641846
stunner,suffix,er,stun,True,family,2.83,6.76e-07,0.3096373379230499
foretold,prefix,fore,told,True,family,2.84,6.92e-07,0.3096710443496704
worthless,suffix,less,worth,True,family,3.82,6.61e-06,0.3097487688064575
measurement,suffix,ment,measure,True,family,4.05,1.12e-05,0.3097672760486603
bestowal,suffix,al,bestow,True,freeroot,1.83,6.76e-08,0.30982786417007446
rearm,prefix,re,arm,True,family,2.14,1.38e-07,0.3098382353782654
tenser,suffix,er,tense,True,family,1.74,5.5e-08,0.30988848209381104
jammy,suffix,y,jam,True,freeroot,2.38,2.4e-07,0.3098922669887543
warden,suffix,en,ward,True,family,3.63,4.27e-06,0.30997535586357117
pugilism,suffix,ism,pugil,False,family,1.55,3.55e-08,0.3100334107875824
triplet,suffix,et,triple,True,freeroot,2.7,5.01e-07,0.3100705146789551
victimize,suffix,ize,victim,True,freeroot,2.24,1.74e-07,0.3100862503051758
captor,suffix,or,capt,True,family,2.57,3.72e-07,0.31009167432785034
hustler,suffix,er,hustle,True,freeroot,2.98,9.55e-07,0.3102247714996338
understaffed,prefix,under,staff,True,freeroot,2.59,3.89e-07,0.31025245785713196
gondola,suffix,a,gondol,False,family,2.91,8.13e-07,0.3102598786354065
acoustic,suffix,ic,acoust,False,family,3.98,9.55e-06,0.31026411056518555
overstock,prefix,over,stock,True,family,2.17,1.48e-07,0.3102867901325226
muffler,suffix,er,muffle,True,freeroot,2.7,5.01e-07,0.3103950321674347
appeasement,suffix,ment,appease,True,freeroot,2.79,6.17e-07,0.31049197912216187
chlorine,suffix,ine,chlor,True,freeroot,3.43,2.69e-06,0.310502290725708
parental,suffix,al,parent,True,family,3.78,6.03e-06,0.31051716208457947
moronic,suffix,ic,moron,True,freeroot,2.79,6.17e-07,0.31057092547416687
vertebra,suffix,a,vertebr,False,family,2.77,5.89e-07,0.3106253147125244
movement,suffix,ment,move,True,family,4.97,9.33e-05,0.31064745783805847
rootless,suffix,less,root,True,family,2.17,1.48e-07,0.31066498160362244
sedation,suffix,ion,sedate,True,family,2.95,8.91e-07,0.31073635816574097
sizzler,suffix,er,sizzle,True,freeroot,2.2,1.58e-07,0.3107886016368866
ostracism,suffix,ism,ostrac,False,family,2.34,2.19e-07,0.31079113483428955
punitive,suffix,ive,pun,True,family,3.39,2.45e-06,0.3108137547969818
loquacious,suffix,ious,loqu,False,family,2.11,1.29e-07,0.31084883213043213
retard,prefix,re,tard,True,family,3.37,2.34e-06,0.3108612596988678
uneven,prefix,un,even,True,family,3.55,3.55e-06,0.3108613193035126
jigger,suffix,er,jig,True,family,2.11,1.29e-07,0.3109430968761444
radiance,suffix,ance,radio,True,family,3.04,1.1e-06,0.31097209453582764
crawler,suffix,er,crawl,True,freeroot,2.81,6.46e-07,0.31099995970726013
unbiased,prefix,un,bias,True,freeroot,3.33,2.14e-06,0.31101709604263306
oversold,prefix,over,sold,True,family,2.47,2.95e-07,0.31107205152511597
circuitry,suffix,ory,circuit,True,freeroot,3.07,1.17e-06,0.3111349940299988
nervous,suffix,ious,nerve,True,family,4.42,2.63e-05,0.31130555272102356
barrenness,suffix,ness,barren,True,freeroot,1.79,6.17e-08,0.3113384246826172
inertness,suffix,ness,inert,True,freeroot,1.57,3.72e-08,0.3114556670188904
underarm,prefix,under,arm,True,family,2.38,2.4e-07,0.3115735948085785
intersect,prefix,inter,sect,True,family,3.19,1.55e-06,0.31166982650756836
instigator,suffix,or,instigate,True,family,2.66,4.57e-07,0.31168150901794434
celebrate,suffix,ate,celebr,False,family,4.49,3.09e-05,0.31177300214767456
upbeat,prefix,up,beat,True,family,3.53,3.39e-06,0.31183016300201416
eeriness,suffix,ness,eery,True,family,1.56,3.63e-08,0.31184330582618713
backward,suffix,ward,back,True,family,3.71,5.13e-06,0.31193649768829346
frequently,suffix,ly,frequent,True,family,4.56,3.63e-05,0.31196141242980957
exclude,prefix,ex,clude,False,family,3.78,6.03e-06,0.312010258436203
blankness,suffix,ness,blank,True,family,1.76,5.75e-08,0.312176913022995
guidance,suffix,ance,guide,True,family,4.33,2.14e-05,0.3122182786464691
indiscreet,prefix,im,discreet,True,family,2.44,2.75e-07,0.31240150332450867
warmly,suffix,ly,warm,True,family,3.24,1.74e-06,0.3124168813228607
consortia,suffix,ia,consort,True,family,2.45,2.82e-07,0.3125472962856293
bacchanalian,suffix,n,bacchanalia,True,freeroot,1.64,4.37e-08,0.3125479817390442
resolve,prefix,re,solve,True,family,4.17,1.48e-05,0.31255489587783813
gayness,suffix,ness,gay,True,family,2.25,1.78e-07,0.31258273124694824
inconvenience,prefix,im,convenience,True,freeroot,3.69,4.9e-06,0.3125956952571869
frankfurter,suffix,er,frankfurt,True,freeroot,2.65,4.47e-07,0.31262272596359253
avidly,suffix,ly,avid,True,family,2.46,2.88e-07,0.3126327395439148
integrity,suffix,ity,integer,True,family,4.22,1.66e-05,0.31274962425231934
mixer,suffix,er,mix,True,family,3.5,3.16e-06,0.312802791595459
tuberculous,suffix,ious,tubercule,False,family,1.85,7.08e-08,0.3128277659416199
reopen,prefix,re,open,True,family,3.42,2.63e-06,0.3128416836261749
overpower,prefix,over,power,True,family,2.85,7.08e-07,0.31292566657066345
retrievable,suffix,able,retrieve,True,family,1.95,8.91e-08,0.31302571296691895
counterfeiter,suffix,er,counterfeit,True,freeroot,1.87,7.41e-08,0.3130333125591278
preponderant,suffix,ant,preponder,False,family,1.83,6.76e-08,0.3130444586277008
relapse,prefix,re,lapse,True,freeroot,3.32,2.09e-06,0.3130492866039276
inward,suffix,ward,in,True,freeroot,3.37,2.34e-06,0.3130684196949005
desperately,suffix,ly,desperate,True,family,3.98,9.55e-06,0.31311875581741333
sourness,suffix,ness,sour,True,family,2.05,1.12e-07,0.3131245970726013
indemnify,suffix,ify,indemn,False,family,2.61,4.07e-07,0.3132229745388031
majesty,suffix,y,majest,False,family,4.05,1.12e-05,0.31326690316200256
explicitness,suffix,ness,explicit,True,family,1.6,3.98e-08,0.3133425712585449
settler,suffix,er,settle,True,family,3.15,1.41e-06,0.31334763765335083
nightly,suffix,ly,night,True,family,3.48,3.02e-06,0.3133832514286041
mobilize,suffix,ize,mobile,True,family,3.18,1.51e-06,0.313538521528244
understate,prefix,under,state,True,family,2.3,2e-07,0.3135456144809723
mortify,suffix,ify,mort,True,family,1.81,6.46e-08,0.31358763575553894
expose,prefix,ex,pose,True,family,3.98,9.55e-06,0.31367775797843933
memorable,suffix,able,memor,False,family,3.97,9.33e-06,0.31371062994003296
retake,prefix,re,take,True,family,3.28,1.91e-06,0.3137113153934479
constancy,suffix,y,constant,True,family,2.46,2.88e-07,0.3137744069099426
untangle,prefix,un,tangle,True,family,2.54,3.47e-07,0.3138267397880554
potent,suffix,ant,pot,True,family,3.74,5.5e-06,0.31396567821502686
thinly,suffix,ly,thin,True,family,3.27,1.86e-06,0.3139928877353668
midsummer,prefix,mid,summer,True,family,3.11,1.29e-06,0.3140154480934143
transience,suffix,ance,transit,True,family,2.13,1.35e-07,0.31414467096328735
literacy,suffix,acy,litera,True,family,3.9,7.94e-06,0.31425976753234863
unheated,prefix,un,heat,True,family,2.31,2.04e-07,0.31427595019340515
misstated,prefix,mis,state,True,family,2.01,1.02e-07,0.3143390119075775
emptier,suffix,er,empty,True,family,2.17,1.48e-07,0.31437328457832336
payer,suffix,er,pay,True,family,3.22,1.66e-06,0.31441378593444824
rashly,suffix,ly,rash,True,family,2.34,2.19e-07,0.31443241238594055
unsullied,prefix,un,sully,True,freeroot,2.52,3.31e-07,0.3144559860229492
sisterhood,suffix,hood,sister,True,family,2.96,9.12e-07,0.3145311772823334
penetrable,suffix,able,penetr,False,family,1.7,5.01e-08,0.31470564007759094
blacken,suffix,en,black,True,family,2.25,1.78e-07,0.3147921562194824
gouty,suffix,y,gout,True,freeroot,1.77,5.89e-08,0.3148113489151001
summarize,suffix,ize,summar,False,family,3.23,1.7e-06,0.31481292843818665
inexact,prefix,im,exact,True,family,2.21,1.62e-07,0.31482332944869995
adoringly,suffix,ly,adore,True,family,1.81,6.46e-08,0.31488171219825745
longer,suffix,er,long,True,family,5.16,0.000145,0.31494227051734924
stinker,suffix,er,stink,True,family,2.44,2.75e-07,0.3150017261505127
corinthian,suffix,ian,corinth,True,freeroot,2.85,7.08e-07,0.3150102496147156
intrude,prefix,in,trude,True,family,2.81,6.46e-07,0.31504061818122864
conserve,prefix,co,serve,True,family,3.37,2.34e-06,0.31513381004333496
dereliction,suffix,ion,derelict,True,freeroot,2.55,3.55e-07,0.3151351511478424
disallow,prefix,dis,allow,True,family,2.57,3.72e-07,0.3151842951774597
overburden,prefix,over,burden,True,family,2.26,1.82e-07,0.31522515416145325
guileless,suffix,less,guile,True,family,1.94,8.71e-08,0.3153338134288788
holiest,suffix,est,holy,True,family,2.71,5.13e-07,0.3153536319732666
demagogy,suffix,y,demagog,False,family,1.53,3.39e-08,0.31537678837776184
gentility,suffix,ity,gentle,True,family,2.01,1.02e-07,0.3153868615627289
prefigure,prefix,pre,figure,True,family,1.57,3.72e-08,0.3153916895389557
perpetuity,suffix,ity,perpetu,False,family,2.9,7.94e-07,0.31540751457214355
eavesdropper,suffix,er,eavesdrop,True,freeroot,1.78,6.03e-08,0.3154962360858917
unclaimed,prefix,un,claim,True,family,2.94,8.71e-07,0.3155064284801483
hiker,suffix,er,hike,True,freeroot,2.78,6.03e-07,0.31552499532699585
unconcerned,prefix,un,concern,True,freeroot,2.74,5.5e-07,0.3156059980392456
foresaw,prefix,fore,saw,True,family,2.72,5.25e-07,0.3157004415988922
departmental,suffix,al,department,True,freeroot,3.27,1.86e-06,0.3158476948738098
predeceased,prefix,pre,decease,True,freeroot,2.47,2.95e-07,0.3159290850162506
curiosity,suffix,ity,curious,True,family,3.97,9.33e-06,0.3159451484680176
yardage,suffix,age,yard,True,freeroot,2.78,6.03e-07,0.31602221727371216
grimly,suffix,ly,grim,True,family,2.57,3.72e-07,0.3161305785179138
amateurish,suffix,ish,amateur,True,family,2.59,3.89e-07,0.3161557912826538
induce,prefix,in,duct,True,family,3.56,3.63e-06,0.31618091464042664
discursive,suffix,ive,discours,True,freeroot,2.53,3.39e-07,0.3161839246749878
bouncy,suffix,y,bounce,True,family,3.17,1.48e-06,0.31618839502334595
analyzer,suffix,er,analyze,True,freeroot,3.06,1.15e-06,0.3162064254283905
occlusive,suffix,ive,occlude,True,family,2.2,1.58e-07,0.31636756658554077
solidity,suffix,ity,solid,True,family,2.63,4.27e-07,0.31638389825820923
sickness,suffix,ness,sick,True,family,3.83,6.76e-06,0.31639137864112854
unsolved,prefix,un,solve,True,family,3.28,1.91e-06,0.3164927065372467
adorable,suffix,able,adore,True,family,4.06,1.15e-05,0.3165413737297058
fetishize,suffix,ize,fetish,True,family,1.86,7.24e-08,0.3165706694126129
mailer,suffix,er,mail,True,freeroot,2.94,8.71e-07,0.31666818261146545
undersize,prefix,under,size,True,family,1.53,3.39e-08,0.3166903257369995
overshadow,prefix,over,shadow,True,family,2.71,5.13e-07,0.31683215498924255
transference,suffix,ance,transfer,True,family,2.73,5.37e-07,0.31694501638412476
afterglow,prefix,after,glow,True,family,2.64,4.37e-07,0.31704065203666687
mesmeric,suffix,ic,mesmer,True,family,2.13,1.35e-07,0.3170469403266907
unscramble,prefix,un,scramble,True,family,2.05,1.12e-07,0.3170667290687561
merciless,suffix,less,mercy,True,family,3.04,1.1e-06,0.3170678913593292
crosscheck,prefix,cross,check,True,family,2.0,1e-07,0.3171415627002716
teddy,suffix,y,ted,True,freeroot,3.88,7.59e-06,0.31717342138290405
initial,suffix,al,initi,False,family,4.72,5.25e-05,0.31743115186691284
dextrous,suffix,ious,dexter,True,family,1.83,6.76e-08,0.31744784116744995
masturbatory,suffix,ory,masturbate,True,family,1.94,8.71e-08,0.3175610899925232
coptic,suffix,ic,copt,True,freeroot,2.86,7.24e-07,0.31757962703704834
turkish,suffix,ish,turk,True,freeroot,4.28,1.91e-05,0.3175927400588989
embroidery,suffix,y,embroider,True,freeroot,3.24,1.74e-06,0.31777697801589966
electrify,suffix,ify,electr,False,family,2.36,2.29e-07,0.3177853226661682
latest,suffix,est,late,True,family,4.92,8.32e-05,0.3177977502346039
township,suffix,ship,town,True,family,3.98,9.55e-06,0.3178200423717499
cabby,suffix,y,cab,True,freeroot,1.95,8.91e-08,0.31786254048347473
washer,suffix,er,wash,True,family,3.34,2.19e-06,0.3180078864097595
anatomic,suffix,ic,anatom,False,family,2.5,3.16e-07,0.31806010007858276
assignable,suffix,able,assign,True,family,2.14,1.38e-07,0.31810733675956726
peeler,suffix,er,peel,True,freeroot,2.48,3.02e-07,0.31812217831611633
wonderful,suffix,ful,wonder,True,family,4.85,7.08e-05,0.31812381744384766
brainy,suffix,y,brain,True,family,2.62,4.17e-07,0.3181377947330475
overload,prefix,over,load,True,family,3.5,3.16e-06,0.3182374835014343
witty,suffix,y,wit,True,family,3.56,3.63e-06,0.31824707984924316
authorize,suffix,ize,author,True,family,3.38,2.4e-06,0.3183397650718689
interstage,prefix,inter,stage,True,family,1.56,3.63e-08,0.31837037205696106
mockingly,suffix,ly,mock,True,family,2.58,3.8e-07,0.3184134066104889
sickly,suffix,ly,sick,True,family,3.03,1.07e-06,0.31864336133003235
motionless,suffix,less,motion,True,family,2.97,9.33e-07,0.3187981843948364
publicly,suffix,ly,public,True,family,4.28,1.91e-05,0.3188002407550812
angelic,suffix,ic,angel,True,freeroot,3.13,1.35e-06,0.31883808970451355
typical,suffix,al,typo,True,family,4.59,3.89e-05,0.3190598487854004
smoker,suffix,er,smoke,True,family,3.37,2.34e-06,0.3190940022468567
gladness,suffix,ness,glad,True,family,2.48,3.02e-07,0.31914058327674866
inspire,prefix,in,spir,True,family,4.0,1e-05,0.31918418407440186
fatal,suffix,al,fate,True,family,4.1,1.26e-05,0.3192320466041565
madder,suffix,er,mad,True,family,2.59,3.89e-07,0.31929779052734375
orwellian,suffix,ian,orwell,True,freeroot,2.63,4.27e-07,0.31936660408973694
simulacrum,suffix,ium,simulacr,False,family,2.13,1.35e-07,0.31939753890037537
tediously,suffix,ly,tedious,True,family,2.01,1.02e-07,0.3194426894187927
sleepless,suffix,less,sleep,True,family,3.18,1.51e-06,0.3195183575153351
fatherhood,suffix,hood,father,True,family,2.89,7.76e-07,0.31967324018478394
misfit,prefix,mis,fit,True,family,2.76,5.75e-07,0.3196876347064972
global,suffix,al,globe,True,freeroot,4.95,8.91e-05,0.3197091519832611
exertion,suffix,ion,exert,True,freeroot,2.9,7.94e-07,0.3197445571422577
traceable,suffix,able,trace,True,family,2.8,6.31e-07,0.32002168893814087
unrehearsed,prefix,un,rehearse,True,family,1.83,6.76e-08,0.32004091143608093
careful,suffix,ful,care,True,family,4.59,3.89e-05,0.3200772702693939
communal,suffix,al,commune,True,family,3.68,4.79e-06,0.32009249925613403
commercial,suffix,al,commerce,True,freeroot,4.92,8.32e-05,0.3202095031738281
fateful,suffix,ful,fate,True,family,3.06,1.15e-06,0.32026901841163635
posher,suffix,er,posh,True,family,1.7,5.01e-08,0.32028883695602417
ascribe,prefix,a,script,True,family,2.75,5.62e-07,0.3203747272491455
extrude,prefix,ex,trude,True,family,1.98,9.55e-08,0.3204372823238373
warty,suffix,y,wart,True,freeroot,2.08,1.2e-07,0.32061755657196045
palliative,suffix,ive,palliate,True,family,3.1,1.26e-06,0.3206198513507843
submarine,prefix,sub,marine,True,freeroot,3.81,6.46e-06,0.32062533497810364
enthralled,prefix,en,thrall,True,freeroot,2.78,6.03e-07,0.3209328353404999
fearful,suffix,ful,fear,True,family,3.58,3.8e-06,0.32095083594322205
wildly,suffix,ly,wild,True,family,3.71,5.13e-06,0.32101207971572876
undercoat,prefix,under,coat,True,family,2.06,1.15e-07,0.32101714611053467
talky,suffix,y,talk,True,family,2.05,1.12e-07,0.321147084236145
sincerest,suffix,est,sincere,True,family,2.64,4.37e-07,0.3211904764175415
slimness,suffix,ness,slim,True,family,1.55,3.55e-08,0.3214360475540161
scrambler,suffix,er,scramble,True,family,2.42,2.63e-07,0.3214850127696991
betrayal,suffix,al,betray,True,family,3.68,4.79e-06,0.3214859366416931
contiguous,suffix,ious,contigu,False,family,3.17,1.48e-06,0.3215465545654297
loosely,suffix,ly,loose,True,family,3.62,4.17e-06,0.321572870016098
entitle,prefix,en,title,True,family,2.71,5.13e-07,0.3216371536254883
contentment,suffix,ment,content,True,family,3.05,1.12e-06,0.32166725397109985
obstructive,suffix,ive,obstruct,True,family,2.96,9.12e-07,0.32174912095069885
politicize,suffix,ize,politic,True,family,2.24,1.74e-07,0.32179170846939087
altruist,suffix,ist,altru,False,family,1.74,5.5e-08,0.3217929005622864
supportable,suffix,able,support,True,family,1.96,9.12e-08,0.32180672883987427
energize,suffix,ize,energ,False,family,2.76,5.75e-07,0.32186269760131836
busily,suffix,ly,busy,True,family,2.57,3.72e-07,0.3221658170223236
jewelry,suffix,ory,jewel,True,family,4.12,1.32e-05,0.3224254548549652
retrench,prefix,re,trench,True,family,1.82,6.61e-08,0.3224814832210541
ghoulish,suffix,ish,ghoul,True,freeroot,2.41,2.57e-07,0.3224875032901764
fuller,suffix,er,full,True,family,3.79,6.17e-06,0.32254093885421753
outshine,prefix,out,shine,True,family,2.51,3.24e-07,0.3225705623626709
secularist,suffix,ist,secular,True,family,2.32,2.09e-07,0.3226187229156494
crookedness,suffix,ness,crook,True,freeroot,1.61,4.07e-08,0.3226364552974701
recoil,prefix,re,coil,True,freeroot,3.19,1.55e-06,0.3226386308670044
mismanage,prefix,mis,manage,True,family,1.61,4.07e-08,0.32274335622787476
baser,suffix,er,base,True,family,2.14,1.38e-07,0.3229365646839142
disfavour,prefix,dis,favour,True,family,1.75,5.62e-08,0.32295745611190796
condescension,suffix,ion,condescend,True,family,2.71,5.13e-07,0.3230160176753998
preciously,suffix,ly,precious,True,family,1.76,5.75e-08,0.3230345547199249
pureness,suffix,ness,pure,True,family,1.76,5.75e-08,0.3230445981025696
dauntless,suffix,less,daunt,True,family,2.69,4.9e-07,0.323090136051178
terminal,suffix,al,termin,False,family,4.31,2.04e-05,0.32309025526046753
wheezy,suffix,y,wheeze,True,freeroot,2.14,1.38e-07,0.32309040427207947
funerary,suffix,ory,funer,False,family,2.53,3.39e-07,0.3230925500392914
scoffers,suffix,er,scoff,True,freeroot,1.52,3.31e-08,0.32322466373443604
rocketry,suffix,ory,rocket,True,freeroot,2.24,1.74e-07,0.32325825095176697
eaten,suffix,en,eat,True,family,4.13,1.35e-05,0.3233146667480469
urinary,suffix,ory,urine,True,family,3.31,2.04e-06,0.3233639895915985
uninvited,prefix,un,invite,True,family,2.85,7.08e-07,0.3234318494796753
endeared,prefix,en,dear,True,family,2.55,3.55e-07,0.3234338164329529
piously,suffix,ly,pious,True,family,1.89,7.76e-08,0.32350048422813416
despatched,prefix,de,patch,True,family,2.77,5.89e-07,0.3236614465713501
acquaintance,suffix,ance,acquaint,True,family,3.55,3.55e-06,0.3238055408000946
outclass,prefix,out,class,True,family,1.89,7.76e-08,0.32387611269950867
foreshore,prefix,fore,shore,True,family,2.61,4.07e-07,0.323876291513443
comfortable,suffix,able,comfort,True,family,4.66,4.57e-05,0.32393479347229004
unable,prefix,un,able,True,family,4.61,4.07e-05,0.32394078373908997
adverb,prefix,a,verb,True,family,2.55,3.55e-07,0.3239634037017822
holiness,suffix,ness,holy,True,family,3.46,2.88e-06,0.3240636885166168
undid,prefix,un,did,True,family,2.53,3.39e-07,0.32412412762641907
disengage,prefix,dis,engage,True,family,2.9,7.94e-07,0.32425493001937866
antiquity,suffix,ity,antique,True,family,3.43,2.69e-06,0.3243386447429657
unlimited,prefix,un,limit,True,family,4.1,1.26e-05,0.3243482708930969
earthling,suffix,ling,earth,True,family,2.19,1.55e-07,0.3244078457355499
murderous,suffix,ious,murder,True,family,3.37,2.34e-06,0.32444900274276733
nutty,suffix,y,nut,True,freeroot,3.19,1.55e-06,0.32448869943618774
laryngitis,suffix,itis,laryng,False,family,2.37,2.34e-07,0.3245372176170349
spatial,suffix,al,space,True,family,3.76,5.75e-06,0.3245755434036255
reference,suffix,ance,refer,True,family,4.74,5.5e-05,0.3245970606803894
alveoli,suffix,i,alveol,False,family,2.21,1.62e-07,0.3247128427028656
underlay,prefix,under,lay,True,family,2.28,1.91e-07,0.32472169399261475
confession,suffix,ion,confess,True,family,3.88,7.59e-06,0.3247523307800293
regurgitation,suffix,ion,regurgitate,True,freeroot,2.39,2.45e-07,0.32476580142974854
germanized,suffix,ize,german,True,family,1.53,3.39e-08,0.3247956335544586
uncompromising,prefix,un,compromise,True,freeroot,3.08,1.2e-06,0.3248094320297241
sensuous,suffix,ious,sense,True,family,2.79,6.17e-07,0.3249002695083618
limitation,suffix,ion,limit,True,family,3.71,5.13e-06,0.32490572333335876
outmanoeuvre,prefix,out,manoeuvre,True,family,1.52,3.31e-08,0.3249166011810303
perforation,suffix,ion,perforate,True,freeroot,2.56,3.63e-07,0.3250165581703186
lutheran,suffix,ian,luther,True,freeroot,3.45,2.82e-06,0.3250507414340973
crosscut,prefix,cross,cut,True,family,1.94,8.71e-08,0.325091153383255
berliners,suffix,er,berlin,True,freeroot,2.15,1.41e-07,0.3251491189002991
bountiful,suffix,ful,bounty,True,family,2.88,7.59e-07,0.3251492977142334
undimmed,prefix,un,dim,True,family,1.84,6.92e-08,0.32516369223594666
illusive,suffix,ive,illus,True,family,2.26,1.82e-07,0.3251957297325134
repugnant,suffix,ant,repugn,False,family,2.91,8.13e-07,0.3252330422401428
extent,prefix,ex,tent,True,family,4.47,2.95e-05,0.32534196972846985
nakedness,suffix,ness,naked,True,family,2.56,3.63e-07,0.32544147968292236
prudent,suffix,ant,prud,True,family,3.41,2.57e-06,0.32548847794532776
unholy,prefix,un,holy,True,family,3.07,1.17e-06,0.32556241750717163
betrothed,prefix,be,troth,True,freeroot,2.86,7.24e-07,0.32556289434432983
madly,suffix,ly,mad,True,family,3.17,1.48e-06,0.3256816267967224
sorrier,suffix,er,sorry,True,family,1.53,3.39e-08,0.3257151246070862
contractor,suffix,or,contract,True,family,4.08,1.2e-05,0.3257778286933899
dearly,suffix,ly,dear,True,family,3.48,3.02e-06,0.32579371333122253
dredger,suffix,er,dredge,True,freeroot,2.03,1.07e-07,0.3257957696914673
inconspicuous,prefix,im,conspicuous,True,family,2.76,5.75e-07,0.32584166526794434
thoroughness,suffix,ness,thorough,True,family,2.46,2.88e-07,0.32587260007858276
sugary,suffix,y,sugar,True,family,3.13,1.35e-06,0.32595837116241455
gratitude,suffix,itude,grat,True,family,3.92,8.32e-06,0.3261079788208008
depict,prefix,de,picto,False,family,3.41,2.57e-06,0.3262406289577484
dabbler,suffix,er,dabble,True,freeroot,1.7,5.01e-08,0.32638585567474365
overcoat,prefix,over,coat,True,family,2.77,5.89e-07,0.32646888494491577
relative,suffix,ive,relate,True,family,4.48,3.02e-05,0.3265002369880676
discourtesy,prefix,dis,courtesy,True,freeroot,1.84,6.92e-08,0.3265097439289093
monomania,prefix,mono,mania,True,freeroot,1.62,4.17e-08,0.3265918791294098
lilliputian,suffix,ian,lilliput,True,freeroot,1.88,7.59e-08,0.3266030550003052
pretension,suffix,ion,pretend,True,family,2.34,2.19e-07,0.3266396224498749
amateurism,suffix,ism,amateur,True,family,2.04,1.1e-07,0.32666313648223877
rebuild,prefix,re,build,True,family,3.9,7.94e-06,0.3266676366329193
robber,suffix,er,rob,True,family,3.39,2.45e-06,0.32669511437416077
coagulant,suffix,ant,coagul,False,family,2.03,1.07e-07,0.3267706334590912
ascent,prefix,a,scent,True,family,3.42,2.63e-06,0.32679346203804016
momentum,suffix,ium,moment,True,family,4.07,1.17e-05,0.32686904072761536
playable,suffix,able,play,True,family,3.4,2.51e-06,0.32690149545669556
commonly,suffix,ly,common,True,family,4.38,2.4e-05,0.3269333839416504
thorny,suffix,y,thorn,True,freeroot,2.93,8.51e-07,0.32711470127105713
continuance,suffix,ance,continue,True,family,2.73,5.37e-07,0.3271399140357971
older,suffix,er,old,True,family,4.92,8.32e-05,0.32714658975601196
ashy,suffix,y,ash,True,family,2.57,3.72e-07,0.3271629810333252
treacherous,suffix,ious,treacher,True,family,3.32,2.09e-06,0.3272186815738678
undetermined,prefix,un,determine,True,family,2.89,7.76e-07,0.32723331451416016
competence,suffix,ance,compete,True,family,3.58,3.8e-06,0.3272436559200287
sooner,suffix,er,soon,True,family,4.25,1.78e-05,0.3273237347602844
awake,prefix,a,wake,True,family,4.14,1.38e-05,0.32738304138183594
plainly,suffix,ly,plain,True,family,3.38,2.4e-06,0.3273838460445404
blustery,suffix,y,bluster,True,freeroot,2.47,2.95e-07,0.32743704319000244
talker,suffix,er,talk,True,family,2.96,9.12e-07,0.3275313079357147
madness,suffix,ness,mad,True,family,3.97,9.33e-06,0.32779502868652344
voltaic,suffix,ic,volta,True,freeroot,2.22,1.66e-07,0.3277956247329712
undercurrent,prefix,under,current,True,family,2.67,4.68e-07,0.32780951261520386
vituperation,suffix,ion,vituperate,False,family,1.52,3.31e-08,0.327937513589859
sublimely,suffix,ly,sublime,True,family,2.09,1.23e-07,0.32804325222969055
enchanter,suffix,er,enchant,True,family,2.21,1.62e-07,0.3280888795852661
begrudge,prefix,be,grudge,True,family,2.57,3.72e-07,0.32809117436408997
alienable,suffix,able,alien,True,family,1.61,4.07e-08,0.3281615674495697
falsely,suffix,ly,false,True,family,3.61,4.07e-06,0.3281733989715576
newness,suffix,ness,new,True,family,2.6,3.98e-07,0.3281758427619934
littlest,suffix,est,little,True,family,2.67,4.68e-07,0.3282827138900757
groover,suffix,er,groove,True,family,1.67,4.68e-08,0.32854634523391724
treachery,suffix,y,treacher,True,family,3.13,1.35e-06,0.32859277725219727
overmuch,prefix,over,much,True,family,1.71,5.13e-08,0.3286365568637848
vacancy,suffix,ancy,vacu,False,family,3.65,4.47e-06,0.32871362566947937
yellower,suffix,er,yellow,True,family,1.53,3.39e-08,0.32874515652656555
fuzzy,suffix,y,fuzz,True,freeroot,3.65,4.47e-06,0.32880106568336487
cleanly,suffix,ly,clean,True,family,3.02,1.05e-06,0.32882261276245117
sureness,suffix,ness,sure,True,family,1.62,4.17e-08,0.32888317108154297
recapitulate,prefix,re,capitulate,True,family,1.88,7.59e-08,0.328951895236969
unasked,prefix,un,ask,True,freeroot,2.09,1.23e-07,0.32896801829338074
notorious,suffix,ious,notori,False,family,3.83,6.76e-06,0.3290996551513672
characterless,suffix,less,character,True,family,1.86,7.24e-08,0.3291255533695221
iambic,suffix,ic,iamb,True,freeroot,2.37,2.34e-07,0.3291580379009247
silvery,suffix,y,silver,True,freeroot,3.0,1e-06,0.32915812730789185
frumpy,suffix,y,frump,True,freeroot,2.28,1.91e-07,0.3292161524295807
inland,prefix,in,land,True,family,3.83,6.76e-06,0.3292785584926605
harmonize,suffix,ize,harmon,True,family,2.67,4.68e-07,0.3293752074241638
ablest,suffix,est,able,True,family,1.89,7.76e-08,0.32940584421157837
preferable,suffix,able,prefer,True,family,3.44,2.75e-06,0.32946354150772095
distaste,prefix,dis,taste,True,family,2.92,8.32e-07,0.32953423261642456
melancholia,suffix,ia,melanchol,False,family,2.37,2.34e-07,0.32960045337677
magnificent,suffix,ant,magnific,False,family,4.04,1.1e-05,0.32960444688796997
undaunted,prefix,un,daunt,True,family,2.69,4.9e-07,0.32961806654930115
compactness,suffix,ness,compact,True,family,2.31,2.04e-07,0.32978689670562744
minutely,suffix,ly,minute,True,family,2.39,2.45e-07,0.32981398701667786
sloganeering,suffix,eer,slogan,True,freeroot,1.79,6.17e-08,0.3298717737197876
serenely,suffix,ly,serene,True,family,2.34,2.19e-07,0.33006879687309265
slothful,suffix,ful,sloth,True,freeroot,1.91,8.13e-08,0.3301331102848053
unsigned,prefix,un,sign,True,family,3.17,1.48e-06,0.33013811707496643
deliverer,suffix,er,deliver,True,family,2.38,2.4e-07,0.330157607793808
stiffness,suffix,ness,stiff,True,family,3.2,1.58e-06,0.33021700382232666
academy,suffix,y,academ,False,family,4.57,3.72e-05,0.3303477466106415
declaim,prefix,de,claim,True,family,1.57,3.72e-08,0.3304748833179474
abstinence,suffix,ance,abstin,False,family,3.18,1.51e-06,0.3305042088031769
faster,suffix,er,fast,True,family,4.64,4.37e-05,0.3306950628757477
justness,suffix,ness,just,True,family,1.52,3.31e-08,0.3307381868362427
vulgarity,suffix,ity,vulgar,True,family,2.65,4.47e-07,0.3307546079158783
keenly,suffix,ly,keen,True,family,3.08,1.2e-06,0.3308677077293396
guzzler,suffix,er,guzzle,True,freeroot,2.01,1.02e-07,0.33094504475593567
dethrone,prefix,de,throne,True,family,2.36,2.29e-07,0.33095183968544006
enfranchise,prefix,en,franchise,True,family,1.63,4.27e-08,0.3309740126132965
subhuman,prefix,sub,human,True,family,2.38,2.4e-07,0.3310273289680481
sanely,suffix,ly,sane,True,family,1.68,4.79e-08,0.33103427290916443
admiringly,suffix,ly,admire,True,family,2.05,1.12e-07,0.33109620213508606
occupant,suffix,ant,occupy,True,family,3.11,1.29e-06,0.3311532437801361
lamer,suffix,er,lame,True,family,2.17,1.48e-07,0.33116573095321655
likely,suffix,ly,like,True,family,5.2,0.000158,0.3312165141105652
dicta,suffix,a,dict,True,family,2.06,1.15e-07,0.33129367232322693
tempestuous,suffix,ious,tempest,True,freeroot,2.49,3.09e-07,0.33143702149391174
dishonor,prefix,dis,honor,True,family,2.88,7.59e-07,0.3314511179924011
italicize,suffix,ize,italic,True,freeroot,1.62,4.17e-08,0.33147406578063965
astuteness,suffix,ness,astute,True,family,1.74,5.5e-08,0.3315430283546448
stardom,suffix,dom,star,True,family,3.09,1.23e-06,0.331668883562088
goddess,suffix,ess,god,True,family,4.01,1.02e-05,0.33174827694892883
cleanser,suffix,er,cleanse,True,freeroot,3.06,1.15e-06,0.33175820112228394
admissible,suffix,able,admit,True,family,2.87,7.41e-07,0.3318152129650116
abstinent,suffix,ant,abstin,False,family,2.09,1.23e-07,0.3318690359592438
uncontrolled,prefix,un,control,True,family,3.2,1.58e-06,0.33196938037872314
remarriage,prefix,re,marriage,True,family,2.5,3.16e-07,0.33200743794441223
midnight,prefix,mid,night,True,family,4.31,2.04e-05,0.33213481307029724
radial,suffix,al,radio,True,family,3.45,2.82e-06,0.3321596384048462
succulent,suffix,ant,succul,False,family,3.0,1e-06,0.3321915566921234
misguide,prefix,mis,guide,True,family,1.66,4.57e-08,0.3322848081588745
biblically,suffix,ly,biblical,True,freeroot,2.26,1.82e-07,0.3323521912097931
recommence,prefix,re,commence,True,family,2.06,1.15e-07,0.33240067958831787
fathomless,suffix,less,fathom,True,freeroot,1.63,4.27e-08,0.33241772651672363
unrest,prefix,un,rest,True,family,3.61,4.07e-06,0.332444429397583
nudism,suffix,ism,nude,True,family,2.03,1.07e-07,0.3324939012527466
revert,prefix,re,vert,True,family,3.35,2.24e-06,0.33253878355026245
misfire,prefix,mis,fire,True,family,2.47,2.95e-07,0.3325870931148529
patiently,suffix,ly,patient,True,family,3.48,3.02e-06,0.3326447308063507
oldest,suffix,est,old,True,family,4.24,1.74e-05,0.3327300250530243
pitiless,suffix,less,pity,True,family,2.31,2.04e-07,0.3328207731246948
prejudge,prefix,pre,judge,True,family,2.05,1.12e-07,0.3329482972621918
publicist,suffix,ist,public,True,family,3.07,1.17e-06,0.3329678177833557
prenatal,prefix,pre,natal,True,freeroot,3.16,1.45e-06,0.33318427205085754
peaceful,suffix,ful,peace,True,family,4.28,1.91e-05,0.3332171142101288
midweek,prefix,mid,week,True,family,2.92,8.32e-07,0.3332202732563019
frizzy,suffix,y,frizz,True,freeroot,2.6,3.98e-07,0.3333588242530823
impish,suffix,ish,imp,True,freeroot,2.15,1.41e-07,0.3334586024284363
smutty,suffix,y,smut,True,freeroot,2.24,1.74e-07,0.33363819122314453
obstruction,suffix,ion,obstruct,True,family,3.55,3.55e-06,0.33367210626602173
ballistics,suffix,ics,ballist,False,family,2.84,6.92e-07,0.33373183012008667
pinkish,suffix,ish,pink,True,family,2.72,5.25e-07,0.3337402641773224
randomness,suffix,ness,random,True,family,2.9,7.94e-07,0.33386144042015076
revise,prefix,re,vise,True,family,3.48,3.02e-06,0.3339513838291168
chubbier,suffix,er,chubby,True,freeroot,1.7,5.01e-08,0.33400091528892517
speechless,suffix,less,speech,True,family,3.26,1.82e-06,0.3340528607368469
enthrone,prefix,en,throne,True,family,1.54,3.47e-08,0.3342222571372986
unburned,prefix,un,burn,True,family,2.08,1.2e-07,0.33426016569137573
desperation,suffix,ion,desperate,True,family,3.55,3.55e-06,0.3345145583152771
musky,suffix,y,musk,True,freeroot,2.43,2.69e-07,0.3345327079296112
unexamined,prefix,un,examine,True,family,2.27,1.86e-07,0.33454710245132446
trapezium,suffix,ium,trapez,False,family,1.8,6.31e-08,0.334587961435318
micrometer,prefix,micro,meter,True,family,2.32,2.09e-07,0.3345915675163269
smokeless,suffix,less,smoke,True,family,2.63,4.27e-07,0.33464422821998596
wackiness,suffix,ness,wacky,True,family,1.72,5.25e-08,0.3346845805644989
equal,suffix,al,equi,True,family,4.65,4.47e-05,0.3347265124320984
negotiable,suffix,able,negoti,False,family,3.22,1.66e-06,0.33481261134147644
vilest,suffix,est,vile,True,family,2.06,1.15e-07,0.3348595201969147
player,suffix,er,play,True,family,5.19,0.000155,0.3349323272705078
striations,suffix,ion,striate,True,freeroot,2.33,2.14e-07,0.3349553644657135
slackness,suffix,ness,slack,True,family,1.82,6.61e-08,0.33516839146614075
unmitigated,prefix,un,mitigate,True,family,2.64,4.37e-07,0.3352108597755432
roughness,suffix,ness,rough,True,family,2.81,6.46e-07,0.3352559208869934
redoubtable,suffix,able,redoubt,True,freeroot,2.16,1.45e-07,0.33533763885498047
pastoral,suffix,al,pastor,True,freeroot,3.54,3.47e-06,0.3353862762451172
restive,suffix,ive,rest,True,family,2.37,2.34e-07,0.3356139659881592
obstetrical,suffix,al,obstetric,True,family,2.07,1.17e-07,0.33569782972335815
wearable,suffix,able,weare,True,family,3.29,1.95e-06,0.33569973707199097
tractable,suffix,able,tract,True,family,2.21,1.62e-07,0.33573269844055176
enjoy,prefix,en,joy,True,family,5.09,0.000123,0.33591794967651367
restrain,prefix,re,strain,True,family,3.27,1.86e-06,0.3360136151313782
mildness,suffix,ness,mild,True,family,1.76,5.75e-08,0.3360806405544281
lusty,suffix,y,lust,True,family,2.8,6.31e-07,0.336116760969162
folksy,suffix,y,folk,True,freeroot,2.43,2.69e-07,0.33615490794181824
derivation,suffix,ion,derive,True,family,3.04,1.1e-06,0.33638983964920044
entry,suffix,y,enter,True,family,4.67,4.68e-05,0.33647167682647705
lender,suffix,er,lend,True,freeroot,3.64,4.37e-06,0.33651667833328247
lengthen,suffix,en,length,True,family,2.81,6.46e-07,0.33664464950561523
depose,prefix,de,pose,True,family,2.67,4.68e-07,0.3368677794933319
perfumery,suffix,ory,perfume,True,family,2.27,1.86e-07,0.3368951976299286
armless,suffix,less,arm,True,family,2.18,1.51e-07,0.33692219853401184
shipper,suffix,er,ship,True,family,3.01,1.02e-06,0.3369620442390442
prouder,suffix,er,proud,True,family,2.66,4.57e-07,0.3369656801223755
overplay,prefix,over,play,True,family,2.06,1.15e-07,0.3370359241962433
ineptly,suffix,ly,inept,True,family,1.76,5.75e-08,0.3370797038078308
awful,suffix,ful,awe,True,family,4.46,2.88e-05,0.3371622860431671
beware,prefix,be,ware,True,family,3.7,5.01e-06,0.33734068274497986
undiluted,prefix,un,dilute,True,family,2.32,2.09e-07,0.3374718427658081
impose,prefix,in,pose,True,family,3.92,8.32e-06,0.3375992178916931
dictate,suffix,ate,dict,True,family,3.58,3.8e-06,0.33765387535095215
debtor,suffix,or,debt,True,family,3.08,1.2e-06,0.3376668691635132
truthful,suffix,ful,truth,True,family,3.42,2.63e-06,0.33766940236091614
intercede,prefix,inter,cede,True,family,2.56,3.63e-07,0.3377019166946411
fraternal,suffix,al,fratern,False,family,3.07,1.17e-06,0.33779340982437134
grammarian,suffix,ian,grammar,True,freeroot,2.11,1.29e-07,0.33792978525161743
surely,suffix,ly,sure,True,family,4.55,3.55e-05,0.33800846338272095
satiate,suffix,ate,satis,True,family,2.25,1.78e-07,0.3381004333496094
delicate,suffix,ate,delic,True,family,4.01,1.02e-05,0.33831411600112915
profundity,suffix,ity,profound,True,family,2.2,1.58e-07,0.33833810687065125
roaster,suffix,er,roast,True,freeroot,2.49,3.09e-07,0.33836227655410767
popish,suffix,ish,pope,True,family,2.07,1.17e-07,0.33843326568603516
plagiarist,suffix,ist,plagiar,False,family,1.87,7.41e-08,0.3384358882904053
cruiser,suffix,er,cruise,True,freeroot,3.52,3.31e-06,0.3384806215763092
rarely,suffix,ly,rare,True,family,4.42,2.63e-05,0.3385389745235443
dietician,suffix,ian,diet,True,family,2.39,2.45e-07,0.33864420652389526
alveolar,suffix,ar,alveol,False,family,2.8,6.31e-07,0.3386988341808319
robustly,suffix,ly,robust,True,family,2.39,2.45e-07,0.3387908935546875
dynamical,suffix,al,dynamic,True,family,2.91,8.13e-07,0.33882105350494385
undo,prefix,un,do,True,family,3.57,3.72e-06,0.3388359546661377
tempter,suffix,er,tempt,True,family,1.86,7.24e-08,0.33890849351882935
repellent,suffix,ant,repel,True,freeroot,2.94,8.71e-07,0.3389441967010498
refugee,suffix,ee,refuge,True,freeroot,3.98,9.55e-06,0.3389453589916229
expectation,suffix,ion,expect,True,family,3.99,9.77e-06,0.3391137421131134
meekness,suffix,ness,meek,True,family,2.2,1.58e-07,0.3391265869140625
popery,suffix,ory,pope,True,family,1.87,7.41e-08,0.3392539620399475
displease,prefix,dis,please,True,family,2.2,1.58e-07,0.3394634425640106
sternness,suffix,ness,sterno,True,family,1.53,3.39e-08,0.33950337767601013
magistrate,suffix,ate,magister,True,family,3.71,5.13e-06,0.33955085277557373
aviation,suffix,ion,aviate,False,family,4.17,1.48e-05,0.33957839012145996
meddler,suffix,er,meddle,True,family,1.89,7.76e-08,0.33958178758621216
reelected,prefix,re,electr,False,family,2.95,8.91e-07,0.3397581875324249
diviner,suffix,er,divine,True,family,2.26,1.82e-07,0.33977678418159485
incapable,prefix,im,capable,True,family,3.72,5.25e-06,0.3397771418094635
acquiescence,suffix,ance,acquiesce,True,family,2.47,2.95e-07,0.33978089690208435
befit,prefix,be,fit,True,family,2.07,1.17e-07,0.33983713388442993
gooey,suffix,y,goo,True,freeroot,2.86,7.24e-07,0.33986493945121765
unkempt,prefix,un,kempt,True,freeroot,2.64,4.37e-07,0.33987414836883545
serenity,suffix,ity,serene,True,family,3.3,2e-06,0.3399834930896759
deplore,prefix,de,plore,False,family,2.43,2.69e-07,0.3399975597858429
servant,suffix,ant,serve,True,family,4.09,1.23e-05,0.34000006318092346
doubtful,suffix,ful,doubt,True,family,3.52,3.31e-06,0.3400261402130127
disciplinary,suffix,ory,discipline,True,family,3.75,5.62e-06,0.34015896916389465
outsell,prefix,out,sell,True,family,2.13,1.35e-07,0.34018081426620483
legless,suffix,less,leg,True,family,2.31,2.04e-07,0.34025731682777405
miscounted,prefix,mis,count,True,family,1.69,4.9e-08,0.3402616083621979
capability,suffix,ity,capable,True,family,4.07,1.17e-05,0.340321809053421
maximal,suffix,al,maxim,True,family,3.06,1.15e-06,0.34035491943359375
allowance,suffix,ance,allow,True,family,3.85,7.08e-06,0.3404243290424347
wary,suffix,y,ware,True,family,3.57,3.72e-06,0.340476393699646
steadfastness,suffix,ness,steadfast,True,family,2.26,1.82e-07,0.34049904346466064
adsorbed,prefix,a,sorb,False,family,2.31,2.04e-07,0.3405178189277649
orientate,suffix,ate,orient,True,family,1.94,8.71e-08,0.34055477380752563
phonics,suffix,ics,phon,True,family,2.61,4.07e-07,0.34073370695114136
burdensome,suffix,some,burden,True,family,2.85,7.08e-07,0.34082624316215515
excitement,suffix,ment,excite,True,family,4.19,1.55e-05,0.34088748693466187
discontinue,prefix,dis,continue,True,family,3.11,1.29e-06,0.3409753739833832
precisely,suffix,ly,precise,True,family,4.2,1.58e-05,0.34101584553718567
renter,suffix,er,rent,True,family,2.77,5.89e-07,0.3410462737083435
pugilist,suffix,ist,pugil,False,family,2.07,1.17e-07,0.34116166830062866
exemplar,suffix,ar,example,True,family,2.68,4.79e-07,0.3411683738231659
cartilaginous,suffix,ious,cartilage,True,freeroot,2.31,2.04e-07,0.34118902683258057
denote,prefix,de,note,True,family,3.29,1.95e-06,0.3411988615989685
memory,suffix,y,memor,False,family,4.81,6.46e-05,0.3412250578403473
appointee,suffix,ee,appoint,True,family,2.88,7.59e-07,0.34131550788879395
leftist,suffix,ist,left,True,family,3.63,4.27e-06,0.3413199782371521
lameness,suffix,ness,lame,True,family,2.28,1.91e-07,0.3413434326648712
germanic,suffix,ic,german,True,family,3.19,1.55e-06,0.34138330817222595
eastward,suffix,ward,east,True,family,3.24,1.74e-06,0.3414199650287628
trawler,suffix,er,trawl,True,freeroot,2.67,4.68e-07,0.3415394425392151
overacting,prefix,over,act,True,family,2.05,1.12e-07,0.34182974696159363
calculus,suffix,us,calcul,False,family,3.6,3.98e-06,0.34184530377388
glamorous,suffix,ious,glamour,True,family,3.5,3.16e-06,0.34189027547836304
wisdom,suffix,dom,wise,True,family,4.3,2e-05,0.3420841693878174
bristly,suffix,y,bristle,True,freeroot,2.19,1.55e-07,0.3421113193035126
magisterial,suffix,al,magister,True,family,2.46,2.88e-07,0.34215807914733887
phlegmatic,suffix,ic,phlegm,True,freeroot,2.07,1.17e-07,0.3421725332736969
politician,suffix,ian,politic,True,family,4.16,1.45e-05,0.3421856760978699
retread,prefix,re,tread,True,freeroot,2.11,1.29e-07,0.3421980142593384
unseemly,prefix,un,seemly,True,freeroot,2.67,4.68e-07,0.34229764342308044
glibness,suffix,ness,glib,True,family,1.51,3.24e-08,0.3423703908920288
sidewise,suffix,wise,side,True,family,1.6,3.98e-08,0.34242042899131775
murky,suffix,y,murk,True,freeroot,3.12,1.32e-06,0.3425029516220093
dully,suffix,ly,dull,True,family,1.87,7.41e-08,0.3426216244697571
colorful,suffix,ful,color,True,family,3.8,6.31e-06,0.3428516685962677
brusquely,suffix,ly,brusque,True,freeroot,1.79,6.17e-08,0.34291714429855347
feebleness,suffix,ness,feeble,True,family,1.65,4.47e-08,0.34304171800613403
imaginable,suffix,able,imagine,True,family,3.27,1.86e-06,0.3430517315864563
confront,prefix,co,front,True,family,3.8,6.31e-06,0.3430662751197815
legibility,suffix,ity,legible,True,family,2.26,1.82e-07,0.3431764543056488
invitees,suffix,ee,invite,True,family,2.28,1.91e-07,0.3432227671146393
humanist,suffix,ist,human,True,family,3.07,1.17e-06,0.343298077583313
mobility,suffix,ity,mobile,True,family,4.05,1.12e-05,0.34330570697784424
responsibly,suffix,y,responsible,True,family,3.24,1.74e-06,0.3434408903121948
surprisingly,suffix,ly,surprise,True,freeroot,4.09,1.23e-05,0.34348222613334656
meatless,suffix,less,meat,True,family,2.4,2.51e-07,0.34351620078086853
lethality,suffix,ity,lethal,True,freeroot,2.52,3.31e-07,0.34353935718536377
uptown,prefix,up,town,True,family,3.31,2.04e-06,0.3437802493572235
sleekly,suffix,ly,sleek,True,family,1.53,3.39e-08,0.34379053115844727
publicity,suffix,ity,public,True,family,4.0,1e-05,0.3440244495868683
writer,suffix,er,write,True,family,4.69,4.9e-05,0.3441010117530823
declaratory,suffix,ory,declare,True,family,2.31,2.04e-07,0.34411782026290894
corrective,suffix,ive,correct,True,family,3.29,1.95e-06,0.3442081809043884
faceless,suffix,less,face,True,family,2.98,9.55e-07,0.3442324995994568
prearranged,prefix,pre,arrange,True,family,2.32,2.09e-07,0.34434735774993896
nicely,suffix,ly,nice,True,family,4.07,1.17e-05,0.3443845510482788
blotter,suffix,er,blot,True,freeroot,2.44,2.75e-07,0.344540536403656
reconsider,prefix,re,consider,True,family,3.63,4.27e-06,0.34455710649490356
ruggedly,suffix,ly,rugged,True,family,2.05,1.12e-07,0.34459608793258667
physics,suffix,ics,phys,True,family,4.39,2.45e-05,0.34463006258010864
mutilation,suffix,ion,mutilate,True,freeroot,3.17,1.48e-06,0.3446919918060303
intermarriage,prefix,inter,marriage,True,family,2.52,3.31e-07,0.3447524309158325
misery,suffix,y,miser,True,family,3.89,7.76e-06,0.34475797414779663
repress,prefix,re,press,True,family,2.82,6.61e-07,0.34480980038642883
overrate,prefix,over,rate,True,family,1.96,9.12e-08,0.34482207894325256
various,suffix,ious,vary,True,family,5.12,0.000132,0.3449383080005646
invader,suffix,er,invade,True,family,2.98,9.55e-07,0.3449430465698242
chancellery,suffix,ory,chancel,True,family,2.29,1.95e-07,0.34494394063949585
disrobe,prefix,dis,robe,True,freeroot,1.96,9.12e-08,0.3449932634830475
terrify,suffix,ify,terr,True,family,2.8,6.31e-07,0.3450072109699249
leafless,suffix,less,leaf,True,family,2.06,1.15e-07,0.3450857102870941
wimpy,suffix,y,wimp,True,freeroot,2.76,5.75e-07,0.34511855244636536
adaptable,suffix,able,adapt,True,family,3.12,1.32e-06,0.34514108300209045
dynamically,suffix,ly,dynamic,True,family,3.03,1.07e-06,0.34522363543510437
mindful,suffix,ful,mind,True,family,3.49,3.09e-06,0.34524640440940857
disqualify,prefix,dis,qualify,True,family,2.94,8.71e-07,0.3452514111995697
blacker,suffix,er,black,True,family,2.66,4.57e-07,0.3452732264995575
contender,suffix,er,contend,True,family,3.6,3.98e-06,0.34544992446899414
poofy,suffix,y,poof,True,freeroot,2.13,1.35e-07,0.3456263542175293
recondition,prefix,re,condition,True,family,1.8,6.31e-08,0.34565162658691406
laudable,suffix,able,laud,True,family,2.68,4.79e-07,0.3457188010215759
gruesomely,suffix,ly,gruesome,True,freeroot,1.86,7.24e-08,0.3457549214363098
assertion,suffix,ion,assert,True,family,3.63,4.27e-06,0.3457797169685364
flatteringly,suffix,ly,flatter,True,family,1.58,3.8e-08,0.34578952193260193
unmatched,prefix,un,match,True,family,3.13,1.35e-06,0.3458067774772644
grouchy,suffix,y,grouch,True,freeroot,2.59,3.89e-07,0.3458946943283081
savory,suffix,y,savor,True,freeroot,3.0,1e-06,0.3459371328353882
inboard,prefix,in,board,True,family,2.4,2.51e-07,0.34594181180000305
capture,suffix,ure,capt,True,family,4.42,2.63e-05,0.3459874391555786
scary,suffix,y,scare,True,freeroot,4.37,2.34e-05,0.34599024057388306
paternal,suffix,al,pater,True,family,3.26,1.82e-06,0.34600064158439636
monaural,prefix,mono,aural,True,family,1.8,6.31e-08,0.3460380434989929
quickly,suffix,ly,quick,True,family,5.0,0.0001,0.3460407555103302
stiffly,suffix,ly,stiff,True,family,2.22,1.66e-07,0.34607940912246704
fatness,suffix,ness,fat,True,family,2.31,2.04e-07,0.34610748291015625
wrapper,suffix,er,wrap,True,freeroot,3.16,1.45e-06,0.3461081385612488
refiner,suffix,er,refine,True,family,2.28,1.91e-07,0.34611812233924866
undone,prefix,un,done,True,family,3.37,2.34e-06,0.3461432158946991
hasty,suffix,y,haste,True,family,3.29,1.95e-06,0.34616997838020325
toiletries,suffix,ory,toilet,True,freeroot,2.73,5.37e-07,0.3461737334728241
complainer,suffix,er,complain,True,family,2.21,1.62e-07,0.34620001912117004
fantasia,suffix,a,fantasy,True,family,2.92,8.32e-07,0.3464182913303375
choicest,suffix,est,choice,True,freeroot,2.14,1.38e-07,0.3464408814907074
antihero,prefix,anti,hero,True,family,2.28,1.91e-07,0.3466661870479584
dearer,suffix,er,dear,True,family,2.38,2.4e-07,0.3466898202896118
lucidly,suffix,ly,lucid,True,family,1.92,8.32e-08,0.3468755781650543
hardness,suffix,ness,hard,True,family,3.17,1.48e-06,0.3469645082950592
mitigation,suffix,ion,mitigate,True,family,3.46,2.88e-06,0.34697142243385315
windowless,suffix,less,window,True,freeroot,2.46,2.88e-07,0.3469979465007782
adultery,suffix,y,adulter,False,family,3.41,2.57e-06,0.34713083505630493
proximate,suffix,ate,proxim,True,family,2.62,4.17e-07,0.34715214371681213
revocable,suffix,able,revoke,True,family,2.36,2.29e-07,0.3471703827381134
resultant,suffix,ant,result,True,freeroot,3.13,1.35e-06,0.34729665517807007
monoplane,prefix,mono,plane,True,family,2.08,1.2e-07,0.34732985496520996
enfeebled,prefix,en,feeble,True,family,1.97,9.33e-08,0.3473650813102722
product,prefix,pro,duct,True,family,4.95,8.91e-05,0.3474675416946411
crassly,suffix,ly,crass,True,family,1.54,3.47e-08,0.3475687503814697
genuineness,suffix,ness,genuine,True,family,2.32,2.09e-07,0.3475830554962158
antagonist,suffix,ist,antagon,False,family,3.32,2.09e-06,0.34788843989372253
immunize,suffix,ize,immune,True,family,2.06,1.15e-07,0.34792858362197876
merriment,suffix,ment,merry,True,family,2.51,3.24e-07,0.34795138239860535
deliberation,suffix,ion,deliberate,True,family,3.06,1.15e-06,0.3479781150817871
bravery,suffix,ory,brave,True,family,3.59,3.89e-06,0.3479875922203064
microwave,prefix,micro,wave,True,family,3.8,6.31e-06,0.3480280339717865
robbie,suffix,ie,rob,True,family,3.84,6.92e-06,0.34804365038871765
warder,suffix,er,ward,True,family,2.34,2.19e-07,0.34809982776641846
debauchery,suffix,ory,debauch,True,freeroot,2.77,5.89e-07,0.3481016159057617
precocity,suffix,ity,precoc,False,family,1.62,4.17e-08,0.3481104075908661
preparatory,suffix,ory,prepare,True,family,3.44,2.75e-06,0.3482152819633484
dexterity,suffix,ity,dexter,True,family,3.07,1.17e-06,0.3482770025730133
arabic,suffix,ic,arab,True,family,4.03,1.07e-05,0.34830597043037415
determinism,suffix,ism,determine,True,family,2.75,5.62e-07,0.34832775592803955
carbonic,suffix,ic,carbon,True,family,2.39,2.45e-07,0.34839561581611633
informer,suffix,er,inform,True,family,2.99,9.77e-07,0.3484130799770355
overdose,prefix,over,dose,True,family,3.57,3.72e-06,0.34852758049964905
upside,prefix,up,side,True,family,4.01,1.02e-05,0.34854811429977417
explicable,suffix,able,explain,True,family,1.98,9.55e-08,0.3485593795776367
begat,prefix,be,gat,True,freeroot,2.41,2.57e-07,0.3485625982284546
confessor,suffix,or,confess,True,family,2.89,7.76e-07,0.34857630729675293
inelegant,prefix,im,elegant,True,family,2.12,1.32e-07,0.34869468212127686
peevish,suffix,ish,peeve,True,freeroot,1.91,8.13e-08,0.3487374484539032
imprint,prefix,in,print,True,family,3.38,2.4e-06,0.34875768423080444
shiftless,suffix,less,shift,True,family,1.95,8.91e-08,0.34878161549568176
ritualist,suffix,ist,ritual,True,family,1.67,4.68e-08,0.34884175658226013
chaotically,suffix,ly,chaotic,True,freeroot,1.95,8.91e-08,0.3488563299179077
romantically,suffix,ly,romantic,True,family,3.09,1.23e-06,0.3489096164703369
advisory,suffix,ory,advise,True,family,4.18,1.51e-05,0.34900879859924316
outsold,prefix,out,sold,True,family,2.41,2.57e-07,0.3490147292613983
ethical,suffix,al,ethic,True,family,4.07,1.17e-05,0.34902313351631165
inject,prefix,in,ject,False,family,3.44,2.75e-06,0.3490280210971832
opaqueness,suffix,ness,opaque,True,freeroot,1.54,3.47e-08,0.3490387499332428
harmonic,suffix,ic,harmon,True,family,3.33,2.14e-06,0.34904202818870544
outburst,prefix,out,burst,True,freeroot,3.15,1.41e-06,0.3492366373538971
exhortation,suffix,ion,exhort,True,freeroot,2.58,3.8e-07,0.3492942750453949
pebbly,suffix,y,pebble,True,freeroot,1.95,8.91e-08,0.34937724471092224
elliptically,suffix,ly,elliptic,True,family,1.67,4.68e-08,0.3493984341621399
impious,prefix,im,pious,True,family,2.12,1.32e-07,0.3494701087474823
unquote,prefix,un,quote,True,family,2.18,1.51e-07,0.3495248258113861
aggrieved,prefix,a,grieve,True,family,2.9,7.94e-07,0.3496280014514923
purveyor,suffix,or,purvey,True,freeroot,2.55,3.55e-07,0.34963566064834595
dispossess,prefix,dis,possess,True,family,1.94,8.71e-08,0.34964388608932495
uptight,prefix,up,tight,True,family,2.88,7.59e-07,0.34971311688423157
anklet,suffix,et,ankle,True,freeroot,2.28,1.91e-07,0.34971338510513306
horrendously,suffix,ly,horrendous,True,freeroot,2.26,1.82e-07,0.34974363446235657
affliction,suffix,ion,afflict,True,freeroot,3.11,1.29e-06,0.34984567761421204
exultant,suffix,ant,exult,True,family,2.16,1.45e-07,0.34984728693962097
personify,suffix,ify,person,True,family,2.21,1.62e-07,0.3498537540435791
translucency,suffix,y,translucence,True,freeroot,1.93,8.51e-08,0.34992390871047974
realizable,suffix,able,realize,True,family,1.94,8.71e-08,0.34992533922195435
longitude,suffix,itude,long,True,family,3.26,1.82e-06,0.34994474053382874
neatness,suffix,ness,neat,True,family,2.19,1.55e-07,0.3500312268733978
retouch,prefix,re,touch,True,family,2.19,1.55e-07,0.3501465320587158
elision,suffix,ion,elide,True,freeroot,1.92,8.32e-08,0.35017451643943787
judgment,suffix,ment,judge,True,family,4.28,1.91e-05,0.3501754105091095
instrumental,suffix,al,instrument,True,family,3.99,9.77e-06,0.3502313494682312
solemnly,suffix,ly,solemn,True,family,3.03,1.07e-06,0.35046854615211487
mainly,suffix,ly,main,True,freeroot,4.6,3.98e-05,0.3504732549190521
disconnect,prefix,dis,connect,True,family,3.46,2.88e-06,0.35057130455970764
hackers,suffix,er,hack,True,freeroot,3.71,5.13e-06,0.35057559609413147
evenly,suffix,ly,even,True,family,3.65,4.47e-06,0.35060107707977295
active,suffix,ive,act,True,family,4.93,8.51e-05,0.35060474276542664
upmost,prefix,up,most,True,family,2.14,1.38e-07,0.3506467342376709
transplant,prefix,trans,plant,True,family,3.76,5.75e-06,0.3507027328014374
enforce,prefix,en,force,True,family,3.96,9.12e-06,0.35080230236053467
professor,suffix,or,profess,True,family,4.9,7.94e-05,0.3509514331817627
director,suffix,or,direct,True,family,5.15,0.000141,0.3509798049926758
mournful,suffix,ful,mourn,True,family,2.73,5.37e-07,0.35101380944252014
weekly,suffix,ly,week,True,family,4.57,3.72e-05,0.3510635197162628
neatly,suffix,ly,neat,True,family,3.49,3.09e-06,0.3511183559894562
boyhood,suffix,hood,boy,True,family,3.09,1.23e-06,0.3511660099029541
cannibalize,suffix,ize,cannibal,True,family,2.1,1.26e-07,0.35117554664611816
approval,suffix,al,approve,True,family,4.5,3.16e-05,0.3511967658996582
possession,suffix,ion,possess,True,family,4.38,2.4e-05,0.351343035697937
willingly,suffix,ly,will,True,family,3.58,3.8e-06,0.3513723313808441
inopportune,prefix,im,opportune,True,family,2.4,2.51e-07,0.35144269466400146
transient,suffix,ant,transit,True,family,3.37,2.34e-06,0.35146528482437134
enshrine,prefix,en,shrine,True,freeroot,2.19,1.55e-07,0.3514759838581085
discreetly,suffix,ly,discreet,True,family,3.04,1.1e-06,0.351500004529953
stubby,suffix,y,stub,True,freeroot,2.69,4.9e-07,0.35154780745506287
vehemence,suffix,ance,vehem,False,family,2.23,1.7e-07,0.3517332673072815
fouler,suffix,er,foul,True,family,1.57,3.72e-08,0.35174229741096497
dualism,suffix,ism,dual,True,family,2.6,3.98e-07,0.3518145978450775
strategist,suffix,ist,strateg,False,family,3.26,1.82e-06,0.3518919050693512
truancy,suffix,ancy,tru,True,family,2.47,2.95e-07,0.35195624828338623
solely,suffix,ly,sole,True,freeroot,4.2,1.58e-05,0.35205161571502686
desertion,suffix,ion,desert,True,family,2.85,7.08e-07,0.3520784378051758
proneness,suffix,ness,prone,True,freeroot,1.68,4.79e-08,0.3520973324775696
responsive,suffix,ive,response,True,freeroot,3.7,5.01e-06,0.35215097665786743
imbecility,suffix,ity,imbecile,True,freeroot,1.67,4.68e-08,0.3521997630596161
wholeness,suffix,ness,whole,True,family,2.63,4.27e-07,0.3522568643093109
grown,suffix,n,grow,True,family,4.67,4.68e-05,0.35228365659713745
fraudulent,suffix,ant,fraud,True,family,3.61,4.07e-06,0.35239487886428833
expansive,suffix,ive,expand,True,family,3.38,2.4e-06,0.35240909457206726
replanted,prefix,re,plant,True,family,2.33,2.14e-07,0.3524741530418396
optimizing,suffix,ize,optim,False,family,3.01,1.02e-06,0.35252562165260315
vehement,suffix,ant,vehem,False,family,2.62,4.17e-07,0.35256755352020264
contentious,suffix,ious,contend,True,family,3.31,2.04e-06,0.3526134490966797
vandalize,suffix,ize,vandal,True,family,2.19,1.55e-07,0.3526291251182556
seedling,suffix,ling,seed,True,family,2.75,5.62e-07,0.35272589325904846
flatterer,suffix,er,flatter,True,family,1.85,7.08e-08,0.35286393761634827
caustically,suffix,ly,caustic,True,freeroot,1.65,4.47e-08,0.35293149948120117
acidify,suffix,ify,acid,True,family,1.64,4.37e-08,0.3529343903064728
arcadian,suffix,n,arcadia,True,freeroot,2.3,2e-07,0.35294094681739807
trickery,suffix,ory,trick,True,family,2.95,8.91e-07,0.35294899344444275
unheeded,prefix,un,heed,True,family,2.27,1.86e-07,0.35303637385368347
calmly,suffix,ly,calm,True,family,3.56,3.63e-06,0.35312601923942566
emptiest,suffix,est,empty,True,family,1.51,3.24e-08,0.35328438878059387
spasmodically,suffix,ly,spasmodic,True,freeroot,1.69,4.9e-08,0.35328903794288635
smartness,suffix,ness,smart,True,family,2.17,1.48e-07,0.3533235788345337
audience,suffix,ance,audio,True,family,4.73,5.37e-05,0.3533284366130829
tuberculosis,suffix,sis,tubercule,False,family,3.58,3.8e-06,0.35349076986312866
breeder,suffix,er,breed,True,family,3.35,2.24e-06,0.35352903604507446
procrastination,suffix,ion,procrastinate,True,freeroot,2.96,9.12e-07,0.35356423258781433
naughtiness,suffix,ness,naughty,True,family,2.12,1.32e-07,0.35365426540374756
habituate,suffix,ate,habit,True,family,1.54,3.47e-08,0.35375547409057617
sinful,suffix,ful,sin,True,family,3.34,2.19e-06,0.35376352071762085
entrench,prefix,en,trench,True,family,2.33,2.14e-07,0.3538129925727844
tenderize,suffix,ize,tender,True,family,1.62,4.17e-08,0.3538711965084076
securely,suffix,ly,secure,True,family,3.28,1.91e-06,0.3538861870765686
detestable,suffix,able,detest,True,family,2.47,2.95e-07,0.35389986634254456
intelligent,suffix,ant,intellig,False,family,4.29,1.95e-05,0.35390645265579224
brutal,suffix,al,brute,True,family,4.1,1.26e-05,0.3539104759693146
ovary,suffix,ory,ov,True,family,2.94,8.71e-07,0.35397863388061523
military,suffix,ory,milit,False,family,5.2,0.000158,0.3540216386318207
herbaceous,suffix,ious,herb,True,family,2.79,6.17e-07,0.35406145453453064
precondition,prefix,pre,condition,True,family,2.63,4.27e-07,0.3541092872619629
frilly,suffix,y,frill,True,freeroot,2.51,3.24e-07,0.35411277413368225
earlier,suffix,er,early,True,family,4.98,9.55e-05,0.3541194498538971
comparative,suffix,ive,compare,True,family,3.77,5.89e-06,0.35429292917251587
laughingly,suffix,ly,laugh,True,family,2.11,1.29e-07,0.3543117940425873
butchery,suffix,y,butcher,True,freeroot,2.56,3.63e-07,0.3543185293674469
defenseless,suffix,less,defense,True,family,3.05,1.12e-06,0.35431942343711853
zipper,suffix,er,zip,True,family,3.3,2e-06,0.35432204604148865
nobly,suffix,y,noble,True,family,2.39,2.45e-07,0.3543480932712555
firmer,suffix,er,firm,True,family,2.97,9.33e-07,0.3543809950351715
avoidance,suffix,ance,avoid,True,family,3.54,3.47e-06,0.3543822467327118
genially,suffix,y,genial,True,family,1.63,4.27e-08,0.354415625333786
solemnize,suffix,ize,solemn,True,family,1.68,4.79e-08,0.35457029938697815
curiously,suffix,ly,curious,True,family,3.2,1.58e-06,0.3545842468738556
highly,suffix,ly,high,True,family,4.89,7.76e-05,0.3546414077281952
formally,suffix,ly,formal,True,family,4.01,1.02e-05,0.3546430170536041
obligingly,suffix,ly,oblige,True,freeroot,1.98,9.55e-08,0.35465455055236816
mortgagor,suffix,or,mortgage,True,family,1.76,5.75e-08,0.35473713278770447
purgative,suffix,ive,purge,True,family,1.83,6.76e-08,0.3549882173538208
accede,prefix,a,cede,True,family,2.5,3.16e-07,0.35509777069091797
serpentine,suffix,ine,serpent,True,freeroot,3.06,1.15e-06,0.35516470670700073
regency,suffix,ancy,regi,True,family,3.25,1.78e-06,0.35523155331611633
cremation,suffix,ion,cremate,True,family,3.06,1.15e-06,0.3552325963973999
ephemeral,suffix,al,ephemera,True,freeroot,2.99,9.77e-07,0.35524463653564453
conform,prefix,co,form,True,family,3.53,3.39e-06,0.35524535179138184
deviate,suffix,ate,devi,True,family,3.06,1.15e-06,0.35525745153427124
visible,suffix,able,vis,True,family,4.39,2.45e-05,0.35536351799964905
reset,prefix,re,set,True,family,3.83,6.76e-06,0.3553835153579712
morality,suffix,ity,morale,True,family,3.86,7.24e-06,0.35543200373649597
voyager,suffix,er,voyage,True,freeroot,3.33,2.14e-06,0.35544291138648987
clerical,suffix,al,cleric,True,freeroot,3.35,2.24e-06,0.35546576976776123
fascination,suffix,ion,fascinate,True,freeroot,3.48,3.02e-06,0.35547935962677
classless,suffix,less,class,True,family,2.62,4.17e-07,0.35556209087371826
overheat,prefix,over,heat,True,family,2.7,5.01e-07,0.3555923104286194
unshaved,prefix,un,shave,True,family,1.78,6.03e-08,0.3556261956691742
stratum,suffix,ium,strat,True,family,2.67,4.68e-07,0.3557080924510956
cultist,suffix,ist,cult,True,freeroot,2.09,1.23e-07,0.35582244396209717
hamburger,suffix,er,hamburg,True,freeroot,3.45,2.82e-06,0.355836421251297
variety,suffix,ity,vary,True,family,4.75,5.62e-05,0.3560115694999695
betrayer,suffix,er,betray,True,family,2.35,2.24e-07,0.3560450077056885
charger,suffix,er,charge,True,family,3.64,4.37e-06,0.35614046454429626
loyally,suffix,ly,loyal,True,family,2.44,2.75e-07,0.35615256428718567
unexplained,prefix,un,explain,True,family,3.28,1.91e-06,0.3561860918998718
staunchly,suffix,ly,staunch,True,family,2.69,4.9e-07,0.35621345043182373
tubercular,suffix,ar,tubercule,False,family,1.93,8.51e-08,0.35630038380622864
disputable,suffix,able,dispute,True,family,2.0,1e-07,0.3563796281814575
stagnant,suffix,ant,stagn,False,family,3.31,2.04e-06,0.3563925325870514
calculable,suffix,able,calcul,False,family,1.84,6.92e-08,0.3564397692680359
corpulent,suffix,ant,corpul,False,family,2.14,1.38e-07,0.3564440608024597
dimly,suffix,ly,dim,True,family,2.79,6.17e-07,0.3564606308937073
coyly,suffix,ly,coy,True,family,2.08,1.2e-07,0.3564828336238861
validly,suffix,ly,valid,True,family,2.53,3.39e-07,0.3564901649951935
ostracize,suffix,ize,ostrac,False,family,1.79,6.17e-08,0.356565922498703
navigable,suffix,able,navy,True,family,2.97,9.33e-07,0.35658347606658936
impassive,prefix,im,passive,True,family,2.32,2.09e-07,0.356722891330719
unsurpassed,prefix,un,surpass,True,freeroot,2.71,5.13e-07,0.35677844285964966
stepwise,suffix,wise,step,True,family,2.26,1.82e-07,0.3568498194217682
kinda,suffix,a,kind,True,family,4.59,3.89e-05,0.3568972647190094
aquatic,suffix,ic,aqua,True,family,3.62,4.17e-06,0.3569657802581787
relatedness,suffix,ness,relate,True,family,2.38,2.4e-07,0.3569662868976593
navigate,suffix,ate,navy,True,family,3.68,4.79e-06,0.3570239841938019
disciplinarian,suffix,ian,discipline,True,family,2.39,2.45e-07,0.3570334017276764
exploiter,suffix,er,exploit,True,family,1.97,9.33e-08,0.3570614457130432
imperil,prefix,in,peril,True,family,2.34,2.19e-07,0.35710644721984863
tinier,suffix,er,tiny,True,family,2.09,1.23e-07,0.35713496804237366
consulate,suffix,ate,consul,True,family,3.56,3.63e-06,0.3571917414665222
villainous,suffix,ious,villain,True,family,2.84,6.92e-07,0.3573063015937805
severely,suffix,ly,severe,True,family,4.1,1.26e-05,0.3574555218219757
weepy,suffix,y,weep,True,freeroot,2.34,2.19e-07,0.3574798107147217
thousandfold,suffix,fold,thousand,True,family,1.67,4.68e-08,0.35749220848083496
government,suffix,ment,govern,True,family,5.57,0.000372,0.3575306236743927
unprepared,prefix,un,prepare,True,family,3.27,1.86e-06,0.3575372099876404
helpful,suffix,ful,help,True,family,4.43,2.69e-05,0.35756635665893555
closure,suffix,ure,close,True,family,4.11,1.29e-05,0.3577260673046112
backlash,prefix,back,lash,True,freeroot,3.66,4.57e-06,0.35778018832206726
humorous,suffix,ious,humor,True,family,3.6,3.98e-06,0.3577929139137268
chancellor,suffix,or,chancel,True,family,4.13,1.35e-05,0.3578539192676544
conjectural,suffix,al,conjecture,True,freeroot,2.02,1.05e-07,0.35785409808158875
exploitation,suffix,ion,exploit,True,family,3.84,6.92e-06,0.3578721880912781
newly,suffix,ly,new,True,family,4.42,2.63e-05,0.35790592432022095
simulacra,suffix,a,simulacr,False,family,1.92,8.32e-08,0.3581216037273407
screechy,suffix,y,screech,True,freeroot,1.71,5.13e-08,0.35820963978767395
fearsome,suffix,some,fear,True,family,3.05,1.12e-06,0.3583761751651764
disobedience,prefix,dis,obedience,True,freeroot,3.28,1.91e-06,0.35843631625175476
downhill,prefix,down,hill,True,family,3.66,4.57e-06,0.3586401343345642
wetness,suffix,ness,wet,True,family,2.61,4.07e-07,0.35893669724464417
mutation,suffix,ion,mutate,True,freeroot,3.64,4.37e-06,0.35897114872932434
divisible,suffix,able,divide,True,family,2.69,4.9e-07,0.359029084444046
promptness,suffix,ness,prompt,True,family,1.93,8.51e-08,0.3590640425682068
defensive,suffix,ive,defense,True,family,4.38,2.4e-05,0.3591476082801819
recalcitrance,suffix,ance,recalcitr,False,family,1.74,5.5e-08,0.359150767326355
chatty,suffix,y,chat,True,freeroot,2.92,8.32e-07,0.35918891429901123
outlast,prefix,out,last,True,family,2.81,6.46e-07,0.3592749536037445
adviser,suffix,er,advise,True,family,3.94,8.71e-06,0.35927608609199524
underbrush,prefix,under,brush,True,family,2.2,1.58e-07,0.3593093156814575
solicitous,suffix,ious,solicit,True,family,2.09,1.23e-07,0.35932227969169617
reclaim,prefix,re,claim,True,family,3.44,2.75e-06,0.35932856798171997
underdone,prefix,under,done,True,family,1.87,7.41e-08,0.3593589663505554
stupendously,suffix,ly,stupendous,True,freeroot,1.86,7.24e-08,0.3593897521495819
leanness,suffix,ness,lean,True,family,1.68,4.79e-08,0.3594405949115753
signify,suffix,ify,sign,True,family,3.22,1.66e-06,0.3594523072242737
brownish,suffix,ish,brown,True,family,3.13,1.35e-06,0.35958513617515564
integral,suffix,al,integer,True,family,3.96,9.12e-06,0.3595963716506958
devious,suffix,ious,devi,True,family,3.03,1.07e-06,0.35960301756858826
discomfiture,suffix,ure,discomfit,True,freeroot,1.63,4.27e-08,0.3596678376197815
tiredness,suffix,ness,tire,True,family,2.92,8.32e-07,0.3596983850002289
aspire,prefix,a,spir,True,family,3.47,2.95e-06,0.3598177433013916
spuriously,suffix,ly,spurious,True,freeroot,1.55,3.55e-08,0.35989800095558167
intensely,suffix,ly,intense,True,family,3.52,3.31e-06,0.3599201738834381
sorest,suffix,est,sore,True,family,1.55,3.55e-08,0.3599802255630493
breathless,suffix,less,breath,True,family,3.19,1.55e-06,0.3600236177444458
subsystem,prefix,sub,system,True,family,2.87,7.41e-07,0.3600263297557831
crudity,suffix,ity,crude,True,family,1.7,5.01e-08,0.3600351810455322
tormentor,suffix,or,torment,True,freeroot,2.31,2.04e-07,0.36005303263664246
logistically,suffix,ly,logistic,True,family,2.5,3.16e-07,0.3602261543273926
corpuscular,suffix,ar,corpuscle,True,freeroot,1.67,4.68e-08,0.36022698879241943
indebted,prefix,in,debt,True,family,3.21,1.62e-06,0.3602573871612549
nearer,suffix,er,near,True,family,3.38,2.4e-06,0.3603246510028839
underrate,prefix,under,rate,True,family,2.11,1.29e-07,0.36034461855888367
unlearn,prefix,un,learn,True,family,2.45,2.82e-07,0.3603620231151581
unabridged,prefix,un,abridge,True,family,2.64,4.37e-07,0.3604314625263214
disorient,prefix,dis,orient,True,family,1.94,8.71e-08,0.3604463040828705
unfurl,prefix,un,furl,True,freeroot,2.23,1.7e-07,0.3604852855205536
begotten,suffix,en,begot,True,freeroot,2.73,5.37e-07,0.36058199405670166
accretion,suffix,ion,accrete,True,freeroot,2.78,6.03e-07,0.3607024848461151
prudence,suffix,ance,prud,True,family,3.08,1.2e-06,0.3607237935066223
persuasion,suffix,ion,persuade,True,family,3.33,2.14e-06,0.3607395887374878
contrivance,suffix,ance,contrive,True,freeroot,2.28,1.91e-07,0.361010879278183
cranky,suffix,y,crank,True,freeroot,3.15,1.41e-06,0.36101284623146057
volunteer,suffix,eer,volunt,False,family,4.28,1.91e-05,0.3610263764858246
audible,suffix,able,audio,True,family,3.45,2.82e-06,0.3610560894012451
restoration,suffix,ion,restore,True,family,4.11,1.29e-05,0.3612072765827179
juggler,suffix,er,juggle,True,freeroot,2.55,3.55e-07,0.3612585663795471
aldermanic,suffix,ic,alderman,True,freeroot,1.62,4.17e-08,0.36135002970695496
tightness,suffix,ness,tight,True,family,2.96,9.12e-07,0.3613559901714325
magnificence,suffix,ance,magnific,False,family,2.79,6.17e-07,0.36149320006370544
descent,prefix,de,scent,True,family,3.93,8.51e-06,0.36157387495040894
engineer,suffix,eer,engine,True,freeroot,4.5,3.16e-05,0.3616432845592499
perversely,suffix,ly,perverse,True,family,2.37,2.34e-07,0.3617302477359772
greenish,suffix,ish,green,True,family,3.01,1.02e-06,0.36182814836502075
soulful,suffix,ful,soul,True,family,3.13,1.35e-06,0.36192360520362854
statistical,suffix,al,statistic,True,family,4.14,1.38e-05,0.36202916502952576
sulky,suffix,y,sulk,True,freeroot,2.33,2.14e-07,0.3621231019496918
dedication,suffix,ion,dedicate,True,family,3.96,9.12e-06,0.36228248476982117
alphabetized,suffix,ize,alphabet,True,family,2.03,1.07e-07,0.3624807596206665
vacillation,suffix,ion,vacillate,True,freeroot,1.71,5.13e-08,0.3625287711620331
masochist,suffix,ist,masoch,False,family,2.44,2.75e-07,0.3625904619693756
trainable,suffix,able,train,True,family,2.03,1.07e-07,0.36279699206352234
girlhood,suffix,hood,girl,True,family,2.22,1.66e-07,0.36284855008125305
admittance,suffix,ance,admit,True,family,2.8,6.31e-07,0.36288684606552124
disrupt,prefix,dis,rupt,False,family,3.59,3.89e-06,0.36289939284324646
affirm,prefix,a,firm,True,family,3.2,1.58e-06,0.362900048494339
forefoot,prefix,fore,foot,True,family,2.09,1.23e-07,0.3629017770290375
acuteness,suffix,ness,acute,True,family,1.89,7.76e-08,0.3629491329193115
refloat,prefix,re,float,True,family,1.69,4.9e-08,0.3629745841026306
savagely,suffix,ly,savage,True,family,2.75,5.62e-07,0.3629797101020813
decorum,suffix,ium,decor,True,family,2.87,7.41e-07,0.36308395862579346
glorify,suffix,ify,glory,True,family,3.05,1.12e-06,0.3631731867790222
benignly,suffix,ly,benign,True,freeroot,1.95,8.91e-08,0.36320939660072327
churlish,suffix,ish,churl,True,freeroot,2.19,1.55e-07,0.3632611632347107
surname,prefix,sur,name,True,family,3.5,3.16e-06,0.3634122610092163
nodal,suffix,al,node,True,freeroot,2.55,3.55e-07,0.363527774810791
hydrous,suffix,ious,hydro,True,family,1.8,6.31e-08,0.36356785893440247
insecure,prefix,im,secure,True,family,3.72,5.25e-06,0.3635980784893036
elemental,suffix,al,element,True,freeroot,3.38,2.4e-06,0.3636895716190338
complication,suffix,ion,complicate,True,freeroot,3.31,2.04e-06,0.3637504577636719
twirler,suffix,er,twirl,True,freeroot,1.59,3.89e-08,0.36379697918891907
widowhood,suffix,hood,widow,True,family,2.23,1.7e-07,0.36385679244995117
wildness,suffix,ness,wild,True,family,2.48,3.02e-07,0.36391040682792664
canoeist,suffix,ist,canoe,True,freeroot,1.73,5.37e-08,0.36395272612571716
unrelieved,prefix,un,relieve,True,freeroot,1.67,4.68e-08,0.3641160726547241
congruence,suffix,ance,congru,False,family,2.44,2.75e-07,0.3642342686653137
angrier,suffix,er,angry,True,family,2.75,5.62e-07,0.3643363118171692
loudness,suffix,ness,loud,True,family,2.68,4.79e-07,0.36436089873313904
spoilage,suffix,age,spoil,True,family,2.35,2.24e-07,0.3643898665904999
lumpy,suffix,y,lump,True,freeroot,2.84,6.92e-07,0.3644128441810608
leapt,suffix,t,leap,True,freeroot,3.05,1.12e-06,0.3645370900630951
recidivism,suffix,ism,recidiv,False,family,2.69,4.9e-07,0.36457937955856323
terminate,suffix,ate,termin,False,family,3.65,4.47e-06,0.36470967531204224
shopper,suffix,er,shop,True,freeroot,3.19,1.55e-06,0.36473581194877625
clincher,suffix,er,clinch,True,freeroot,2.35,2.24e-07,0.3648119866847992
togetherness,suffix,ness,together,True,freeroot,2.8,6.31e-07,0.36484861373901367
masterly,suffix,ly,master,True,family,2.46,2.88e-07,0.36492177844047546
existence,suffix,ance,exist,True,family,4.55,3.55e-05,0.3649650514125824
packet,suffix,et,pack,True,family,3.77,5.89e-06,0.3649810552597046
urgent,suffix,ant,urge,True,family,4.15,1.41e-05,0.3650806248188019
dampness,suffix,ness,damp,True,family,2.48,3.02e-07,0.36508840322494507
parsimonious,suffix,ious,parsimony,True,freeroot,2.18,1.51e-07,0.36509984731674194
deliberative,suffix,ive,deliberate,True,family,2.53,3.39e-07,0.3651757836341858
docility,suffix,ity,docile,True,freeroot,1.8,6.31e-08,0.3652564287185669
sanctity,suffix,ity,sanct,False,family,3.04,1.1e-06,0.3652738630771637
passionless,suffix,less,passion,True,family,1.85,7.08e-08,0.3653344213962555
blueness,suffix,ness,blue,True,family,1.78,6.03e-08,0.3653917610645294
exaltation,suffix,ion,exalt,True,freeroot,2.47,2.95e-07,0.36547648906707764
jeweller,suffix,er,jewel,True,family,2.65,4.47e-07,0.36554598808288574
possessive,suffix,ive,possess,True,family,3.17,1.48e-06,0.36556127667427063
observable,suffix,able,observe,True,family,3.11,1.29e-06,0.36556950211524963
honorable,suffix,able,honor,True,family,3.81,6.46e-06,0.365623414516449
shallowly,suffix,ly,shallow,True,family,2.11,1.29e-07,0.36569327116012573
concisely,suffix,ly,concise,True,family,2.52,3.31e-07,0.3657340407371521
mildly,suffix,ly,mild,True,family,3.43,2.69e-06,0.3657818138599396
statement,suffix,ment,state,True,family,4.97,9.33e-05,0.36581656336784363
attention,suffix,ion,attend,True,family,5.11,0.000129,0.36585286259651184
campaigner,suffix,er,campaign,True,freeroot,3.0,1e-06,0.36606094241142273
formation,suffix,ion,form,True,family,4.49,3.09e-05,0.3661089539527893
vaporize,suffix,ize,vapor,True,family,2.47,2.95e-07,0.36619672179222107
mayoress,suffix,ess,mayor,True,family,1.96,9.12e-08,0.3662559390068054
meddlesome,suffix,some,meddle,True,family,2.15,1.41e-07,0.3663303554058075
unpromising,prefix,un,promise,True,family,2.12,1.32e-07,0.3664490580558777
arduously,suffix,ly,arduous,True,freeroot,1.5,3.16e-08,0.36662396788597107
rewrite,prefix,re,write,True,family,3.47,2.95e-06,0.366677463054657
favorite,suffix,ite,favor,True,family,4.97,9.33e-05,0.366696298122406
deliciousness,suffix,ness,delicious,True,family,2.46,2.88e-07,0.3667210340499878
finely,suffix,ly,fine,True,family,3.52,3.31e-06,0.36676025390625
clueless,suffix,less,clue,True,freeroot,3.5,3.16e-06,0.3668304979801178
digress,prefix,di,gress,True,family,2.76,5.75e-07,0.36684101819992065
heroics,suffix,ic,hero,True,family,2.87,7.41e-07,0.36685484647750854
playful,suffix,ful,play,True,family,3.53,3.39e-06,0.36689627170562744
servitude,suffix,itude,serve,True,family,3.03,1.07e-06,0.36699867248535156
perfumer,suffix,er,perfume,True,family,2.12,1.32e-07,0.3670007884502411
defraud,prefix,de,fraud,True,family,2.85,7.08e-07,0.367008239030838
quantitative,suffix,ive,quant,True,family,3.73,5.37e-06,0.3670165538787842
hotelier,suffix,er,hotel,True,freeroot,2.39,2.45e-07,0.3670211434364319
instrumentation,suffix,ion,instrument,True,family,3.46,2.88e-06,0.36710530519485474
windless,suffix,less,wind,True,family,1.83,6.76e-08,0.3671121597290039
treasurer,suffix,er,treasure,True,family,3.93,8.51e-06,0.3671433627605438
cozier,suffix,er,cozy,True,freeroot,2.02,1.05e-07,0.3671979308128357
enlarge,prefix,en,large,True,family,3.2,1.58e-06,0.3672129511833191
obtuseness,suffix,ness,obtuse,True,family,1.51,3.24e-08,0.3672260642051697
merrily,suffix,ly,merry,True,family,2.84,6.92e-07,0.36726245284080505
myopia,suffix,ia,myop,False,family,2.56,3.63e-07,0.3672732710838318
baseness,suffix,ness,base,True,family,1.69,4.9e-08,0.36729103326797485
swindler,suffix,er,swindle,True,freeroot,2.37,2.34e-07,0.3673427402973175
scavenger,suffix,er,scavenge,True,freeroot,3.03,1.07e-06,0.36739325523376465
boorish,suffix,ish,boor,True,freeroot,2.35,2.24e-07,0.36758527159690857
torturer,suffix,er,torture,True,freeroot,2.31,2.04e-07,0.3675979673862457
leaguer,suffix,er,league,True,freeroot,2.43,2.69e-07,0.3676060438156128
smallish,suffix,ish,small,True,family,2.53,3.39e-07,0.36762940883636475
dribbler,suffix,er,dribble,True,freeroot,1.91,8.13e-08,0.36769434809684753
sensual,suffix,al,sense,True,family,3.36,2.29e-06,0.36770257353782654
divinely,suffix,ly,divine,True,family,2.72,5.25e-07,0.36775848269462585
digger,suffix,er,dig,True,freeroot,3.17,1.48e-06,0.36779898405075073
amphibian,suffix,ian,amphibio,False,family,2.72,5.25e-07,0.36780595779418945
interlock,prefix,inter,lock,True,family,2.62,4.17e-07,0.36784258484840393
refill,prefix,re,fill,True,family,3.24,1.74e-06,0.3678862154483795
statistician,suffix,ian,statistic,True,family,2.87,7.41e-07,0.367966890335083
deletion,suffix,ion,delete,True,freeroot,3.23,1.7e-06,0.36802974343299866
offstage,prefix,off,stage,True,family,2.61,4.07e-07,0.3680986762046814
excitedly,suffix,ly,excite,True,family,3.06,1.15e-06,0.3681301176548004
interrupt,prefix,inter,rupt,False,family,3.61,4.07e-06,0.36813321709632874
rumanian,suffix,n,rumania,True,freeroot,1.91,8.13e-08,0.3681912124156952
tuneless,suffix,less,tune,True,family,1.69,4.9e-08,0.36824044585227966
greatness,suffix,ness,great,True,family,3.71,5.13e-06,0.3683895170688629
cheapness,suffix,ness,cheap,True,family,2.2,1.58e-07,0.368501216173172
overflow,prefix,over,flow,True,family,3.39,2.45e-06,0.36851027607917786
translatable,suffix,able,translate,True,family,2.0,1e-07,0.3685191869735718
invasion,suffix,ion,invade,True,family,4.23,1.7e-05,0.36855608224868774
malapropisms,suffix,ism,malaprop,True,freeroot,1.5,3.16e-08,0.3685794472694397
combustible,suffix,able,combust,True,family,2.86,7.24e-07,0.3686254918575287
formless,suffix,less,form,True,family,2.45,2.82e-07,0.36866268515586853
restate,prefix,re,state,True,family,2.47,2.95e-07,0.3686782717704773
antiseptic,prefix,anti,septic,True,family,2.81,6.46e-07,0.36874476075172424
subdivide,prefix,sub,divide,True,family,2.27,1.86e-07,0.3687845468521118
precocious,suffix,ious,precoc,False,family,2.86,7.24e-07,0.36881741881370544
determinant,suffix,ant,determine,True,family,2.9,7.94e-07,0.368828684091568
quotation,suffix,ion,quote,True,family,3.51,3.24e-06,0.36891499161720276
sedative,suffix,ive,sedate,True,family,2.99,9.77e-07,0.36893320083618164
printable,suffix,able,print,True,family,2.92,8.32e-07,0.36909598112106323
wordless,suffix,less,word,True,family,2.57,3.72e-07,0.3691976070404053
rusty,suffix,y,rust,True,freeroot,3.61,4.07e-06,0.3693794906139374
timidly,suffix,ly,timid,True,family,2.35,2.24e-07,0.3694012463092804
formality,suffix,ity,formal,True,family,3.15,1.41e-06,0.36949899792671204
pursuance,suffix,ance,pursue,True,family,2.22,1.66e-07,0.3695153594017029
ritualism,suffix,ism,ritual,True,family,1.64,4.37e-08,0.36952197551727295
narcosis,suffix,sis,narco,True,family,1.9,7.94e-08,0.3695613741874695
inculcation,suffix,ion,inculcate,True,freeroot,1.53,3.39e-08,0.3695699870586395
unmarked,prefix,un,mark,True,family,3.24,1.74e-06,0.3695826828479767
aggregation,suffix,ion,aggregate,True,freeroot,3.25,1.78e-06,0.3697147071361542
academic,suffix,ic,academ,False,family,4.57,3.72e-05,0.36984604597091675
infestation,suffix,ion,infest,True,freeroot,3.17,1.48e-06,0.36991599202156067
elegantly,suffix,ly,elegant,True,family,2.97,9.33e-07,0.3699321746826172
notoriety,suffix,ity,notori,False,family,3.19,1.55e-06,0.3699602484703064
precipitous,suffix,ious,precipit,False,family,2.58,3.8e-07,0.37008899450302124
augmentation,suffix,ion,augment,True,freeroot,3.05,1.12e-06,0.3701024353504181
dismally,suffix,ly,dismal,True,freeroot,2.1,1.26e-07,0.37024280428886414
unromantic,prefix,un,romantic,True,family,2.08,1.2e-07,0.37029922008514404
plurality,suffix,ity,plural,True,family,3.42,2.63e-06,0.3703490197658539
regress,prefix,re,gress,True,family,2.63,4.27e-07,0.3703714609146118
preparedness,suffix,ness,prepare,True,family,3.32,2.09e-06,0.370391845703125
correctness,suffix,ness,correct,True,family,3.39,2.45e-06,0.37040629982948303
outplay,prefix,out,play,True,family,2.07,1.17e-07,0.37058937549591064
sulphate,suffix,ate,sulph,False,family,2.59,3.89e-07,0.3706112504005432
infrequent,prefix,im,frequent,True,family,2.99,9.77e-07,0.37072792649269104
buoyant,suffix,ant,buoy,True,freeroot,2.98,9.55e-07,0.37074923515319824
infuse,prefix,in,fuse,True,family,2.82,6.61e-07,0.3707599937915802
overfill,prefix,over,fill,True,family,1.77,5.89e-08,0.3707696795463562
neuritis,suffix,itis,neuro,True,family,1.89,7.76e-08,0.3709692656993866
overemphasized,prefix,over,emphasize,True,freeroot,1.84,6.92e-08,0.370976984500885
perilous,suffix,ious,peril,True,family,3.18,1.51e-06,0.37101998925209045
unbuckle,prefix,un,buckle,True,freeroot,1.78,6.03e-08,0.37108370661735535
savagery,suffix,ory,savage,True,family,2.87,7.41e-07,0.3710869550704956
moderation,suffix,ion,moderate,True,family,3.47,2.95e-06,0.37108707427978516
relive,prefix,re,live,True,family,3.24,1.74e-06,0.37109842896461487
imprecise,prefix,im,precise,True,family,2.68,4.79e-07,0.37115249037742615
aptitude,suffix,itude,apt,True,family,3.2,1.58e-06,0.37115487456321716
inshore,prefix,in,shore,True,family,2.7,5.01e-07,0.37118786573410034
termini,suffix,i,termin,False,family,2.48,3.02e-07,0.37124940752983093
cranium,suffix,ium,cranio,False,family,2.64,4.37e-07,0.3712562918663025
formidably,suffix,y,formidable,True,freeroot,1.79,6.17e-08,0.3712891936302185
trashy,suffix,y,trash,True,freeroot,3.07,1.17e-06,0.371437132358551
outmaneuvered,prefix,out,maneuver,True,freeroot,2.04,1.1e-07,0.371464341878891
humorist,suffix,ist,humor,True,family,2.44,2.75e-07,0.3714730739593506
responsibility,suffix,ity,responsible,True,family,4.75,5.62e-05,0.3715674579143524
stoical,suffix,al,stoic,True,family,1.81,6.46e-08,0.37157389521598816
psalmist,suffix,ist,psalm,True,freeroot,2.21,1.62e-07,0.3716949224472046
niceness,suffix,ness,nice,True,family,2.35,2.24e-07,0.3717970848083496
heartless,suffix,less,heart,True,family,3.33,2.14e-06,0.3718399405479431
overstuffed,prefix,over,stuff,True,family,2.29,1.95e-07,0.3719451129436493
obstinacy,suffix,acy,obstin,False,family,2.23,1.7e-07,0.37199127674102783
carpentry,suffix,y,carpenter,True,freeroot,2.97,9.33e-07,0.37200796604156494
notation,suffix,ion,note,True,family,3.47,2.95e-06,0.37205249071121216
backwash,prefix,back,wash,True,family,2.12,1.32e-07,0.37205609679222107
uncivil,prefix,un,civil,True,family,2.28,1.91e-07,0.37211617827415466
villainy,suffix,y,villain,True,family,2.6,3.98e-07,0.3722081482410431
proudly,suffix,ly,proud,True,family,3.71,5.13e-06,0.37221163511276245
hitter,suffix,er,hit,True,family,3.5,3.16e-06,0.3722839653491974
stimulate,suffix,ate,stimul,False,family,3.67,4.68e-06,0.37230348587036133
defilement,suffix,ment,defile,True,freeroot,2.07,1.17e-07,0.3723427653312683
latitudinal,suffix,al,latitude,True,freeroot,1.96,9.12e-08,0.3723464906215668
moralist,suffix,ist,morale,True,family,2.18,1.51e-07,0.37239858508110046
science,suffix,ance,sci,True,freeroot,5.12,0.000132,0.3724084496498108
inferiority,suffix,ity,inferior,True,freeroot,2.97,9.33e-07,0.37252238392829895
mesmerize,suffix,ize,mesmer,True,family,1.97,9.33e-08,0.3725469410419464
underbid,prefix,under,bid,True,family,1.66,4.57e-08,0.3725585639476776
underlie,prefix,under,lie,True,family,2.68,4.79e-07,0.3725820779800415
pervasive,suffix,ive,pervade,True,freeroot,3.39,2.45e-06,0.3727055490016937
costumer,suffix,er,costume,True,freeroot,2.26,1.82e-07,0.37278562784194946
gothic,suffix,ic,goth,True,freeroot,3.65,4.47e-06,0.3727859556674957
odourless,suffix,less,odor,True,family,1.96,9.12e-08,0.3728020191192627
libertarian,suffix,ian,liber,True,family,3.57,3.72e-06,0.3729029595851898
abhorrent,suffix,ant,abhor,True,family,2.97,9.33e-07,0.37291452288627625
perpetual,suffix,al,perpetu,False,family,3.61,4.07e-06,0.3729414939880371
consignor,suffix,or,consign,True,family,2.28,1.91e-07,0.3729991018772125
rotarian,suffix,ian,rotary,True,freeroot,1.84,6.92e-08,0.37303224205970764
contagious,suffix,ious,contag,False,family,3.58,3.8e-06,0.3730331063270569
distillation,suffix,ion,distill,True,family,3.01,1.02e-06,0.37308889627456665
convexity,suffix,ity,convex,True,freeroot,2.11,1.29e-07,0.3730899393558502
builder,suffix,er,build,True,family,3.85,7.08e-06,0.3732321858406067
youngster,suffix,ster,young,True,family,3.27,1.86e-06,0.3734758198261261
sequential,suffix,al,sequence,True,freeroot,3.29,1.95e-06,0.37360879778862
careerist,suffix,ist,career,True,family,1.87,7.41e-08,0.3736656606197357
presentation,suffix,ion,present,True,family,4.31,2.04e-05,0.37367984652519226
disapprove,prefix,dis,approve,True,family,3.12,1.32e-06,0.37369731068611145
careerism,suffix,ism,career,True,family,1.7,5.01e-08,0.37372806668281555
bemoan,prefix,be,moan,True,freeroot,2.29,1.95e-07,0.3739190399646759
timidity,suffix,ity,timid,True,family,2.34,2.19e-07,0.37396106123924255
haughtiness,suffix,ness,haughty,True,family,1.77,5.89e-08,0.3739818334579468
enslave,prefix,en,slave,True,family,2.83,6.76e-07,0.3741166889667511
unusual,prefix,un,usual,True,family,4.45,2.82e-05,0.3741670250892639
negotiate,suffix,ate,negoti,False,family,3.99,9.77e-06,0.37418225407600403
slinky,suffix,y,slink,True,freeroot,2.66,4.57e-07,0.3742838501930237
curator,suffix,or,curate,True,freeroot,3.55,3.55e-06,0.37435704469680786
muteness,suffix,ness,mute,True,family,1.52,3.31e-08,0.37440723180770874
fainter,suffix,er,faint,True,family,2.4,2.51e-07,0.37441515922546387
resettle,prefix,re,settle,True,family,2.47,2.95e-07,0.37441566586494446
antiquary,suffix,ory,antique,True,family,2.35,2.24e-07,0.37448981404304504
intend,prefix,in,tend,True,family,4.09,1.23e-05,0.37455907464027405
unruffled,prefix,un,ruffle,True,freeroot,2.08,1.2e-07,0.3746927082538605
quantity,suffix,ity,quant,True,family,4.07,1.17e-05,0.3747287094593048
parsonage,suffix,age,parson,True,freeroot,2.56,3.63e-07,0.37477225065231323
braver,suffix,er,brave,True,family,2.87,7.41e-07,0.37482643127441406
altruism,suffix,ism,altru,False,family,2.94,8.71e-07,0.3749416172504425
codify,suffix,ify,code,True,family,2.39,2.45e-07,0.37495607137680054
blackness,suffix,ness,black,True,family,3.09,1.23e-06,0.37501224875450134
harmony,suffix,y,harmon,True,family,4.11,1.29e-05,0.3750353157520294
earnestly,suffix,ly,earnest,True,family,2.87,7.41e-07,0.3750428259372711
congenial,prefix,co,genial,True,family,2.57,3.72e-07,0.37507373094558716
fictitious,suffix,ious,fict,False,family,3.25,1.78e-06,0.3751184940338135
vaster,suffix,er,vast,True,family,1.75,5.62e-08,0.3751390278339386
briny,suffix,y,brine,True,freeroot,2.2,1.58e-07,0.3753562569618225
submersed,prefix,sub,merse,True,family,1.65,4.47e-08,0.37535759806632996
cooker,suffix,er,cook,True,family,3.34,2.19e-06,0.3753933310508728
overdressed,prefix,over,dress,True,family,2.18,1.51e-07,0.3754590153694153
doughy,suffix,y,dough,True,freeroot,2.24,1.74e-07,0.3757585883140564
damnedest,suffix,est,damn,True,family,2.22,1.66e-07,0.37581396102905273
yeasty,suffix,y,yeast,True,freeroot,1.94,8.71e-08,0.3758260905742645
grimness,suffix,ness,grim,True,family,1.76,5.75e-08,0.3758409023284912
cuddly,suffix,y,cuddle,True,freeroot,3.14,1.38e-06,0.37590131163597107
damper,suffix,er,damp,True,family,2.94,8.71e-07,0.37591680884361267
pointless,suffix,less,point,True,family,3.88,7.59e-06,0.3759615123271942
keenness,suffix,ness,keen,True,family,2.18,1.51e-07,0.37606027722358704
unmeasured,prefix,un,measure,True,family,1.86,7.24e-08,0.37616243958473206
forethought,prefix,fore,thought,True,family,2.47,2.95e-07,0.37618303298950195
bulbous,suffix,ious,bulb,True,freeroot,2.66,4.57e-07,0.3761899173259735
unfeigned,prefix,un,feign,True,freeroot,1.54,3.47e-08,0.37630152702331543
perpetuate,suffix,ate,perpetu,False,family,3.19,1.55e-06,0.376334547996521
blasphemer,suffix,er,blaspheme,True,family,2.07,1.17e-07,0.3763635456562042
machiavellian,suffix,ian,machiavelli,True,freeroot,2.52,3.31e-07,0.37643271684646606
deftly,suffix,ly,deft,True,family,2.85,7.08e-07,0.3764841556549072
snippet,suffix,et,snip,True,family,3.12,1.32e-06,0.37661224603652954
dosage,suffix,age,dose,True,family,3.52,3.31e-06,0.37686529755592346
abhorrence,suffix,ance,abhor,True,family,2.19,1.55e-07,0.3768874704837799
bidder,suffix,er,bid,True,family,3.48,3.02e-06,0.37694165110588074
talkative,suffix,ive,talk,True,family,2.97,9.33e-07,0.37707364559173584
reestablish,prefix,re,establish,True,family,2.71,5.13e-07,0.37717166543006897
detractor,suffix,or,detract,True,family,1.87,7.41e-08,0.3772016763687134
dizziness,suffix,ness,dizzy,True,freeroot,3.11,1.29e-06,0.37720608711242676
modification,suffix,ion,modify,True,family,3.77,5.89e-06,0.37722280621528625
droplet,suffix,let,drop,True,family,2.74,5.5e-07,0.3773260712623596
quaintness,suffix,ness,quaint,True,family,1.62,4.17e-08,0.3773379921913147
poorly,suffix,ly,poor,True,family,4.1,1.26e-05,0.3773493468761444
calmest,suffix,est,calm,True,family,2.16,1.45e-07,0.37738165259361267
mommy,suffix,y,mom,True,family,3.89,7.76e-06,0.3773881196975708
spoilt,suffix,t,spoil,True,family,3.1,1.26e-06,0.3775166869163513
bluntness,suffix,ness,blunt,True,family,2.26,1.82e-07,0.37760502099990845
skimpy,suffix,y,skimp,True,freeroot,2.76,5.75e-07,0.3776344358921051
vaguer,suffix,er,vague,True,family,1.7,5.01e-08,0.37768322229385376
printer,suffix,er,print,True,family,3.93,8.51e-06,0.37770724296569824
variance,suffix,ance,vary,True,family,3.45,2.82e-06,0.3777102828025818
abrasion,suffix,ion,abrade,True,family,2.91,8.13e-07,0.37771788239479065
charmingly,suffix,ly,charm,True,family,2.57,3.72e-07,0.3777531087398529
sorcery,suffix,y,sorcer,False,family,3.14,1.38e-06,0.3779168128967285
undergarment,prefix,under,garment,True,freeroot,2.04,1.1e-07,0.37805360555648804
phallic,suffix,ic,phallo,False,family,2.66,4.57e-07,0.37822526693344116
acquiescent,suffix,ant,acquiesce,True,family,1.65,4.47e-08,0.37835806608200073
remoter,suffix,er,remote,True,family,1.73,5.37e-08,0.37841981649398804
bluish,suffix,ish,blue,True,family,2.88,7.59e-07,0.37843653559684753
freedom,suffix,dom,free,True,family,4.86,7.24e-05,0.3784365952014923
quiescence,suffix,ance,quiesce,False,family,1.91,8.13e-08,0.3785049021244049
compensatory,suffix,ory,compensate,True,family,2.89,7.76e-07,0.3785462975502014
pulpy,suffix,y,pulp,True,freeroot,2.23,1.7e-07,0.3785894513130188
disagree,prefix,dis,agree,True,family,4.09,1.23e-05,0.37868207693099976
cohabit,prefix,co,habit,True,family,1.98,9.55e-08,0.37868645787239075
deprivation,suffix,ion,deprive,True,freeroot,3.44,2.75e-06,0.3786959946155548
endowment,suffix,ment,endow,True,freeroot,3.52,3.31e-06,0.37877118587493896
recurrent,suffix,ant,recur,True,family,3.24,1.74e-06,0.37886086106300354
hopeless,suffix,less,hope,True,family,3.71,5.13e-06,0.3788658678531647
outstayed,prefix,out,stay,True,family,1.55,3.55e-08,0.37889161705970764
shrubbery,suffix,ory,shrub,True,freeroot,2.51,3.24e-07,0.3790111839771271
unclear,prefix,un,clear,True,family,3.93,8.51e-06,0.37915393710136414
whiteness,suffix,ness,white,True,family,3.0,1e-06,0.3791862428188324
bluest,suffix,est,blue,True,family,2.18,1.51e-07,0.3792242705821991
hanoverian,suffix,ian,hanover,True,freeroot,2.21,1.62e-07,0.37925323843955994
vulgarly,suffix,ly,vulgar,True,family,1.67,4.68e-08,0.3792704641819
disbelieve,prefix,dis,believe,True,family,2.51,3.24e-07,0.37930890917778015
fruitless,suffix,less,fruit,True,family,3.04,1.1e-06,0.3793362081050873
tireless,suffix,less,tire,True,family,3.04,1.1e-06,0.37933748960494995
contagion,suffix,ion,contag,False,family,3.03,1.07e-06,0.37944886088371277
naughtier,suffix,er,naughty,True,family,1.66,4.57e-08,0.3795226812362671
heavily,suffix,ly,heavy,True,family,4.54,3.47e-05,0.37955063581466675
misinform,prefix,mis,inform,True,family,1.8,6.31e-08,0.37960755825042725
arousal,suffix,al,arouse,True,freeroot,3.12,1.32e-06,0.3797154724597931
voluntary,suffix,ory,volunt,False,family,4.01,1.02e-05,0.37975943088531494
concoction,suffix,ion,concoct,True,freeroot,2.81,6.46e-07,0.3797837495803833
admirable,suffix,able,admire,True,family,3.48,3.02e-06,0.3798666000366211
unclean,prefix,un,clean,True,family,3.06,1.15e-06,0.3798861801624298
darkly,suffix,ly,dark,True,family,2.97,9.33e-07,0.37997421622276306
discoid,suffix,oid,disk,True,freeroot,1.68,4.79e-08,0.3800291419029236
interpretive,suffix,ive,interpret,True,family,3.04,1.1e-06,0.38016706705093384
contribute,prefix,co,tribute,True,family,4.34,2.19e-05,0.3801723122596741
forename,prefix,fore,name,True,family,1.57,3.72e-08,0.3803638517856598
vinegary,suffix,y,vinegar,True,freeroot,1.75,5.62e-08,0.38038235902786255
fetishism,suffix,ism,fetish,True,family,2.41,2.57e-07,0.38038915395736694
keener,suffix,er,keen,True,family,2.63,4.27e-07,0.3804745674133301
substantiate,suffix,ate,substance,True,family,2.83,6.76e-07,0.3805176019668579
fetishist,suffix,ist,fetish,True,family,2.06,1.15e-07,0.3805467188358307
openness,suffix,ness,open,True,family,3.4,2.51e-06,0.3805488348007202
truant,suffix,ant,tru,True,family,2.43,2.69e-07,0.38065263628959656
novelist,suffix,ist,novel,True,family,3.61,4.07e-06,0.38070571422576904
shutter,suffix,er,shut,True,freeroot,3.48,3.02e-06,0.3807152807712555
greatly,suffix,ly,great,True,family,4.33,2.14e-05,0.3809017241001129
fullness,suffix,ness,full,True,family,3.03,1.07e-06,0.38094425201416016
cutely,suffix,ly,cute,True,family,1.86,7.24e-08,0.38110119104385376
villager,suffix,er,village,True,freeroot,2.9,7.94e-07,0.3811098039150238
thematic,suffix,ic,theme,True,freeroot,3.33,2.14e-06,0.3811195194721222
logistical,suffix,al,logistic,True,family,3.24,1.74e-06,0.3811562657356262
grateful,suffix,ful,grat,True,family,4.35,2.24e-05,0.38120004534721375
hideously,suffix,ly,hideous,True,family,2.47,2.95e-07,0.3812277913093567
lucidity,suffix,ity,lucid,True,family,2.45,2.82e-07,0.3814076781272888
cheeky,suffix,y,cheek,True,freeroot,3.51,3.24e-06,0.3814903199672699
lustful,suffix,ful,lust,True,family,2.66,4.57e-07,0.381503701210022
spartan,suffix,n,sparta,True,freeroot,3.37,2.34e-06,0.3816509246826172
obstinate,suffix,ate,obstin,False,family,2.73,5.37e-07,0.38178330659866333
idolize,suffix,ize,idol,True,freeroot,2.48,3.02e-07,0.3817863464355469
unleavened,prefix,un,leaven,True,freeroot,2.29,1.95e-07,0.3818517327308655
murderess,suffix,ess,murder,True,family,1.98,9.55e-08,0.3819018602371216
juicy,suffix,y,juice,True,freeroot,3.7,5.01e-06,0.3819146454334259
reproachful,suffix,ful,reproach,True,freeroot,1.54,3.47e-08,0.3820270299911499
needless,suffix,less,need,True,family,3.66,4.57e-06,0.3820681869983673
edibility,suffix,ity,edible,True,family,1.58,3.8e-08,0.38209518790245056
wasteful,suffix,ful,waste,True,family,3.27,1.86e-06,0.3821674883365631
misdirect,prefix,mis,direct,True,family,2.07,1.17e-07,0.38218605518341064
meaningless,suffix,less,mean,True,family,3.7,5.01e-06,0.38220998644828796
aviator,suffix,or,aviate,False,family,2.97,9.33e-07,0.38223278522491455
crematory,suffix,ory,cremate,True,family,2.06,1.15e-07,0.38227999210357666
refresh,prefix,re,fresh,True,family,3.65,4.47e-06,0.38233038783073425
vehicular,suffix,ar,vehicle,True,freeroot,3.05,1.12e-06,0.38240909576416016
nutrient,suffix,ant,nutri,True,family,3.51,3.24e-06,0.38241466879844666
perversion,suffix,ion,perverse,True,family,2.87,7.41e-07,0.38253340125083923
aflame,prefix,a,flame,True,family,2.46,2.88e-07,0.382684588432312
fiscally,suffix,ly,fiscal,True,freeroot,2.81,6.46e-07,0.3830300569534302
shaken,suffix,en,shake,True,family,3.6,3.98e-06,0.3830564022064209
militant,suffix,ant,milit,False,family,3.62,4.17e-06,0.3830645680427551
distinctly,suffix,ly,distinct,True,family,3.53,3.39e-06,0.3830726444721222
prudish,suffix,ish,prud,True,family,2.29,1.95e-07,0.3831709623336792
sulfur,suffix,ure,sulph,False,family,3.43,2.69e-06,0.3832957446575165
arabia,suffix,ia,arab,True,family,4.12,1.32e-05,0.38341617584228516
minimum,suffix,ium,minim,True,family,4.69,4.9e-05,0.3835153877735138
revelatory,suffix,ory,reveal,True,family,2.45,2.82e-07,0.3837006092071533
retell,prefix,re,tell,True,family,2.24,1.74e-07,0.38373735547065735
harder,suffix,er,hard,True,family,4.57,3.72e-05,0.3838081955909729
powdery,suffix,y,powder,True,freeroot,2.77,5.89e-07,0.3838469386100769
disguise,prefix,dis,guise,True,freeroot,3.72,5.25e-06,0.3838919997215271
magnetism,suffix,ism,magnet,True,family,3.03,1.07e-06,0.3840862810611725
toaster,suffix,er,toast,True,freeroot,3.33,2.14e-06,0.3842712342739105
naivety,suffix,ity,naive,True,family,2.58,3.8e-07,0.38429656624794006
lubricant,suffix,ant,lubric,False,family,3.05,1.12e-06,0.38457098603248596
deform,prefix,de,form,True,family,2.5,3.16e-07,0.38463661074638367
gayer,suffix,er,gay,True,family,2.37,2.34e-07,0.3846558928489685
relevant,suffix,ant,relev,False,family,4.61,4.07e-05,0.38465824723243713
virulence,suffix,ance,virul,False,family,2.6,3.98e-07,0.38469403982162476
collation,suffix,ion,collate,True,freeroot,2.61,4.07e-07,0.38471147418022156
excellent,suffix,ant,excel,True,family,4.73,5.37e-05,0.38473668694496155
foretaste,prefix,fore,taste,True,family,2.09,1.23e-07,0.3847421109676361
insane,prefix,im,sane,True,family,4.4,2.51e-05,0.38476327061653137
insinuation,suffix,ion,insinuate,True,freeroot,2.51,3.24e-07,0.38489654660224915
hireling,suffix,ling,hire,True,freeroot,1.82,6.61e-08,0.385073184967041
remind,prefix,re,mind,True,family,4.37,2.34e-05,0.38508984446525574
cherubic,suffix,ic,cherub,True,freeroot,1.79,6.17e-08,0.3851820230484009
misuse,prefix,mis,use,True,family,3.54,3.47e-06,0.38525256514549255
darkness,suffix,ness,dark,True,family,4.3,2e-05,0.3852558135986328
eyeless,suffix,less,eye,True,family,2.03,1.07e-07,0.38535624742507935
expansion,suffix,ion,expand,True,family,4.54,3.47e-05,0.38537007570266724
vaguely,suffix,ly,vague,True,family,3.47,2.95e-06,0.38539063930511475
ethicist,suffix,ist,ethic,True,family,2.05,1.12e-07,0.38549014925956726
oozy,suffix,y,ooze,True,freeroot,1.78,6.03e-08,0.38553082942962646
jogger,suffix,er,jog,True,freeroot,2.67,4.68e-07,0.38557541370391846
delirium,suffix,ium,deliri,False,family,2.96,9.12e-07,0.38564854860305786
unsmiling,prefix,un,smile,True,family,1.86,7.24e-08,0.38568663597106934
inherit,prefix,in,herit,False,family,3.52,3.31e-06,0.3857386112213135
recorder,suffix,er,record,True,family,3.71,5.13e-06,0.385783314704895
prolong,prefix,pro,long,True,family,3.21,1.62e-06,0.38582494854927063
munificent,suffix,ant,munific,False,family,1.76,5.75e-08,0.3858259916305542
displace,prefix,dis,place,True,family,2.97,9.33e-07,0.3859023451805115
cunningly,suffix,ly,cunning,True,freeroot,2.35,2.24e-07,0.3859626054763794
urban,suffix,ian,urb,True,family,4.65,4.47e-05,0.3860362768173218
whimsy,suffix,y,whim,True,freeroot,2.6,3.98e-07,0.3860628008842468
pompous,suffix,ious,pomp,True,freeroot,3.06,1.15e-06,0.386183500289917
supportive,suffix,ive,support,True,family,4.05,1.12e-05,0.38626977801322937
petitioner,suffix,er,petition,True,freeroot,2.86,7.24e-07,0.38631826639175415
billowy,suffix,y,billow,True,freeroot,1.91,8.13e-08,0.38637202978134155
politico,suffix,o,politic,True,family,3.16,1.45e-06,0.38638582825660706
transport,prefix,trans,port,True,family,4.68,4.79e-05,0.3865317702293396
briefer,suffix,er,brief,True,family,2.16,1.45e-07,0.3867139220237732
connotative,suffix,ive,connote,True,family,1.59,3.89e-08,0.3867630958557129
underbelly,prefix,under,belly,True,freeroot,2.74,5.5e-07,0.38676780462265015
imbedded,prefix,in,bed,True,family,2.34,2.19e-07,0.38678085803985596
banishment,suffix,ment,banish,True,freeroot,2.76,5.75e-07,0.38678544759750366
gummy,suffix,y,gum,True,freeroot,2.97,9.33e-07,0.38684478402137756
decrement,prefix,de,crement,False,family,2.0,1e-07,0.3868550658226013
misbehave,prefix,mis,behave,True,family,2.51,3.24e-07,0.3870547115802765
consciously,suffix,ly,conscious,True,family,3.5,3.16e-06,0.3871680796146393
consultant,suffix,ant,consult,True,family,4.13,1.35e-05,0.3872271180152893
redone,prefix,re,done,True,family,2.86,7.24e-07,0.3872681260108948
platonic,suffix,ic,plato,True,family,3.2,1.58e-06,0.3874317705631256
freighter,suffix,er,freight,True,freeroot,3.05,1.12e-06,0.3876208961009979
recollection,suffix,ion,recollect,True,freeroot,3.28,1.91e-06,0.3877008259296417
naughtiest,suffix,est,naughty,True,family,2.0,1e-07,0.38785964250564575
evidently,suffix,ly,evident,True,freeroot,3.6,3.98e-06,0.3878726363182068
misread,prefix,mis,read,True,family,2.96,9.12e-07,0.3879889249801636
paradigmatic,suffix,ic,paradigm,True,freeroot,2.16,1.45e-07,0.38813966512680054
wrestler,suffix,er,wrestle,True,freeroot,3.52,3.31e-06,0.3881520926952362
treasury,suffix,y,treasure,True,family,4.24,1.74e-05,0.3882150948047638
naively,suffix,ly,naive,True,family,2.68,4.79e-07,0.3882642984390259
longevity,suffix,ity,long,True,family,3.55,3.55e-06,0.3884027600288391
ensnare,prefix,en,snare,True,freeroot,2.28,1.91e-07,0.3884508013725281
financial,suffix,al,finance,True,family,5.08,0.00012,0.38849326968193054
decorous,suffix,ious,decor,True,family,1.98,9.55e-08,0.3885301947593689
deserter,suffix,er,desert,True,family,2.71,5.13e-07,0.38853585720062256
immodest,prefix,im,modest,True,family,2.27,1.86e-07,0.38856419920921326
official,suffix,al,office,True,family,5.14,0.000138,0.3887435793876648
faintly,suffix,ly,faint,True,family,3.03,1.07e-06,0.388750821352005
heedless,suffix,less,heed,True,family,2.11,1.29e-07,0.38879141211509705
undervalue,prefix,under,value,True,family,2.35,2.24e-07,0.3889784514904022
dimness,suffix,ness,dim,True,family,1.56,3.63e-08,0.3889891505241394
redaction,suffix,ion,redact,True,family,2.29,1.95e-07,0.389032244682312
commingle,prefix,co,mingle,True,family,1.55,3.55e-08,0.38904938101768494
higher,suffix,er,high,True,family,5.18,0.000151,0.38930389285087585
habitable,suffix,able,habit,True,family,3.13,1.35e-06,0.38960835337638855
recidivist,suffix,ist,recidiv,False,family,1.84,6.92e-08,0.3896094262599945
rhombus,suffix,us,rhomb,True,family,2.12,1.32e-07,0.3897800147533417
overlay,prefix,over,lay,True,family,3.24,1.74e-06,0.3898635804653168
maximum,suffix,ium,maxim,True,family,4.6,3.98e-05,0.3899955451488495
moisten,suffix,en,moist,True,family,2.25,1.78e-07,0.39004552364349365
crispy,suffix,y,crisp,True,family,3.37,2.34e-06,0.39006897807121277
lazily,suffix,ly,lazy,True,family,2.69,4.9e-07,0.39019978046417236
priestly,suffix,ly,priest,True,family,2.92,8.32e-07,0.39031368494033813
propose,prefix,pro,pose,True,family,3.99,9.77e-06,0.3905481696128845
emulation,suffix,ion,emulate,True,freeroot,3.04,1.1e-06,0.3908081352710724
tenacity,suffix,ity,ten,True,family,3.11,1.29e-06,0.3909223675727844
faithful,suffix,ful,faith,True,family,4.1,1.26e-05,0.3910154104232788
jingoism,suffix,ism,jingo,True,freeroot,2.18,1.51e-07,0.3910157382488251
saner,suffix,er,sane,True,family,2.25,1.78e-07,0.39114701747894287
oxidize,suffix,ize,oxide,True,family,2.36,2.29e-07,0.3913046419620514
tonal,suffix,al,tone,True,family,3.09,1.23e-06,0.3913663923740387
marketer,suffix,er,market,True,family,2.95,8.91e-07,0.3913838267326355
allowable,suffix,able,allow,True,family,2.97,9.33e-07,0.39145684242248535
plucky,suffix,y,pluck,True,freeroot,2.62,4.17e-07,0.39152151346206665
pedagogic,suffix,ic,pedagogue,True,family,2.11,1.29e-07,0.39156320691108704
plagiarism,suffix,ism,plagiar,False,family,3.23,1.7e-06,0.391626238822937
valiantly,suffix,ly,valiant,True,freeroot,2.63,4.27e-07,0.3916513919830322
society,suffix,ity,socio,True,family,5.17,0.000148,0.3916909396648407
newer,suffix,er,new,True,family,3.94,8.71e-06,0.39177095890045166
edition,suffix,ion,edit,True,family,4.8,6.31e-05,0.3917735517024994
drummer,suffix,er,drum,True,freeroot,3.68,4.79e-06,0.3918246030807495
rainy,suffix,y,rain,True,family,3.74,5.5e-06,0.3918532133102417
increment,prefix,in,crement,False,family,2.96,9.12e-07,0.39186230301856995
solver,suffix,er,solve,True,family,2.82,6.61e-07,0.39230185747146606
specially,suffix,ly,special,True,family,4.01,1.02e-05,0.3923359215259552
invitation,suffix,ion,invite,True,family,4.14,1.38e-05,0.3923437297344208
memorize,suffix,ize,memor,False,family,3.22,1.66e-06,0.39234769344329834
supremacy,suffix,acy,supreme,True,family,3.64,4.37e-06,0.39243608713150024
untiring,prefix,un,tire,True,family,2.09,1.23e-07,0.3924503028392792
stutterer,suffix,er,stutter,True,freeroot,1.77,5.89e-08,0.3924804627895355
trucker,suffix,er,truck,True,freeroot,2.95,8.91e-07,0.39253148436546326
heroine,suffix,ine,hero,True,family,3.53,3.39e-06,0.392630398273468
rawness,suffix,ness,raw,True,freeroot,2.21,1.62e-07,0.39264726638793945
levitation,suffix,ion,levitate,True,freeroot,2.52,3.31e-07,0.39276278018951416
mondays,prefix,mono,day,True,family,3.38,2.4e-06,0.3928071856498718
basest,suffix,est,base,True,family,2.0,1e-07,0.3928796052932739
taster,suffix,er,taste,True,family,2.71,5.13e-07,0.3928868770599365
loser,suffix,er,lose,True,freeroot,4.01,1.02e-05,0.39291056990623474
postal,suffix,al,post,True,family,3.94,8.71e-06,0.3930063545703888
libelous,suffix,ious,libel,True,freeroot,2.36,2.29e-07,0.39305105805397034
vigorous,suffix,ious,vigor,True,freeroot,3.46,2.88e-06,0.39309826493263245
integrate,suffix,ate,integer,True,family,3.72,5.25e-06,0.39311712980270386
rudely,suffix,ly,rude,True,family,2.89,7.76e-07,0.3931426703929901
barbarian,suffix,ian,barbar,True,family,3.28,1.91e-06,0.39315760135650635
foretell,prefix,fore,tell,True,family,2.31,2.04e-07,0.39328715205192566
marginal,suffix,al,margin,True,freeroot,3.71,5.13e-06,0.3932873606681824
plagiarize,suffix,ize,plagiar,False,family,2.1,1.26e-07,0.3933328092098236
precipitate,suffix,ate,precipit,False,family,2.78,6.03e-07,0.39337357878685
hungrier,suffix,er,hungry,True,family,2.49,3.09e-07,0.39363136887550354
into,prefix,in,to,True,freeroot,6.11,0.00129,0.3936621844768524
methylated,suffix,ate,methyl,True,freeroot,2.4,2.51e-07,0.3937396705150604
admiralty,suffix,ity,admiral,True,freeroot,3.44,2.75e-06,0.39376914501190186
undisciplined,prefix,un,discipline,True,family,2.65,4.47e-07,0.39390936493873596
shyness,suffix,ness,shy,True,family,2.9,7.94e-07,0.3940211832523346
stylist,suffix,ist,style,True,family,3.4,2.51e-06,0.3941969573497772
valorous,suffix,ious,valor,True,freeroot,2.05,1.12e-07,0.39429885149002075
crumbly,suffix,y,crumble,True,freeroot,2.43,2.69e-07,0.39429956674575806
dirty,suffix,y,dirt,True,freeroot,4.55,3.55e-05,0.39430174231529236
subsidy,suffix,y,subsid,False,family,3.56,3.63e-06,0.3943093717098236
unsuited,prefix,un,suit,True,family,2.5,3.16e-07,0.39443808794021606
islet,suffix,et,isle,True,freeroot,2.76,5.75e-07,0.3944563567638397
steepening,suffix,en,steep,True,family,1.54,3.47e-08,0.3944592773914337
political,suffix,al,politic,True,family,5.29,0.000195,0.39449426531791687
informative,suffix,ive,inform,True,family,3.61,4.07e-06,0.39450693130493164
fanciful,suffix,ful,fancy,True,family,2.97,9.33e-07,0.39463457465171814
reacquainted,prefix,re,acquaint,True,family,2.09,1.23e-07,0.3946431577205658
acoustics,suffix,ics,acoust,False,family,3.1,1.26e-06,0.39467161893844604
wattage,suffix,age,watt,True,freeroot,2.65,4.47e-07,0.39484769105911255
diversify,suffix,ify,diverse,True,family,3.16,1.45e-06,0.39485910534858704
remembrance,suffix,ance,remember,True,freeroot,3.61,4.07e-06,0.39485928416252136
whitest,suffix,est,white,True,family,2.53,3.39e-07,0.3948604166507721
mendacity,suffix,ity,mendac,False,family,2.14,1.38e-07,0.3948889672756195
retold,prefix,re,told,True,family,2.57,3.72e-07,0.3949308693408966
willingness,suffix,ness,will,True,family,3.82,6.61e-06,0.39504826068878174
blameless,suffix,less,blame,True,freeroot,2.8,6.31e-07,0.3950637876987457
prophetess,suffix,ess,prophet,True,family,2.15,1.41e-07,0.3951137065887451
shady,suffix,y,shade,True,freeroot,3.71,5.13e-06,0.3951193690299988
agitation,suffix,ion,agitate,True,family,3.19,1.55e-06,0.395144522190094
vacant,suffix,ant,vacu,False,family,3.8,6.31e-06,0.39517369866371155
study,suffix,y,stud,True,family,5.26,0.000182,0.3952273726463318
narrowly,suffix,ly,narrow,True,family,3.65,4.47e-06,0.39528024196624756
heavenward,suffix,ward,heaven,True,family,1.75,5.62e-08,0.3953186571598053
wintry,suffix,y,winter,True,freeroot,2.73,5.37e-07,0.39532801508903503
conqueror,suffix,or,conquer,True,freeroot,3.21,1.62e-06,0.39534926414489746
interplay,prefix,inter,play,True,family,3.15,1.41e-06,0.3954620659351349
solvable,suffix,able,solve,True,family,2.58,3.8e-07,0.395581990480423
parochialism,suffix,ism,parochial,True,freeroot,1.88,7.59e-08,0.39577099680900574
subspace,prefix,sub,space,True,family,2.89,7.76e-07,0.3958037793636322
ninety,suffix,ity,nine,True,family,3.71,5.13e-06,0.39581185579299927
measurable,suffix,able,measure,True,family,3.32,2.09e-06,0.39587438106536865
intrinsically,suffix,ly,intrinsic,True,freeroot,3.06,1.15e-06,0.39591872692108154
pedagogy,suffix,y,pedagogue,True,family,3.12,1.32e-06,0.39601409435272217
dramatist,suffix,ist,drama,True,family,2.8,6.31e-07,0.39606091380119324
nodular,suffix,ar,nodule,True,freeroot,2.15,1.41e-07,0.3962113857269287
disadvantage,prefix,dis,advantage,True,family,3.71,5.13e-06,0.3962372839450836
spectrum,suffix,ium,spectr,False,family,4.26,1.82e-05,0.3962707817554474
hitless,suffix,less,hit,True,family,2.04,1.1e-07,0.3962746560573578
radii,suffix,i,radio,True,family,2.55,3.55e-07,0.3962896466255188
malicious,suffix,ious,malice,True,freeroot,3.67,4.68e-06,0.39629125595092773
laughable,suffix,able,laugh,True,family,3.18,1.51e-06,0.39630749821662903
revolve,prefix,re,volve,False,family,3.24,1.74e-06,0.396322637796402
masochism,suffix,ism,masoch,False,family,2.42,2.63e-07,0.3966044783592224
amperage,suffix,age,ampere,True,freeroot,2.16,1.45e-07,0.3967621326446533
repossess,prefix,re,possess,True,family,2.21,1.62e-07,0.396936297416687
pimply,suffix,y,pimple,True,freeroot,1.89,7.76e-08,0.39693641662597656
thickly,suffix,ly,thick,True,family,2.63,4.27e-07,0.3969466984272003
healer,suffix,er,heal,True,freeroot,3.32,2.09e-06,0.39696425199508667
outrun,prefix,out,run,True,family,2.96,9.12e-07,0.3970380425453186
cromwellian,suffix,ian,cromwell,True,freeroot,1.74,5.5e-08,0.3971903622150421
nameless,suffix,less,name,True,family,3.15,1.41e-06,0.39728251099586487
oversexed,prefix,over,sex,True,family,1.77,5.89e-08,0.3973110020160675
overcharge,prefix,over,charge,True,family,2.49,3.09e-07,0.39731425046920776
hilly,suffix,y,hill,True,family,3.17,1.48e-06,0.39734333753585815
hasten,suffix,en,haste,True,family,2.93,8.51e-07,0.39745354652404785
californians,suffix,n,california,True,freeroot,2.97,9.33e-07,0.3974863886833191
stormy,suffix,y,storm,True,freeroot,3.46,2.88e-06,0.3975156843662262
closer,suffix,er,close,True,family,4.73,5.37e-05,0.3976617753505707
strenuously,suffix,ly,strenuous,True,freeroot,2.67,4.68e-07,0.3979340195655823
genetic,suffix,ic,gen,True,family,4.34,2.19e-05,0.3979392647743225
allotment,suffix,ment,allot,True,freeroot,3.13,1.35e-06,0.39794841408729553
devotee,suffix,ee,devote,True,family,2.93,8.51e-07,0.39799734950065613
alliance,suffix,ance,ally,True,freeroot,4.4,2.51e-05,0.39801648259162903
sugarless,suffix,less,sugar,True,family,1.84,6.92e-08,0.398030161857605
occupancy,suffix,ancy,occupy,True,family,3.36,2.29e-06,0.3980543911457062
generously,suffix,ly,generous,True,family,3.29,1.95e-06,0.3980872929096222
preposterously,suffix,ly,preposterous,True,freeroot,1.85,7.08e-08,0.39822909235954285
malayan,suffix,ian,malay,True,freeroot,2.6,3.98e-07,0.39830222725868225
soulless,suffix,less,soul,True,family,2.88,7.59e-07,0.3983277976512909
crinkly,suffix,y,crinkle,True,freeroot,2.0,1e-07,0.3986588418483734
disinterred,prefix,dis,inter,True,family,1.87,7.41e-08,0.39866575598716736
radiant,suffix,ant,radio,True,family,3.49,3.09e-06,0.39872270822525024
advancement,suffix,ment,advance,True,freeroot,3.81,6.46e-06,0.398749440908432
superiority,suffix,ity,superior,True,freeroot,3.59,3.89e-06,0.39892247319221497
innately,suffix,ly,innate,True,freeroot,2.49,3.09e-07,0.39897897839546204
untrained,prefix,un,train,True,family,3.03,1.07e-06,0.3992966115474701
enunciation,suffix,ion,enunciate,True,freeroot,2.11,1.29e-07,0.39929822087287903
kinship,suffix,ship,kin,True,freeroot,3.13,1.35e-06,0.39934277534484863
stereoscopic,suffix,ic,stereo,True,freeroot,2.57,3.72e-07,0.39936700463294983
apologist,suffix,ist,apolog,False,family,2.77,5.89e-07,0.39941591024398804
prosaically,suffix,ly,prosaic,True,freeroot,1.72,5.25e-08,0.39948007464408875
siamese,suffix,ese,siam,True,freeroot,2.97,9.33e-07,0.39948710799217224
backbiting,prefix,back,bite,True,family,1.99,9.77e-08,0.3994982838630676
superego,prefix,super,ego,True,family,2.26,1.82e-07,0.39950889348983765
oddity,suffix,ity,odd,True,family,2.77,5.89e-07,0.3996955454349518
outbound,prefix,out,bound,True,family,3.0,1e-06,0.39984259009361267
maximize,suffix,ize,maxim,True,family,3.63,4.27e-06,0.39994120597839355
meditation,suffix,ion,meditate,True,family,3.95,8.91e-06,0.3999917209148407
duller,suffix,er,dull,True,family,2.45,2.82e-07,0.4000266194343567
minutest,suffix,est,minute,True,family,1.76,5.75e-08,0.40010762214660645
prerecorded,prefix,pre,record,True,family,2.42,2.63e-07,0.40012457966804504
rhomboid,suffix,oid,rhomb,True,family,1.91,8.13e-08,0.40014487504959106
laxness,suffix,ness,lax,True,family,1.65,4.47e-08,0.4002232253551483
immaterial,prefix,im,material,True,family,2.89,7.76e-07,0.400329053401947
rightness,suffix,ness,right,True,family,2.25,1.78e-07,0.400350958108902
nearest,suffix,est,near,True,family,4.11,1.29e-05,0.4005318582057953
chieftaincy,suffix,acy,chieftain,True,freeroot,1.73,5.37e-08,0.4006088972091675
adjudge,prefix,a,judge,True,family,1.54,3.47e-08,0.4007199704647064
representation,suffix,ion,represent,True,family,4.34,2.19e-05,0.40078628063201904
nudist,suffix,ist,nude,True,family,2.81,6.46e-07,0.40079763531684875
munificence,suffix,ance,munific,False,family,1.75,5.62e-08,0.4008006453514099
proselytize,suffix,ize,proselyte,True,freeroot,2.03,1.07e-07,0.4009830355644226
hermetically,suffix,ly,hermetic,True,freeroot,2.36,2.29e-07,0.40112218260765076
urgency,suffix,ancy,urge,True,family,3.55,3.55e-06,0.40116575360298157
magistracy,suffix,acy,magister,True,family,2.17,1.48e-07,0.4012247323989868
superstar,prefix,super,star,True,family,3.83,6.76e-06,0.40123796463012695
supplicant,suffix,ant,supplic,False,family,1.95,8.91e-08,0.4012717008590698
squiggly,suffix,y,squiggle,True,freeroot,2.23,1.7e-07,0.40131670236587524
judiciary,suffix,ory,judic,False,family,3.86,7.24e-06,0.4013250172138214
foundation,suffix,ion,found,True,family,4.81,6.46e-05,0.4013556241989136
restrict,prefix,re,strict,True,family,3.8,6.31e-06,0.40135812759399414
selfish,suffix,ish,self,True,family,4.11,1.29e-05,0.40144678950309753
miniaturist,suffix,ist,miniature,True,freeroot,1.84,6.92e-08,0.4014475643634796
egoist,suffix,ist,ego,True,family,2.23,1.7e-07,0.4014968276023865
actual,suffix,al,act,True,family,4.85,7.08e-05,0.40156954526901245
daily,suffix,ly,day,True,family,5.07,0.000117,0.4015924632549286
pageantry,suffix,ory,pageant,True,freeroot,2.58,3.8e-07,0.40182846784591675
immolation,suffix,ion,immolate,True,freeroot,2.46,2.88e-07,0.4019484519958496
overdid,prefix,over,did,True,family,2.18,1.51e-07,0.40199872851371765
dramatize,suffix,ize,drama,True,family,2.3,2e-07,0.4020094573497772
blithely,suffix,ly,blithe,True,freeroot,2.44,2.75e-07,0.4020100235939026
burnt,suffix,t,burn,True,family,4.03,1.07e-05,0.402138352394104
employee,suffix,ee,employ,True,family,4.5,3.16e-05,0.40219324827194214
nutrition,suffix,ion,nutri,True,family,4.1,1.26e-05,0.4022367298603058
leniently,suffix,ly,lenient,True,freeroot,1.92,8.32e-08,0.4024193286895752
forewarn,prefix,fore,warn,True,freeroot,1.69,4.9e-08,0.40249741077423096
impeachment,suffix,ment,impeach,True,family,3.59,3.89e-06,0.40257060527801514
vindictiveness,suffix,ness,vindictive,True,family,2.05,1.12e-07,0.4026530683040619
gruffly,suffix,ly,gruff,True,freeroot,1.72,5.25e-08,0.4026877284049988
emblematic,suffix,ic,emblem,True,freeroot,2.87,7.41e-07,0.4027758240699768
exorcist,suffix,ist,exorc,False,family,2.94,8.71e-07,0.402933269739151
incubator,suffix,or,incubate,True,family,3.13,1.35e-06,0.4030475318431854
toothless,suffix,less,tooth,True,family,2.96,9.12e-07,0.40317046642303467
robustness,suffix,ness,robust,True,family,2.83,6.76e-07,0.40317368507385254
quackery,suffix,ory,quack,True,freeroot,2.32,2.09e-07,0.403189092874527
habitation,suffix,ion,habit,True,family,2.98,9.55e-07,0.40323078632354736
remoteness,suffix,ness,remote,True,family,2.57,3.72e-07,0.4033864438533783
feathery,suffix,y,feather,True,freeroot,2.49,3.09e-07,0.40339720249176025
jury,suffix,y,jur,True,family,4.49,3.09e-05,0.40347054600715637
haberdashery,suffix,y,haberdasher,True,freeroot,2.11,1.29e-07,0.40360039472579956
cleverer,suffix,er,clever,True,family,2.35,2.24e-07,0.40363505482673645
solvency,suffix,ancy,solve,True,family,2.71,5.13e-07,0.4037160575389862
consular,suffix,ar,consul,True,family,3.29,1.95e-06,0.40372133255004883
pavement,suffix,ment,pave,True,family,3.61,4.07e-06,0.40373972058296204
picketers,suffix,er,picket,True,freeroot,1.78,6.03e-08,0.40377551317214966
wearily,suffix,ly,weary,True,family,2.34,2.19e-07,0.4037903845310211
fervor,suffix,or,ferv,False,family,3.05,1.12e-06,0.4038087725639343
fatten,suffix,en,fat,True,family,2.5,3.16e-07,0.4038258492946625
decontaminate,prefix,de,contaminate,True,family,2.01,1.02e-07,0.40384870767593384
chirpy,suffix,y,chirp,True,freeroot,2.23,1.7e-07,0.40388089418411255
avoidable,suffix,able,avoid,True,family,2.97,9.33e-07,0.4041045904159546
slithery,suffix,y,slither,True,freeroot,1.68,4.79e-08,0.40410539507865906
amphibious,suffix,ious,amphibio,False,family,3.06,1.15e-06,0.40417131781578064
escapist,suffix,ist,escape,True,family,2.54,3.47e-07,0.4042145311832428
strictly,suffix,ly,strict,True,family,4.16,1.45e-05,0.40429505705833435
manifesto,suffix,o,manifest,True,family,3.65,4.47e-06,0.40435707569122314
satirize,suffix,ize,satire,True,family,2.08,1.2e-07,0.40437567234039307
dental,suffix,al,dent,True,family,4.11,1.29e-05,0.40443211793899536
tenderness,suffix,ness,tender,True,family,3.24,1.74e-06,0.40449047088623047
restock,prefix,re,stock,True,family,2.78,6.03e-07,0.4044954478740692
rapacity,suffix,ity,rapac,False,family,1.5,3.16e-08,0.40458908677101135
mendacious,suffix,ious,mendac,False,family,2.06,1.15e-07,0.40464967489242554
banditry,suffix,ory,bandit,True,freeroot,2.18,1.51e-07,0.4046826958656311
reassign,prefix,re,assign,True,family,2.3,2e-07,0.404972642660141
selection,suffix,ion,select,True,family,4.62,4.17e-05,0.40497416257858276
expiation,suffix,ion,expiate,True,freeroot,2.11,1.29e-07,0.4050484299659729
cloudy,suffix,y,cloud,True,family,3.55,3.55e-06,0.4051344096660614
yellowish,suffix,ish,yellow,True,family,3.21,1.62e-06,0.40517210960388184
direction,suffix,ion,direct,True,family,4.93,8.51e-05,0.4052141010761261
squinty,suffix,y,squint,True,freeroot,2.08,1.2e-07,0.40531256794929504
primacy,suffix,acy,prim,True,family,2.88,7.59e-07,0.40549153089523315
irritant,suffix,ant,irrit,False,family,2.7,5.01e-07,0.4055376350879669
fittest,suffix,est,fit,True,family,2.99,9.77e-07,0.40561896562576294
symbolize,suffix,ize,symbol,True,family,3.04,1.1e-06,0.40564173460006714
believable,suffix,able,believe,True,family,3.29,1.95e-06,0.405751496553421
whaler,suffix,er,whale,True,freeroot,2.36,2.29e-07,0.40579745173454285
misjudge,prefix,mis,judge,True,family,2.19,1.55e-07,0.40581417083740234
freest,suffix,est,free,True,family,2.13,1.35e-07,0.4059041440486908
suitable,suffix,able,suit,True,family,4.38,2.4e-05,0.405905157327652
cheerless,suffix,less,cheer,True,family,1.76,5.75e-08,0.4060070216655731
musculature,suffix,ure,muscle,True,family,2.54,3.47e-07,0.4062212407588959
dreamy,suffix,y,dream,True,family,3.23,1.7e-06,0.4062804579734802
burial,suffix,al,bury,True,freeroot,3.9,7.94e-06,0.40646421909332275
misquote,prefix,mis,quote,True,family,2.02,1.05e-07,0.40652528405189514
limitless,suffix,less,limit,True,family,3.27,1.86e-06,0.40654364228248596
indian,suffix,n,indo,True,freeroot,4.91,8.13e-05,0.40674442052841187
convalescence,suffix,ance,convalesce,True,family,2.38,2.4e-07,0.40676894783973694
shyest,suffix,est,shy,True,family,1.56,3.63e-08,0.40678349137306213
geniality,suffix,ity,genial,True,family,1.54,3.47e-08,0.4068421721458435
strata,suffix,a,strat,True,family,3.25,1.78e-06,0.40687865018844604
greenery,suffix,ory,green,True,family,2.84,6.92e-07,0.4068918228149414
hoaxer,suffix,er,hoax,True,freeroot,1.73,5.37e-08,0.4069526791572571
attentive,suffix,ive,attend,True,family,3.3,2e-06,0.4070402979850769
dubious,suffix,ious,doubt,True,family,3.49,3.09e-06,0.40714073181152344
doggedly,suffix,ly,dog,True,family,2.38,2.4e-07,0.4072321355342865
foresight,prefix,fore,sight,True,family,3.16,1.45e-06,0.40732458233833313
classy,suffix,y,class,True,family,3.72,5.25e-06,0.4073427617549896
coagulate,suffix,ate,coagul,False,family,1.94,8.71e-08,0.4073856770992279
vitalize,suffix,ize,vital,True,family,1.55,3.55e-08,0.40761131048202515
paleness,suffix,ness,pale,True,family,1.82,6.61e-08,0.40767142176628113
grumpy,suffix,y,grump,True,freeroot,3.47,2.95e-06,0.40774011611938477
agitator,suffix,or,agitate,True,family,2.59,3.89e-07,0.4078425168991089
consequential,suffix,al,consequence,True,freeroot,3.03,1.07e-06,0.40788933634757996
congruous,suffix,ious,congru,False,family,1.62,4.17e-08,0.40794211626052856
colony,suffix,y,colon,True,family,4.12,1.32e-05,0.4079701006412506
peculiarly,suffix,ly,peculiar,True,family,2.61,4.07e-07,0.4079841375350952
enrich,prefix,en,rich,True,family,3.3,2e-06,0.4080381393432617
captive,suffix,ive,capt,True,family,3.7,5.01e-06,0.40809622406959534
overtone,prefix,over,tone,True,family,2.28,1.91e-07,0.4081991910934448
humbler,suffix,er,humble,True,family,2.0,1e-07,0.4082205593585968
variant,suffix,ant,vary,True,family,3.78,6.03e-06,0.4082562327384949
billie,suffix,ie,bill,True,family,3.46,2.88e-06,0.4083110988140106
scrutiny,suffix,y,scrutin,False,family,3.74,5.5e-06,0.40834611654281616
uncouth,prefix,un,couth,True,freeroot,2.52,3.31e-07,0.4083847999572754
callously,suffix,ly,callous,True,family,2.14,1.38e-07,0.4084072709083557
forswear,prefix,fore,swear,True,freeroot,1.73,5.37e-08,0.4084290564060211
inertial,suffix,al,inertia,True,freeroot,2.91,8.13e-07,0.40846678614616394
rigidly,suffix,ly,rigid,True,family,2.73,5.37e-07,0.40850958228111267
vastness,suffix,ness,vast,True,family,2.66,4.57e-07,0.4086063504219055
hopeful,suffix,ful,hope,True,family,3.79,6.17e-06,0.40876486897468567
remedial,suffix,al,remedy,True,freeroot,3.08,1.2e-06,0.4088340997695923
colicky,suffix,y,colic,True,freeroot,1.93,8.51e-08,0.408908486366272
quietly,suffix,ly,quiet,True,family,4.15,1.41e-05,0.4089207947254181
giddily,suffix,ly,giddy,True,family,1.74,5.5e-08,0.4090360701084137
moisture,suffix,ure,moist,True,family,3.9,7.94e-06,0.4090859591960907
incubation,suffix,ion,incubate,True,family,3.15,1.41e-06,0.4091951847076416
golden,suffix,en,gold,True,freeroot,4.67,4.68e-05,0.40919601917266846
idealize,suffix,ize,ideal,True,family,2.09,1.23e-07,0.4092601239681244
oddly,suffix,ly,odd,True,family,3.56,3.63e-06,0.4092998802661896
feminine,suffix,ine,femin,False,family,3.91,8.13e-06,0.4093162417411804
recurrence,suffix,ance,recur,True,family,3.2,1.58e-06,0.40932872891426086
dumbness,suffix,ness,dumb,True,family,1.94,8.71e-08,0.4093533456325531
fairly,suffix,ly,fair,True,family,4.5,3.16e-05,0.40937188267707825
history,suffix,y,history,True,family,5.39,0.000245,0.40950843691825867
girlish,suffix,ish,girl,True,family,2.47,2.95e-07,0.4095894992351532
cannibalistic,suffix,ic,cannibal,True,family,2.29,1.95e-07,0.4096111059188843
downward,suffix,ward,down,True,family,3.71,5.13e-06,0.4096561670303345
structure,suffix,ure,struct,True,family,4.84,6.92e-05,0.409691721200943
overjoyed,prefix,over,joy,True,family,2.97,9.33e-07,0.4096985459327698
signer,suffix,er,sign,True,family,2.67,4.68e-07,0.40993809700012207
overhand,prefix,over,hand,True,family,2.39,2.45e-07,0.40994328260421753
sexist,suffix,ist,sex,True,family,3.62,4.17e-06,0.4099757969379425
overpaid,prefix,over,pay,True,family,2.9,7.94e-07,0.4102878272533417
nobler,suffix,er,noble,True,family,2.32,2.09e-07,0.41030627489089966
unadorned,prefix,un,adorn,True,family,2.42,2.63e-07,0.4103265106678009
forgivable,suffix,able,forgive,True,family,2.33,2.14e-07,0.41035762429237366
petulantly,suffix,ly,petulant,True,freeroot,1.7,5.01e-08,0.4104534685611725
dissolve,prefix,di,solve,True,family,3.49,3.09e-06,0.41049450635910034
condensation,suffix,ion,condense,True,family,3.12,1.32e-06,0.4105214476585388
sifter,suffix,er,sift,True,freeroot,1.99,9.77e-08,0.4105389714241028
insight,prefix,in,sight,True,family,4.19,1.55e-05,0.4105398952960968
protrude,prefix,pro,trude,True,family,2.49,3.09e-07,0.4106823205947876
vituperative,suffix,ive,vituperate,False,family,1.73,5.37e-08,0.4107300043106079
indistinct,prefix,im,distinct,True,family,3.02,1.05e-06,0.4107898771762848
successively,suffix,ly,successive,True,freeroot,3.02,1.05e-06,0.41104602813720703
justify,suffix,ify,just,True,family,4.14,1.38e-05,0.41107091307640076
virulent,suffix,ant,virul,False,family,2.88,7.59e-07,0.411184161901474
delicacy,suffix,acy,delic,True,family,3.18,1.51e-06,0.4112544059753418
merrier,suffix,er,merry,True,family,2.64,4.37e-07,0.41136789321899414
passiveness,suffix,ness,passive,True,family,1.61,4.07e-08,0.41137298941612244
annexation,suffix,ion,annex,True,freeroot,3.42,2.63e-06,0.4114241600036621
minima,suffix,a,minim,True,family,2.55,3.55e-07,0.41142842173576355
migrate,suffix,ate,migr,False,family,3.43,2.69e-06,0.4114447832107544
perfidious,suffix,ious,perfidy,True,freeroot,2.09,1.23e-07,0.4115331768989563
downwind,prefix,down,wind,True,family,2.66,4.57e-07,0.41153648495674133
sturdily,suffix,ly,sturdy,True,family,1.75,5.62e-08,0.4115613102912903
millinery,suffix,y,milliner,True,freeroot,2.28,1.91e-07,0.41159769892692566
leaky,suffix,y,leak,True,family,3.06,1.15e-06,0.411655992269516
loner,suffix,er,lone,True,family,3.07,1.17e-06,0.41169264912605286
experimenter,suffix,er,experiment,True,family,2.48,3.02e-07,0.4119225740432739
cutlets,suffix,let,cut,True,family,2.32,2.09e-07,0.4119783341884613
matriculation,suffix,ion,matriculate,True,freeroot,2.65,4.47e-07,0.4120047986507416
fondly,suffix,ly,fond,True,family,3.2,1.58e-06,0.4120318591594696
preclude,prefix,pre,clude,False,family,3.03,1.07e-06,0.4121236205101013
ennoble,prefix,en,noble,True,family,1.68,4.79e-08,0.41213950514793396
undershoot,prefix,under,shoot,True,family,1.65,4.47e-08,0.4121997654438019
misunderstand,prefix,mis,understand,True,family,3.15,1.41e-06,0.4122294485569
rigidity,suffix,ity,rigid,True,family,2.99,9.77e-07,0.4122656583786011
tolerable,suffix,able,toler,True,family,3.11,1.29e-06,0.41227808594703674
smartly,suffix,ly,smart,True,family,2.93,8.51e-07,0.4123086631298065
consortium,suffix,ium,consort,True,family,3.68,4.79e-06,0.41231346130371094
leftward,suffix,ward,left,True,family,2.18,1.51e-07,0.41241005063056946
ineffably,suffix,y,ineffable,True,freeroot,1.63,4.27e-08,0.41256216168403625
snidely,suffix,ly,snide,True,freeroot,1.83,6.76e-08,0.412580281496048
profligate,suffix,ate,proflig,False,family,2.37,2.34e-07,0.4128345251083374
certainly,suffix,ly,certain,True,family,5.0,0.0001,0.41286975145339966
papal,suffix,al,pap,True,family,3.4,2.51e-06,0.41290709376335144
mishearing,prefix,mis,hear,True,family,1.52,3.31e-08,0.4129118323326111
viciously,suffix,ly,vicious,True,family,2.93,8.51e-07,0.4129732847213745
profligacy,suffix,acy,proflig,False,family,2.2,1.58e-07,0.4130840301513672
shoddily,suffix,ly,shoddy,True,freeroot,1.74,5.5e-08,0.41321638226509094
gutless,suffix,less,gut,True,family,2.57,3.72e-07,0.41329216957092285
involve,prefix,in,volve,False,family,4.28,1.91e-05,0.4133022129535675
frivolous,suffix,ious,frivol,False,family,3.22,1.66e-06,0.4133337438106537
courtier,suffix,er,court,True,family,2.64,4.37e-07,0.41337916254997253
misfortune,prefix,mis,fortune,True,family,3.38,2.4e-06,0.41349828243255615
sleeker,suffix,er,sleek,True,family,2.25,1.78e-07,0.413640558719635
manifestation,suffix,ion,manifest,True,family,3.43,2.69e-06,0.41368669271469116
fastidiously,suffix,ly,fastidious,True,freeroot,1.79,6.17e-08,0.4137116074562073
conscientious,suffix,ious,conscience,True,freeroot,3.24,1.74e-06,0.41372987627983093
pitiful,suffix,ful,pity,True,family,3.24,1.74e-06,0.41375356912612915
impossible,prefix,im,possible,True,family,4.78,6.03e-05,0.41378334164619446
shredder,suffix,er,shred,True,freeroot,2.97,9.33e-07,0.4138812720775604
allusion,suffix,ion,allude,True,family,2.94,8.71e-07,0.41401398181915283
dishonest,prefix,dis,honest,True,family,3.52,3.31e-06,0.4140705168247223
annoyance,suffix,ance,annoy,True,freeroot,3.33,2.14e-06,0.414133220911026
carmelite,suffix,ite,carmel,True,freeroot,2.25,1.78e-07,0.41419705748558044
honorific,suffix,ic,honor,True,family,2.38,2.4e-07,0.41422003507614136
jocularly,suffix,ly,jocular,True,freeroot,1.52,3.31e-08,0.4142248034477234
preventable,suffix,able,prevent,True,family,3.15,1.41e-06,0.414309024810791
determinable,suffix,able,determine,True,family,1.88,7.59e-08,0.41437405347824097
characterize,suffix,ize,character,True,family,3.32,2.09e-06,0.41438770294189453
hypnosis,suffix,sis,hypn,False,family,3.25,1.78e-06,0.4144979417324066
unlike,prefix,un,like,True,family,4.57,3.72e-05,0.41457292437553406
embed,prefix,en,bed,True,family,2.94,8.71e-07,0.4146295487880707
redness,suffix,ness,red,True,family,2.95,8.91e-07,0.4146457612514496
undoubted,prefix,un,doubt,True,family,2.61,4.07e-07,0.41465702652931213
slowness,suffix,ness,slow,True,family,2.62,4.17e-07,0.4147108197212219
feverish,suffix,ish,fever,True,freeroot,2.82,6.61e-07,0.4147386848926544
distinction,suffix,ion,distinct,True,family,4.1,1.26e-05,0.4148160219192505
unfair,prefix,un,fair,True,family,4.17,1.48e-05,0.4149833023548126
rethought,prefix,re,thought,True,family,2.16,1.45e-07,0.41507723927497864
peaty,suffix,y,peat,True,freeroot,2.29,1.95e-07,0.4151008725166321
continuity,suffix,ity,continue,True,family,3.77,5.89e-06,0.4152875244617462
decisive,suffix,ive,decide,True,family,3.8,6.31e-06,0.41539067029953003
leaner,suffix,er,lean,True,family,2.76,5.75e-07,0.41549667716026306
dogmatic,suffix,ic,dogma,True,family,2.93,8.51e-07,0.41550174355506897
boggy,suffix,y,bog,True,freeroot,2.42,2.63e-07,0.4155544936656952
rudest,suffix,est,rude,True,family,2.35,2.24e-07,0.4156777858734131
ludicrously,suffix,ly,ludicrous,True,freeroot,2.47,2.95e-07,0.41577327251434326
rapacious,suffix,ious,rapac,False,family,2.39,2.45e-07,0.41593173146247864
brawler,suffix,er,brawl,True,freeroot,2.43,2.69e-07,0.41606366634368896
rethink,prefix,re,think,True,family,3.47,2.95e-06,0.41607171297073364
unfurnished,prefix,un,furnish,True,freeroot,2.14,1.38e-07,0.41626882553100586
cruelty,suffix,ity,cruel,True,family,3.76,5.75e-06,0.4163258373737335
fossilized,suffix,ize,fossil,True,family,2.66,4.57e-07,0.4163667857646942
protector,suffix,or,protect,True,family,3.68,4.79e-06,0.41640791296958923
malleability,suffix,ity,malleable,True,freeroot,2.19,1.55e-07,0.41643351316452026
undecided,prefix,un,decide,True,family,3.2,1.58e-06,0.41667112708091736
obstetrician,suffix,ian,obstetric,True,family,2.67,4.68e-07,0.4167196750640869
enchantress,suffix,ess,enchant,True,family,2.61,4.07e-07,0.4167234003543854
absurdly,suffix,ly,absurd,True,family,2.95,8.91e-07,0.41676971316337585
beneficent,suffix,ant,benefice,True,family,2.19,1.55e-07,0.4167913496494293
foppish,suffix,ish,fop,True,freeroot,1.82,6.61e-08,0.4168373942375183
mistrust,prefix,mis,trust,True,family,3.06,1.15e-06,0.41691824793815613
hungrily,suffix,ly,hungry,True,family,2.15,1.41e-07,0.41692066192626953
distantly,suffix,ly,distant,True,freeroot,2.67,4.68e-07,0.41698014736175537
cubist,suffix,ist,cube,True,family,2.4,2.51e-07,0.4169938564300537
patronize,suffix,ize,patron,True,family,2.72,5.25e-07,0.41704511642456055
sweeten,suffix,en,sweet,True,family,2.77,5.89e-07,0.4171544015407562
straightness,suffix,ness,straight,True,family,1.97,9.33e-08,0.4171994626522064
emptiness,suffix,ness,empty,True,family,3.27,1.86e-06,0.41737809777259827
fruitful,suffix,ful,fruit,True,family,3.3,2e-06,0.4174516797065735
blander,suffix,er,bland,True,family,1.64,4.37e-08,0.4175085425376892
silicate,suffix,ate,silic,True,family,2.67,4.68e-07,0.4175398349761963
entwine,prefix,en,twine,True,family,1.91,8.13e-08,0.41758617758750916
picnickers,suffix,er,picnic,True,freeroot,1.75,5.62e-08,0.4176129400730133
coiffure,suffix,ure,coif,True,freeroot,2.01,1.02e-07,0.4176447093486786
futurist,suffix,ist,future,True,family,2.72,5.25e-07,0.41766357421875
tattooist,suffix,ist,tattoo,True,freeroot,1.99,9.77e-08,0.4176947772502899
prettiness,suffix,ness,pretty,True,family,2.14,1.38e-07,0.4176948666572571
preciousness,suffix,ness,precious,True,family,1.97,9.33e-08,0.41772839426994324
noticeable,suffix,able,notice,True,family,3.75,5.62e-06,0.4177388846874237
spongy,suffix,y,sponge,True,freeroot,2.62,4.17e-07,0.4178321957588196
interbred,prefix,inter,breed,True,family,1.83,6.76e-08,0.41788744926452637
emotion,suffix,ion,emote,True,family,4.19,1.55e-05,0.41789814829826355
lighten,suffix,en,light,True,family,3.35,2.24e-06,0.41794082522392273
gunnery,suffix,ory,gun,True,family,2.72,5.25e-07,0.41797250509262085
midday,prefix,mid,day,True,family,3.37,2.34e-06,0.41799789667129517
unwilling,prefix,un,will,True,family,3.7,5.01e-06,0.4180785119533539
coyness,suffix,ness,coy,True,family,1.65,4.47e-08,0.4180832505226135
unjust,prefix,un,just,True,family,3.43,2.69e-06,0.4181905686855316
hourly,suffix,ly,hour,True,freeroot,3.71,5.13e-06,0.41822969913482666
titillation,suffix,ion,titillate,True,freeroot,2.01,1.02e-07,0.4182431101799011
mastery,suffix,y,master,True,family,3.57,3.72e-06,0.41829654574394226
boisterously,suffix,ly,boisterous,True,freeroot,1.73,5.37e-08,0.41831961274147034
redactor,suffix,or,redact,True,family,1.65,4.47e-08,0.41849130392074585
stylish,suffix,ish,style,True,family,3.7,5.01e-06,0.41857343912124634
myopic,suffix,ic,myop,False,family,2.64,4.37e-07,0.41861870884895325
straighten,suffix,en,straight,True,family,3.27,1.86e-06,0.41865304112434387
phoenician,suffix,n,phoenicia,True,freeroot,2.69,4.9e-07,0.4186553955078125
completion,suffix,ion,complete,True,family,4.22,1.66e-05,0.4187362492084503
revelation,suffix,ion,reveal,True,family,3.96,9.12e-06,0.4188578724861145
trespasser,suffix,er,trespass,True,freeroot,2.41,2.57e-07,0.4191376864910126
deputize,suffix,ize,depute,True,family,1.62,4.17e-08,0.4191863536834717
wickedest,suffix,est,wicked,True,family,1.81,6.46e-08,0.41926538944244385
finer,suffix,er,fine,True,family,3.4,2.51e-06,0.419376015663147
shrunken,suffix,en,shrunk,True,freeroot,2.63,4.27e-07,0.4193929433822632
favourite,suffix,ite,favour,True,family,4.57,3.72e-05,0.41946789622306824
frictional,suffix,al,friction,True,freeroot,2.42,2.63e-07,0.4194934666156769
clockwise,suffix,wise,clock,True,freeroot,3.2,1.58e-06,0.4195244014263153
heater,suffix,er,heat,True,family,3.55,3.55e-06,0.4195810854434967
charmer,suffix,er,charm,True,family,2.71,5.13e-07,0.41959381103515625
pollinate,suffix,ate,pollen,True,freeroot,2.43,2.69e-07,0.419615238904953
defeatist,suffix,ist,defeat,True,family,2.39,2.45e-07,0.4196989834308624
picture,suffix,ure,picto,False,family,5.13,0.000135,0.41972246766090393
marshy,suffix,y,marsh,True,freeroot,2.65,4.47e-07,0.41985374689102173
voluptuousness,suffix,ness,voluptuous,True,freeroot,1.53,3.39e-08,0.4198770821094513
facetiously,suffix,ly,facetious,True,freeroot,1.97,9.33e-08,0.4200643002986908
totemic,suffix,ic,totem,True,freeroot,2.17,1.48e-07,0.42008307576179504
recalcitrant,suffix,ant,recalcitr,False,family,2.55,3.55e-07,0.4200908839702606
orgasmic,suffix,ic,orgasm,True,freeroot,2.65,4.47e-07,0.4201703667640686
whiner,suffix,er,whine,True,freeroot,2.17,1.48e-07,0.4202127158641815
dwarfish,suffix,ish,dwarf,True,freeroot,1.57,3.72e-08,0.4202195107936859
formalism,suffix,ism,formal,True,family,2.68,4.79e-07,0.42022788524627686
godless,suffix,less,god,True,family,2.81,6.46e-07,0.4203145503997803
sinewy,suffix,y,sinew,True,freeroot,2.07,1.17e-07,0.42031538486480713
greenness,suffix,ness,green,True,family,2.0,1e-07,0.42038828134536743
shitty,suffix,y,shit,True,freeroot,4.04,1.1e-05,0.42039889097213745
convulsion,suffix,ion,convulse,True,family,2.14,1.38e-07,0.42041394114494324
drizzly,suffix,y,drizzle,True,freeroot,2.16,1.45e-07,0.4204481840133667
uninformed,prefix,un,inform,True,family,2.99,9.77e-07,0.42048394680023193
oafish,suffix,ish,oaf,True,freeroot,1.69,4.9e-08,0.42058953642845154
manhood,suffix,hood,man,True,family,3.16,1.45e-06,0.42062807083129883
tediousness,suffix,ness,tedious,True,family,1.59,3.89e-08,0.4206993281841278
unmarried,prefix,un,marry,True,family,3.47,2.95e-06,0.42075467109680176
attainment,suffix,ment,attain,True,family,3.15,1.41e-06,0.42088577151298523
yorker,suffix,er,york,True,freeroot,3.49,3.09e-06,0.4209887385368347
unconditioned,prefix,un,condition,True,family,2.0,1e-07,0.42104846239089966
humanism,suffix,ism,human,True,family,2.99,9.77e-07,0.42110639810562134
crystallize,suffix,ize,crystal,True,family,2.35,2.24e-07,0.42113661766052246
brutish,suffix,ish,brute,True,family,2.57,3.72e-07,0.4211377203464508
limply,suffix,ly,limp,True,freeroot,1.95,8.91e-08,0.4212643504142761
simply,suffix,y,simple,True,family,5.08,0.00012,0.42129504680633545
proclaim,prefix,pro,claim,True,family,3.27,1.86e-06,0.4213147461414337
vestigial,suffix,al,vestige,True,freeroot,2.47,2.95e-07,0.4213728904724121
ancestry,suffix,y,ancestor,True,family,3.5,3.16e-06,0.4215790331363678
ashore,prefix,a,shore,True,family,3.52,3.31e-06,0.4215857684612274
barest,suffix,est,bare,True,family,2.31,2.04e-07,0.42161065340042114
smarmy,suffix,y,smarm,True,freeroot,2.24,1.74e-07,0.42179709672927856
legality,suffix,ity,legal,True,family,3.37,2.34e-06,0.42189833521842957
sternly,suffix,ly,sterno,True,family,2.59,3.89e-07,0.42190462350845337
nitrate,suffix,ate,nitro,True,family,3.25,1.78e-06,0.4219072163105011
recreate,prefix,re,create,True,family,3.52,3.31e-06,0.42199528217315674
unnoticed,prefix,un,notice,True,family,3.42,2.63e-06,0.4221254289150238
adeptly,suffix,ly,adept,True,freeroot,1.76,5.75e-08,0.42217379808425903
repetition,suffix,ion,repetit,False,family,3.48,3.02e-06,0.42218804359436035
provable,suffix,able,prove,True,family,2.48,3.02e-07,0.42224550247192383
efficacious,suffix,ious,efficac,False,family,2.55,3.55e-07,0.4223261773586273
toothy,suffix,y,tooth,True,family,2.32,2.09e-07,0.4223417341709137
freaky,suffix,y,freak,True,family,3.39,2.45e-06,0.4224533140659332
brashness,suffix,ness,brash,True,family,1.73,5.37e-08,0.42265671491622925
gaussian,suffix,ian,gauss,True,freeroot,2.94,8.71e-07,0.4227025806903839
pacifist,suffix,ist,pacif,False,family,3.07,1.17e-06,0.4229024648666382
dumber,suffix,er,dumb,True,family,3.14,1.38e-06,0.42296552658081055
handsomest,suffix,est,handsome,True,family,2.25,1.78e-07,0.42296648025512695
enshrouded,prefix,en,shroud,True,freeroot,1.7,5.01e-08,0.42313554883003235
locus,suffix,us,loc,True,family,3.18,1.51e-06,0.42327573895454407
relevance,suffix,ance,relev,False,family,3.75,5.62e-06,0.4233289062976837
misspent,prefix,mis,spent,True,freeroot,2.11,1.29e-07,0.4234010875225067
weariness,suffix,ness,weary,True,family,2.63,4.27e-07,0.42347925901412964
soonest,suffix,est,soon,True,family,2.43,2.69e-07,0.42353299260139465
efficacy,suffix,y,efficac,False,family,3.68,4.79e-06,0.4236256778240204
honorary,suffix,ory,honor,True,family,3.66,4.57e-06,0.4238089621067047
inedible,prefix,im,edible,True,family,2.63,4.27e-07,0.4238927960395813
peppery,suffix,y,pepper,True,freeroot,2.36,2.29e-07,0.42396432161331177
copulation,suffix,ion,copulate,True,freeroot,2.54,3.47e-07,0.42399862408638
instantly,suffix,ly,instant,True,freeroot,4.23,1.7e-05,0.42405006289482117
glamorize,suffix,ize,glamour,True,family,1.81,6.46e-08,0.42405346035957336
hundredfold,suffix,fold,hundred,True,family,1.98,9.55e-08,0.42477887868881226
stinginess,suffix,ness,stingy,True,freeroot,1.76,5.75e-08,0.4248304069042206
rental,suffix,al,rent,True,family,4.1,1.26e-05,0.42485305666923523
animism,suffix,ism,anim,True,family,2.14,1.38e-07,0.4248841404914856
extremist,suffix,ist,extreme,True,family,3.46,2.88e-06,0.4249209463596344
controllable,suffix,able,control,True,family,2.93,8.51e-07,0.42501941323280334
alphabetic,suffix,ic,alphabet,True,family,2.48,3.02e-07,0.42502906918525696
reader,suffix,er,read,True,family,4.34,2.19e-05,0.42506739497184753
extract,prefix,ex,tract,True,family,4.02,1.05e-05,0.425072580575943
signature,suffix,ure,sign,True,family,4.25,1.78e-05,0.4250742793083191
sanitation,suffix,ion,sanit,True,family,3.57,3.72e-06,0.4250934422016144
appearance,suffix,ance,appear,True,family,4.69,4.9e-05,0.42509549856185913
cooler,suffix,er,cool,True,family,3.96,9.12e-06,0.4250994324684143
cohesiveness,suffix,ness,cohesive,True,family,2.34,2.19e-07,0.4251439869403839
dreamt,suffix,t,dream,True,family,3.33,2.14e-06,0.4251634180545807
sanctify,suffix,ify,sanct,False,family,2.37,2.34e-07,0.425202876329422
effervescence,suffix,ance,effervesce,False,family,2.1,1.26e-07,0.4252271354198456
outgrew,prefix,out,grew,True,freeroot,2.46,2.88e-07,0.4252423048019409
sagacity,suffix,ity,sagac,False,family,2.03,1.07e-07,0.4252651035785675
palatial,suffix,al,palace,True,freeroot,2.61,4.07e-07,0.4254080057144165
goalie,suffix,y,goal,True,freeroot,3.48,3.02e-06,0.4254470467567444
sedimentation,suffix,ion,sediment,True,family,2.66,4.57e-07,0.4254700541496277
interconnected,prefix,inter,connect,True,family,3.25,1.78e-06,0.42554572224617004
greyer,suffix,er,grey,True,family,1.91,8.13e-08,0.42555370926856995
overindulged,prefix,over,indulge,True,family,1.57,3.72e-08,0.4256336987018585
priestess,suffix,ess,priest,True,family,2.95,8.91e-07,0.4257933497428894
aggressive,suffix,ive,aggress,False,family,4.32,2.09e-05,0.42580538988113403
sailor,suffix,or,sail,True,freeroot,3.78,6.03e-06,0.42595794796943665
output,prefix,out,put,True,family,4.43,2.69e-05,0.42598360776901245
quiescent,suffix,ant,quiesce,False,family,2.35,2.24e-07,0.4261256754398346
afghani,suffix,i,afghan,True,freeroot,2.48,3.02e-07,0.4261798858642578
anticlimax,prefix,anti,climax,True,freeroot,2.04,1.1e-07,0.4262048602104187
reciprocate,suffix,ate,reciproc,False,family,2.78,6.03e-07,0.4263407588005066
elusive,suffix,ive,elude,True,freeroot,3.47,2.95e-06,0.42646321654319763
blunter,suffix,er,blunt,True,family,1.66,4.57e-08,0.4265924394130707
painless,suffix,less,pain,True,family,3.16,1.45e-06,0.42660966515541077
fortunate,suffix,ate,fortune,True,family,3.97,9.33e-06,0.42665979266166687
lubricate,suffix,ate,lubric,False,family,2.43,2.69e-07,0.4268287718296051
definite,suffix,ite,define,True,family,3.78,6.03e-06,0.42690280079841614
reliant,suffix,ant,rely,True,family,3.41,2.57e-06,0.42691463232040405
tenseness,suffix,ness,tense,True,family,1.55,3.55e-08,0.42701634764671326
ritzy,suffix,y,ritz,True,freeroot,2.23,1.7e-07,0.4271530210971832
motherhood,suffix,hood,mother,True,family,3.37,2.34e-06,0.42724689841270447
closest,suffix,est,close,True,family,4.21,1.62e-05,0.4273124039173126
lamest,suffix,est,lame,True,family,2.38,2.4e-07,0.4274680018424988
editor,suffix,or,edit,True,family,4.62,4.17e-05,0.42775148153305054
unneeded,prefix,un,need,True,family,2.64,4.37e-07,0.4278203248977661
tremendously,suffix,ly,tremendous,True,freeroot,3.41,2.57e-06,0.4278280735015869
refuel,prefix,re,fuel,True,freeroot,2.84,6.92e-07,0.4278762936592102
patroness,suffix,ess,patron,True,family,2.19,1.55e-07,0.42797166109085083
exemplify,suffix,ify,example,True,family,2.73,5.37e-07,0.42806121706962585
laconically,suffix,ly,laconic,True,freeroot,1.77,5.89e-08,0.42819562554359436
predestined,prefix,pre,destine,True,family,2.49,3.09e-07,0.42837125062942505
supplicating,suffix,ate,supplic,False,family,1.75,5.62e-08,0.428386926651001
hungriest,suffix,est,hungry,True,family,1.69,4.9e-08,0.42843377590179443
convalescent,suffix,ant,convalesce,True,family,2.6,3.98e-07,0.4284469485282898
crossbow,prefix,cross,bow,True,freeroot,3.05,1.12e-06,0.4287419021129608
proliferation,suffix,ion,proliferate,True,freeroot,3.61,4.07e-06,0.4288545250892639
ascertain,prefix,a,certain,True,family,3.29,1.95e-06,0.4288915693759918
essential,suffix,al,essence,True,freeroot,4.61,4.07e-05,0.4289665222167969
candidate,suffix,ate,candid,True,family,4.66,4.57e-05,0.42898449301719666
passively,suffix,ly,passive,True,family,3.01,1.02e-06,0.4289986789226532
delirious,suffix,ious,deliri,False,family,2.95,8.91e-07,0.4291149973869324
bugler,suffix,er,bugle,True,freeroot,2.25,1.78e-07,0.42916417121887207
anatomist,suffix,ist,anatom,False,family,2.22,1.66e-07,0.42929500341415405
vaguest,suffix,est,vague,True,family,2.07,1.17e-07,0.4293486177921295
voltage,suffix,age,volt,True,freeroot,4.02,1.05e-05,0.4293910562992096
densely,suffix,ly,dense,True,family,3.42,2.63e-06,0.42945408821105957
plainness,suffix,ness,plain,True,family,1.77,5.89e-08,0.42955854535102844
achievement,suffix,ment,achieve,True,family,4.36,2.29e-05,0.42965155839920044
counselor,suffix,or,counsel,True,freeroot,3.79,6.17e-06,0.4296986162662506
innocuously,suffix,ly,innocuous,True,freeroot,1.58,3.8e-08,0.4297570288181305
competent,suffix,ant,compete,True,family,3.92,8.32e-06,0.4298211634159088
approachable,suffix,able,approach,True,freeroot,2.91,8.13e-07,0.429823100566864
frivolity,suffix,ity,frivol,False,family,2.41,2.57e-07,0.42984631657600403
divorcee,suffix,ee,divorce,True,freeroot,2.48,3.02e-07,0.42985016107559204
grossest,suffix,est,gross,True,family,2.46,2.88e-07,0.42991212010383606
forgery,suffix,ory,forge,True,family,3.19,1.55e-06,0.4300610423088074
severest,suffix,est,severe,True,family,2.06,1.15e-07,0.4301559329032898
transmission,suffix,ion,transmit,True,family,4.33,2.14e-05,0.4303516745567322
written,suffix,en,write,True,family,5.09,0.000123,0.4303552210330963
uniquely,suffix,ly,unique,True,family,3.54,3.47e-06,0.4303666055202484
conveniently,suffix,ly,convenient,True,family,3.58,3.8e-06,0.43042710423469543
fielder,suffix,er,field,True,family,3.19,1.55e-06,0.4304642677307129
laziest,suffix,est,lazy,True,family,2.48,3.02e-07,0.43053779006004333
constrain,prefix,co,strain,True,family,2.82,6.61e-07,0.4305849075317383
maxima,suffix,a,maxim,True,family,2.97,9.33e-07,0.4305920898914337
eternally,suffix,ly,eternal,True,freeroot,3.26,1.82e-06,0.4306100308895111
disclaim,prefix,dis,claim,True,family,2.43,2.69e-07,0.4308474659919739
sexual,suffix,al,sex,True,family,4.82,6.61e-05,0.43091267347335815
deftness,suffix,ness,deft,True,family,1.79,6.17e-08,0.4309523403644562
jazzy,suffix,y,jazz,True,freeroot,3.0,1e-06,0.4309794306755066
flattest,suffix,est,flat,True,family,1.88,7.59e-08,0.4310195744037628
avaricious,suffix,ious,avarice,True,freeroot,2.04,1.1e-07,0.4311554729938507
reload,prefix,re,load,True,family,3.26,1.82e-06,0.4312030076980591
mesmerism,suffix,ism,mesmer,True,family,1.85,7.08e-08,0.4315200448036194
microscope,prefix,micro,scope,True,freeroot,3.5,3.16e-06,0.4315713942050934
rededicate,prefix,re,dedicate,True,family,1.79,6.17e-08,0.43197962641716003
bigotry,suffix,ory,bigot,True,freeroot,3.42,2.63e-06,0.4320049285888672
impeachable,suffix,able,impeach,True,family,2.31,2.04e-07,0.43209102749824524
nimbleness,suffix,ness,nimble,True,family,1.7,5.01e-08,0.432201087474823
algorithmic,suffix,ic,algorithm,True,freeroot,2.77,5.89e-07,0.43220803141593933
radiate,suffix,ate,radio,True,family,2.96,9.12e-07,0.4323488771915436
pilgrimage,suffix,age,pilgrim,True,freeroot,3.5,3.16e-06,0.4324641227722168
fervent,suffix,ant,ferv,False,family,3.04,1.1e-06,0.43258950114250183
atonement,suffix,ment,atone,True,freeroot,3.09,1.23e-06,0.43265262246131897
heritable,suffix,able,herit,False,family,2.48,3.02e-07,0.43271273374557495
medicinal,suffix,al,medicine,True,freeroot,3.53,3.39e-06,0.43287745118141174
thuggery,suffix,ory,thug,True,freeroot,2.17,1.48e-07,0.4329286217689514
transferee,suffix,ee,transfer,True,family,2.07,1.17e-07,0.4330024719238281
steadiness,suffix,ness,steady,True,family,2.26,1.82e-07,0.4330359697341919
beautify,suffix,ify,beauty,True,family,2.51,3.24e-07,0.4331948459148407
weakling,suffix,ling,weak,True,family,2.43,2.69e-07,0.4332118332386017
interrelate,prefix,inter,relate,True,family,1.67,4.68e-08,0.43322187662124634
excavator,suffix,or,excavate,True,family,2.7,5.01e-07,0.43336281180381775
freakish,suffix,ish,freak,True,family,2.55,3.55e-07,0.4335610866546631
sorriest,suffix,est,sorry,True,family,1.61,4.07e-08,0.433574378490448
awkwardly,suffix,ly,awkward,True,family,3.25,1.78e-06,0.4335997700691223
fragrance,suffix,ance,fragr,False,family,3.53,3.39e-06,0.43392413854599
fryer,suffix,er,fry,True,freeroot,2.99,9.77e-07,0.43393731117248535
sedimentary,suffix,ory,sediment,True,family,3.1,1.26e-06,0.43394067883491516
backslide,prefix,back,slide,True,freeroot,1.97,9.33e-08,0.43409594893455505
looseness,suffix,ness,loose,True,family,2.15,1.41e-07,0.43419748544692993
grossness,suffix,ness,gross,True,family,2.0,1e-07,0.4342122972011566
superhuman,prefix,super,human,True,family,3.11,1.29e-06,0.4342164397239685
substantive,suffix,ive,substance,True,family,3.41,2.57e-06,0.4342339336872101
prayerful,suffix,ful,prayer,True,freeroot,2.3,2e-07,0.4342360496520996
diffuse,prefix,di,fuse,True,family,3.28,1.91e-06,0.434319406747818
imagery,suffix,ory,image,True,freeroot,3.83,6.76e-06,0.4343857169151306
redefined,prefix,re,define,True,family,2.99,9.77e-07,0.4344104528427124
sullenly,suffix,ly,sullen,True,freeroot,1.75,5.62e-08,0.434474915266037
rapist,suffix,ist,rape,True,freeroot,3.62,4.17e-06,0.43472427129745483
idiotic,suffix,ic,idiot,True,freeroot,3.36,2.29e-06,0.43474462628364563
bloody,suffix,y,blood,True,family,4.28,1.91e-05,0.43486374616622925
blabber,suffix,er,blab,True,freeroot,2.0,1e-07,0.4349770247936249
temptress,suffix,ess,tempt,True,family,2.31,2.04e-07,0.435028076171875
legislator,suffix,or,legislate,True,family,3.2,1.58e-06,0.4350528419017792
blender,suffix,er,blend,True,freeroot,3.43,2.69e-06,0.43505337834358215
novelette,suffix,ette,novel,True,family,1.96,9.12e-08,0.43508702516555786
nihilist,suffix,ist,nihil,True,family,2.36,2.29e-07,0.43515631556510925
psychosis,suffix,sis,psycho,True,family,3.24,1.74e-06,0.4352007210254669
youthful,suffix,ful,youth,True,freeroot,3.58,3.8e-06,0.43527930974960327
overlong,prefix,over,long,True,family,2.13,1.35e-07,0.435286283493042
occupation,suffix,ion,occupy,True,family,4.2,1.58e-05,0.43536636233329773
tidily,suffix,ly,tidy,True,family,1.78,6.03e-08,0.4353746771812439
extinguisher,suffix,er,extinguish,True,freeroot,2.92,8.32e-07,0.4353926479816437
bridal,suffix,al,bride,True,freeroot,3.5,3.16e-06,0.435497909784317
smugly,suffix,ly,smug,True,family,2.39,2.45e-07,0.43550172448158264
stubbornly,suffix,ly,stubborn,True,family,2.92,8.32e-07,0.43554815649986267
healthy,suffix,y,health,True,family,4.8,6.31e-05,0.4355863332748413
purposeless,suffix,less,purpose,True,family,2.05,1.12e-07,0.4356048107147217
materialist,suffix,ist,material,True,family,2.61,4.07e-07,0.43581974506378174
indicator,suffix,or,indicate,True,family,3.92,8.32e-06,0.4359930157661438
lustrous,suffix,ious,luster,True,freeroot,2.66,4.57e-07,0.43604347109794617
wearisome,suffix,some,weary,True,family,1.98,9.55e-08,0.43608376383781433
vacate,suffix,ate,vacu,False,family,3.14,1.38e-06,0.43617451190948486
neatest,suffix,est,neat,True,family,2.1,1.26e-07,0.43628039956092834
laxity,suffix,ity,lax,True,family,2.22,1.66e-07,0.4363827407360077
sleazy,suffix,y,sleaze,True,freeroot,3.04,1.1e-06,0.4364314377307892
subcontract,prefix,sub,contract,True,family,2.32,2.09e-07,0.4364328682422638
forsake,prefix,fore,sake,True,freeroot,2.91,8.13e-07,0.43650519847869873
authoritative,suffix,ive,author,True,family,3.4,2.51e-06,0.43656501173973083
bloodless,suffix,less,blood,True,family,2.69,4.9e-07,0.43679553270339966
spicy,suffix,y,spice,True,freeroot,3.8,6.31e-06,0.4368875026702881
persuasive,suffix,ive,persuade,True,family,3.41,2.57e-06,0.4369128942489624
fluctuation,suffix,ion,fluctuate,True,freeroot,2.89,7.76e-07,0.4369978606700897
revalue,prefix,re,value,True,family,1.65,4.47e-08,0.43700146675109863
condenser,suffix,er,condense,True,family,2.86,7.24e-07,0.4370558261871338
solidly,suffix,ly,solid,True,family,3.15,1.41e-06,0.4371083080768585
forwardly,suffix,ly,forward,True,family,1.76,5.75e-08,0.4372420608997345
encase,prefix,en,case,True,family,2.09,1.23e-07,0.43739578127861023
drastically,suffix,ly,drastic,True,freeroot,3.65,4.47e-06,0.4375391900539398
commonest,suffix,est,common,True,family,2.38,2.4e-07,0.4375409185886383
monthly,suffix,ly,month,True,freeroot,4.5,3.16e-05,0.43757858872413635
grimmer,suffix,er,grimm,True,family,2.1,1.26e-07,0.437626451253891
ensure,prefix,en,sure,True,family,4.7,5.01e-05,0.43763434886932373
coarsest,suffix,est,coarse,True,family,1.53,3.39e-08,0.4376489520072937
portraiture,suffix,ure,portray,True,family,2.83,6.76e-07,0.43785998225212097
trickster,suffix,ster,trick,True,family,2.87,7.41e-07,0.4379844665527344
dramatic,suffix,ic,drama,True,family,4.41,2.57e-05,0.43800050020217896
storage,suffix,age,store,True,freeroot,4.57,3.72e-05,0.438048779964447
evangelist,suffix,ist,evangel,True,family,3.1,1.26e-06,0.4381607174873352
vagueness,suffix,ness,vague,True,family,2.58,3.8e-07,0.4381759464740753
hideousness,suffix,ness,hideous,True,family,1.56,3.63e-08,0.4382634162902832
bleaker,suffix,er,bleak,True,family,1.96,9.12e-08,0.43830251693725586
hugest,suffix,est,huge,True,family,2.06,1.15e-07,0.4383869767189026
overcooked,prefix,over,cook,True,family,2.67,4.68e-07,0.43840688467025757
union,suffix,ion,un,True,family,5.08,0.00012,0.4384494721889496
selfless,suffix,less,self,True,family,3.3,2e-06,0.43884173035621643
wielder,suffix,er,wield,True,freeroot,2.28,1.91e-07,0.4388572871685028
heroism,suffix,ism,hero,True,family,3.26,1.82e-06,0.43886685371398926
muscular,suffix,ar,muscle,True,family,3.67,4.68e-06,0.4388999044895172
sublimation,suffix,ion,sublimate,True,freeroot,2.51,3.24e-07,0.4389173686504364
publication,suffix,ion,public,True,family,4.45,2.82e-05,0.4390411078929901
magnetic,suffix,ic,magnet,True,family,4.17,1.48e-05,0.4391007721424103
rearrange,prefix,re,arrange,True,family,3.01,1.02e-06,0.43919944763183594
commando,suffix,o,command,True,family,3.31,2.04e-06,0.4392065107822418
washable,suffix,able,wash,True,family,2.61,4.07e-07,0.4392525255680084
persona,suffix,a,person,True,family,3.69,4.9e-06,0.4392707943916321
illustrative,suffix,ive,illustrate,True,family,3.02,1.05e-06,0.43958210945129395
hostess,suffix,ess,host,True,freeroot,3.35,2.24e-06,0.4396611750125885
experimental,suffix,al,experiment,True,family,4.28,1.91e-05,0.43969911336898804
velvety,suffix,y,velvet,True,freeroot,2.69,4.9e-07,0.4397066831588745
cavernous,suffix,ious,cavern,True,freeroot,2.75,5.62e-07,0.4397276043891907
untapped,prefix,un,tap,True,freeroot,2.94,8.71e-07,0.4397347867488861
taxable,suffix,able,tax,True,family,3.35,2.24e-06,0.4398457705974579
excusable,suffix,able,excuse,True,freeroot,2.45,2.82e-07,0.439872145652771
variable,suffix,able,vary,True,family,4.12,1.32e-05,0.43991440534591675
crooner,suffix,er,croon,True,freeroot,2.37,2.34e-07,0.439915269613266
pensively,suffix,ly,pensive,True,freeroot,1.79,6.17e-08,0.44002869725227356
rightly,suffix,ly,right,True,family,3.73,5.37e-06,0.44007888436317444
tourism,suffix,ism,tour,True,family,4.28,1.91e-05,0.4400908052921295
energetic,suffix,ic,energ,False,family,3.71,5.13e-06,0.4400944113731384
regent,suffix,ant,regi,True,family,3.45,2.82e-06,0.44012153148651123
advertise,suffix,ize,advert,True,freeroot,3.66,4.57e-06,0.44019418954849243
stranger,suffix,er,strange,True,family,4.28,1.91e-05,0.440279096364975
ancestral,suffix,al,ancestor,True,family,3.43,2.69e-06,0.44030672311782837
dearest,suffix,est,dear,True,family,3.42,2.63e-06,0.44042181968688965
intermarry,prefix,inter,marry,True,family,1.86,7.24e-08,0.44043469429016113
beloved,prefix,be,love,True,family,4.17,1.48e-05,0.4404717683792114
burglary,suffix,ory,burgle,True,family,3.44,2.75e-06,0.4404779374599457
alteration,suffix,ion,alter,True,freeroot,3.33,2.14e-06,0.44056546688079834
graver,suffix,er,grave,True,family,2.27,1.86e-07,0.4406505227088928
satirist,suffix,ist,satire,True,family,2.63,4.27e-07,0.4407244026660919
miserable,suffix,able,miser,True,family,4.07,1.17e-05,0.4407314360141754
corrosion,suffix,ion,corrode,True,family,3.48,3.02e-06,0.44077780842781067
postage,suffix,age,post,True,family,3.51,3.24e-06,0.4407779574394226
civility,suffix,ity,civil,True,family,3.03,1.07e-06,0.4408665597438812
swanky,suffix,y,swank,True,freeroot,2.65,4.47e-07,0.44086670875549316
romanticist,suffix,ist,romantic,True,family,1.67,4.68e-08,0.4409072697162628
dentist,suffix,ist,dent,True,family,3.86,7.24e-06,0.4410938024520874
fecundity,suffix,ity,fecund,True,freeroot,2.29,1.95e-07,0.44133275747299194
pedantic,suffix,ic,pedant,True,family,2.66,4.57e-07,0.4413698613643646
surer,suffix,er,sure,True,family,2.18,1.51e-07,0.4414496123790741
cogently,suffix,ly,cogent,True,freeroot,1.74,5.5e-08,0.44164374470710754
sagacious,suffix,ious,sagac,False,family,1.8,6.31e-08,0.44166117906570435
lonely,suffix,ly,lone,True,family,4.25,1.78e-05,0.44179248809814453
colorless,suffix,less,color,True,family,3.02,1.05e-06,0.441813200712204
advantageous,suffix,ious,advantage,True,family,3.33,2.14e-06,0.44181835651397705
litigation,suffix,ion,litigate,True,freeroot,3.93,8.51e-06,0.44189462065696716
ruggedness,suffix,ness,rugged,True,family,2.14,1.38e-07,0.4419534504413605
sanity,suffix,ity,sane,True,family,3.49,3.09e-06,0.44202569127082825
conspirator,suffix,or,conspire,True,family,2.79,6.17e-07,0.44206735491752625
earliest,suffix,est,early,True,family,4.09,1.23e-05,0.44210824370384216
reddish,suffix,ish,red,True,family,3.39,2.45e-06,0.44214004278182983
snobbery,suffix,ory,snob,True,family,2.53,3.39e-07,0.4422135651111603
loathsome,suffix,some,loath,True,freeroot,2.71,5.13e-07,0.4422566592693329
unhappy,prefix,un,happy,True,family,4.06,1.15e-05,0.4422694444656372
coarser,suffix,er,coarse,True,family,2.4,2.51e-07,0.4422723650932312
testicular,suffix,ar,testicle,True,freeroot,2.95,8.91e-07,0.44263213872909546
leakage,suffix,age,leak,True,family,3.24,1.74e-06,0.4427371919155121
crudely,suffix,ly,crude,True,family,2.72,5.25e-07,0.4427797198295593
politely,suffix,ly,polite,True,family,3.47,2.95e-06,0.44284525513648987
properly,suffix,ly,proper,True,family,4.64,4.37e-05,0.4428555965423584
fondness,suffix,ness,fond,True,family,3.14,1.38e-06,0.4429808557033539
sterner,suffix,er,sterno,True,family,2.34,2.19e-07,0.4430246949195862
sparser,suffix,er,sparse,True,family,1.84,6.92e-08,0.4430701434612274
connivance,suffix,ance,connive,True,freeroot,2.16,1.45e-07,0.44320982694625854
vindication,suffix,ion,vindicate,True,freeroot,2.93,8.51e-07,0.4432688057422638
crassness,suffix,ness,crass,True,family,1.57,3.72e-08,0.44336193799972534
dimmer,suffix,er,dim,True,family,2.67,4.68e-07,0.4434014856815338
soapy,suffix,y,soap,True,freeroot,2.75,5.62e-07,0.4434935748577118
discourage,prefix,dis,courage,True,family,3.57,3.72e-06,0.44349953532218933
shintoism,suffix,ism,shinto,True,freeroot,1.66,4.57e-08,0.443523645401001
substantial,suffix,al,substance,True,family,4.33,2.14e-05,0.44357872009277344
fixate,suffix,ate,fix,True,family,2.31,2.04e-07,0.4436773359775543
forceful,suffix,ful,force,True,family,3.24,1.74e-06,0.4436790347099304
sturdier,suffix,er,sturdy,True,family,2.39,2.45e-07,0.44374680519104004
subtlest,suffix,est,subtle,True,family,1.84,6.92e-08,0.44410690665245056
student,suffix,ant,stud,True,family,5.02,0.000105,0.4442012906074524
tenuously,suffix,ly,tenuous,True,freeroot,1.89,7.76e-08,0.4442322552204132
sexy,suffix,y,sex,True,family,4.42,2.63e-05,0.44426584243774414
specialty,suffix,ity,special,True,family,3.89,7.76e-06,0.4442758560180664
offhand,prefix,off,hand,True,family,2.63,4.27e-07,0.444614976644516
entangle,prefix,en,tangle,True,family,2.2,1.58e-07,0.44467365741729736
mccarthyism,suffix,ism,mccarthy,True,freeroot,2.48,3.02e-07,0.44468554854393005
lobbyist,suffix,ist,lobby,True,freeroot,3.1,1.26e-06,0.4446927607059479
illusion,suffix,ion,illus,True,family,3.94,8.71e-06,0.44470110535621643
closeness,suffix,ness,close,True,family,3.14,1.38e-06,0.44472044706344604
staunchest,suffix,est,staunch,True,family,2.12,1.32e-07,0.4448432922363281
precooked,prefix,pre,cook,True,family,1.91,8.13e-08,0.44486209750175476
sprayer,suffix,er,spray,True,freeroot,2.57,3.72e-07,0.44491326808929443
congruity,suffix,ity,congru,False,family,1.5,3.16e-08,0.44492030143737793
sexless,suffix,less,sex,True,family,2.31,2.04e-07,0.44492340087890625
copiously,suffix,ly,copious,True,freeroot,2.05,1.12e-07,0.44509610533714294
assassinate,suffix,ate,assassin,True,freeroot,3.2,1.58e-06,0.4452532231807709
prominent,suffix,ant,promin,False,family,4.33,2.14e-05,0.445330947637558
starlet,suffix,let,star,True,family,2.67,4.68e-07,0.4453491270542145
obliquely,suffix,ly,oblique,True,freeroot,2.7,5.01e-07,0.4454137682914734
horrible,suffix,able,horr,True,family,4.44,2.75e-05,0.4454333186149597
solemnity,suffix,ity,solemn,True,family,2.54,3.47e-07,0.44557589292526245
rescuer,suffix,er,rescue,True,freeroot,2.59,3.89e-07,0.4460453987121582
frankness,suffix,ness,frank,True,family,2.51,3.24e-07,0.4460723400115967
tenderly,suffix,ly,tender,True,family,2.78,6.03e-07,0.4461466372013092
greater,suffix,er,great,True,family,4.9,7.94e-05,0.44646310806274414
banker,suffix,er,bank,True,freeroot,3.78,6.03e-06,0.44651517271995544
outdid,prefix,out,did,True,family,2.41,2.57e-07,0.44654253125190735
foreshadow,prefix,fore,shadow,True,family,2.39,2.45e-07,0.44658949971199036
piglet,suffix,let,pig,True,family,2.82,6.61e-07,0.4467028081417084
faddish,suffix,ish,fad,True,freeroot,1.6,3.98e-08,0.4467383623123169
unsound,prefix,un,sound,True,family,2.72,5.25e-07,0.44677647948265076
cubism,suffix,ism,cube,True,family,2.4,2.51e-07,0.4468040466308594
really,suffix,y,real,True,family,5.97,0.000933,0.4468063414096832
conspiracy,suffix,acy,conspire,True,family,4.26,1.82e-05,0.4468996226787567
possessor,suffix,or,possess,True,family,2.58,3.8e-07,0.44692662358283997
improper,prefix,im,proper,True,family,3.58,3.8e-06,0.4469453692436218
profoundest,suffix,est,profound,True,family,1.61,4.07e-08,0.447018563747406
mucky,suffix,y,muck,True,freeroot,2.29,1.95e-07,0.4470210671424866
flatness,suffix,ness,flat,True,family,2.41,2.57e-07,0.44703617691993713
disconsolately,suffix,ly,disconsolate,True,freeroot,1.57,3.72e-08,0.44704073667526245
misty,suffix,y,mist,True,freeroot,3.39,2.45e-06,0.4470491409301758
stupider,suffix,er,stupid,True,family,2.49,3.09e-07,0.4471348524093628
stigmatize,suffix,ize,stigma,True,freeroot,2.22,1.66e-07,0.44714176654815674
aftershave,prefix,after,shave,True,family,2.56,3.63e-07,0.4474554657936096
registrar,suffix,ar,register,True,family,3.37,2.34e-06,0.44752463698387146
greener,suffix,er,green,True,family,3.24,1.74e-06,0.44763290882110596
thoughtful,suffix,ful,thought,True,family,3.83,6.76e-06,0.44766533374786377
priggish,suffix,ish,prig,True,freeroot,1.68,4.79e-08,0.4476754665374756
illegible,prefix,im,legible,True,family,2.55,3.55e-07,0.44773635268211365
stupidly,suffix,ly,stupid,True,family,2.98,9.55e-07,0.4478873312473297
exploratory,suffix,ory,explore,True,family,3.18,1.51e-06,0.4479142725467682
excavation,suffix,ion,excavate,True,family,3.46,2.88e-06,0.4479376971721649
riper,suffix,er,ripe,True,family,1.95,8.91e-08,0.4479401111602783
humanely,suffix,ly,humane,True,family,2.64,4.37e-07,0.4480134844779968
earnestness,suffix,ness,earnest,True,family,2.39,2.45e-07,0.4480550289154053
capacitance,suffix,ance,capacit,False,family,2.86,7.24e-07,0.4480552077293396
hellish,suffix,ish,hell,True,freeroot,2.92,8.32e-07,0.44806918501853943
information,suffix,ion,inform,True,family,5.43,0.000269,0.4481133222579956
apostolic,suffix,ic,apostle,True,freeroot,3.21,1.62e-06,0.44823023676872253
infield,prefix,in,field,True,family,3.01,1.02e-06,0.4482422173023224
explanation,suffix,ion,explain,True,family,4.44,2.75e-05,0.4483092725276947
torn,suffix,n,tore,True,freeroot,4.08,1.2e-05,0.4484332203865051
decision,suffix,ion,decide,True,family,5.09,0.000123,0.44861772656440735
vaccinate,suffix,ate,vaccine,True,freeroot,2.73,5.37e-07,0.44865986704826355
expensive,suffix,ive,expense,True,freeroot,4.69,4.9e-05,0.44868361949920654
genetics,suffix,ics,gen,True,family,3.84,6.92e-06,0.4487096667289734
ghostly,suffix,ly,ghost,True,freeroot,3.14,1.38e-06,0.4487432539463043
rainless,suffix,less,rain,True,family,1.57,3.72e-08,0.44877368211746216
fussy,suffix,y,fuss,True,freeroot,3.04,1.1e-06,0.4487999379634857
meaner,suffix,er,mean,True,family,2.66,4.57e-07,0.4488072395324707
optimum,suffix,ium,optim,False,family,3.54,3.47e-06,0.44881922006607056
oration,suffix,ion,orate,True,family,2.6,3.98e-07,0.44890016317367554
sharply,suffix,ly,sharp,True,family,3.89,7.76e-06,0.4489760398864746
pliable,suffix,able,ply,True,family,2.64,4.37e-07,0.44902169704437256
monotone,prefix,mono,tone,True,family,2.77,5.89e-07,0.4490985870361328
hypnotize,suffix,ize,hypn,False,family,2.54,3.47e-07,0.44914281368255615
minimize,suffix,ize,minim,True,family,3.8,6.31e-06,0.4491945207118988
concavity,suffix,ity,concave,True,freeroot,1.85,7.08e-08,0.44923219084739685
uphill,prefix,up,hill,True,family,3.38,2.4e-06,0.4493526816368103
tuneful,suffix,ful,tune,True,family,2.21,1.62e-07,0.4494066834449768
kidnapper,suffix,er,kidnap,True,freeroot,2.77,5.89e-07,0.4494756758213043
sanest,suffix,est,sane,True,family,1.83,6.76e-08,0.4495738446712494
pomeranian,suffix,n,pomerania,True,freeroot,2.58,3.8e-07,0.44960731267929077
solubility,suffix,ity,soluble,True,family,2.96,9.12e-07,0.44962167739868164
apocryphal,suffix,al,apocrypha,True,freeroot,2.66,4.57e-07,0.4496721923351288
specialist,suffix,ist,special,True,family,4.28,1.91e-05,0.44976845383644104
frenetically,suffix,ly,frenetic,True,freeroot,1.5,3.16e-08,0.4498697519302368
auntie,suffix,y,aunt,True,freeroot,3.3,2e-06,0.4499043822288513
occupier,suffix,er,occupy,True,family,2.58,3.8e-07,0.4499056041240692
excellence,suffix,ance,excel,True,family,4.07,1.17e-05,0.45007508993148804
buttery,suffix,y,butter,True,freeroot,2.91,8.13e-07,0.45008254051208496
literate,suffix,ate,litera,True,family,3.27,1.86e-06,0.45009174942970276
undamaged,prefix,un,damage,True,freeroot,2.8,6.31e-07,0.4501192271709442
fluffy,suffix,y,fluff,True,freeroot,3.59,3.89e-06,0.45022425055503845
achievable,suffix,able,achieve,True,family,3.21,1.62e-06,0.45024436712265015
juror,suffix,or,jur,True,family,3.13,1.35e-06,0.4503174126148224
spinner,suffix,er,spin,True,freeroot,3.36,2.29e-06,0.45035266876220703
militarism,suffix,ism,militar,True,family,2.78,6.03e-07,0.45041215419769287
defecation,suffix,ion,defecate,True,freeroot,2.51,3.24e-07,0.45041564106941223
amoral,prefix,a,moral,True,family,2.65,4.47e-07,0.4504445791244507
condescendingly,suffix,ly,condescend,True,family,2.18,1.51e-07,0.45051801204681396
uncommon,prefix,un,common,True,family,3.87,7.41e-06,0.4505470097064972
likable,suffix,able,like,True,family,2.96,9.12e-07,0.4505523443222046
baptism,suffix,ism,bapt,True,family,3.55,3.55e-06,0.45064055919647217
different,suffix,ant,differ,True,family,5.59,0.000389,0.450670063495636
gayest,suffix,est,gay,True,family,2.41,2.57e-07,0.4506973624229431
redid,prefix,re,did,True,family,2.29,1.95e-07,0.4506992995738983
emulsify,suffix,ify,emuls,False,family,1.73,5.37e-08,0.4507966935634613
bluntly,suffix,ly,blunt,True,family,3.07,1.17e-06,0.4509046673774719
innocence,suffix,ance,innoc,False,family,3.83,6.76e-06,0.45100659132003784
repentance,suffix,ance,repent,True,family,3.19,1.55e-06,0.4510650634765625
fiercely,suffix,ly,fierce,True,family,3.35,2.24e-06,0.4511817991733551
hotter,suffix,er,hot,True,family,3.6,3.98e-06,0.4512384235858917
colonist,suffix,ist,colon,True,family,2.53,3.39e-07,0.4512571692466736
upturn,prefix,up,turn,True,family,2.48,3.02e-07,0.45138558745384216
immature,prefix,im,mature,True,family,3.66,4.57e-06,0.45140403509140015
abrasive,suffix,ive,abrade,True,family,3.22,1.66e-06,0.4514753520488739
felony,suffix,y,felon,True,freeroot,3.77,5.89e-06,0.45161864161491394
eagerly,suffix,ly,eager,True,family,3.49,3.09e-06,0.4518178105354309
overeat,prefix,over,eat,True,family,2.3,2e-07,0.45182740688323975
launcher,suffix,er,launch,True,freeroot,3.37,2.34e-06,0.4520440399646759
gentler,suffix,er,gentle,True,family,2.87,7.41e-07,0.45205897092819214
smaller,suffix,er,small,True,family,4.8,6.31e-05,0.45216554403305054
sadness,suffix,ness,sad,True,family,3.88,7.59e-06,0.45229268074035645
conveyor,suffix,or,convey,True,family,3.28,1.91e-06,0.45231232047080994
burglar,suffix,ar,burgle,True,family,3.34,2.19e-06,0.4523453116416931
gleeful,suffix,ful,glee,True,freeroot,2.43,2.69e-07,0.4523726999759674
treatment,suffix,ment,treat,True,family,5.01,0.000102,0.4524140954017639
mixture,suffix,ure,mix,True,family,4.18,1.51e-05,0.4524650573730469
fragrant,suffix,ant,fragr,False,family,3.21,1.62e-06,0.45255938172340393
digestible,suffix,able,digest,True,family,2.68,4.79e-07,0.4525752067565918
election,suffix,ion,electr,False,family,5.08,0.00012,0.45258626341819763
peddler,suffix,er,peddle,True,freeroot,2.61,4.07e-07,0.452612966299057
sillier,suffix,er,silly,True,family,2.13,1.35e-07,0.4526866376399994
proven,suffix,en,prove,True,family,4.33,2.14e-05,0.4528931975364685
keenest,suffix,est,keen,True,family,2.11,1.29e-07,0.4529208838939667
loosen,suffix,en,loose,True,family,3.37,2.34e-06,0.4532441198825836
completeness,suffix,ness,complete,True,family,3.13,1.35e-06,0.45326095819473267
aggressor,suffix,or,aggress,False,family,3.01,1.02e-06,0.45329347252845764
ovum,suffix,ium,ov,True,family,2.39,2.45e-07,0.45330896973609924
undertone,prefix,under,tone,True,family,2.62,4.17e-07,0.45341095328330994
topical,suffix,al,topic,True,freeroot,3.45,2.82e-06,0.45345187187194824
lightness,suffix,ness,light,True,family,2.97,9.33e-07,0.4536260664463043
therapist,suffix,ist,therap,False,family,3.97,9.33e-06,0.4536568522453308
reputation,suffix,ion,repute,True,family,4.47,2.95e-05,0.4536648988723755
agreeable,suffix,able,agree,True,family,3.19,1.55e-06,0.45381593704223633
kingship,suffix,ship,king,True,family,2.75,5.62e-07,0.45385268330574036
anointment,suffix,ment,anoint,True,freeroot,1.6,3.98e-08,0.4538801610469818
outsmart,prefix,out,smart,True,family,2.67,4.68e-07,0.4539783298969269
botany,suffix,y,botan,True,family,3.38,2.4e-06,0.45413410663604736
stalinist,suffix,ist,stalin,True,freeroot,2.76,5.75e-07,0.45414552092552185
convulsive,suffix,ive,convulse,True,family,2.19,1.55e-07,0.45423242449760437
misdeed,prefix,mis,deed,True,freeroot,1.91,8.13e-08,0.45424214005470276
prettily,suffix,ly,pretty,True,family,2.15,1.41e-07,0.4542505145072937
womanhood,suffix,hood,woman,True,family,2.88,7.59e-07,0.4543922543525696
legitimate,suffix,ate,legitim,False,family,4.22,1.66e-05,0.45445576310157776
usurpation,suffix,ion,usurp,True,family,2.33,2.14e-07,0.4544559121131897
bizarrely,suffix,ly,bizarre,True,freeroot,2.66,4.57e-07,0.45450738072395325
dimmest,suffix,est,dim,True,family,1.75,5.62e-08,0.45454972982406616
thinner,suffix,er,thin,True,family,3.56,3.63e-06,0.4545954465866089
neater,suffix,er,neat,True,family,2.37,2.34e-07,0.45464685559272766
silently,suffix,ly,silent,True,freeroot,3.58,3.8e-06,0.45468270778656006
crystalline,suffix,ine,crystal,True,family,3.24,1.74e-06,0.4550248384475708
fertilize,suffix,ize,fertile,True,family,2.61,4.07e-07,0.45527270436286926
calmer,suffix,er,calm,True,family,3.05,1.12e-06,0.45531216263771057
duckling,suffix,ling,duck,True,freeroot,2.66,4.57e-07,0.4553229808807373
gracious,suffix,ious,grace,True,family,3.59,3.89e-06,0.4555298686027527
ornamentation,suffix,ion,ornament,True,family,2.77,5.89e-07,0.45561879873275757
dampen,suffix,en,damp,True,family,2.81,6.46e-07,0.4556254744529724
imagination,suffix,ion,imagine,True,family,4.22,1.66e-05,0.4557191729545593
decoration,suffix,ion,decor,True,family,3.82,6.61e-06,0.4557308256626129
sooty,suffix,y,soot,True,freeroot,2.51,3.24e-07,0.4557346701622009
tactful,suffix,ful,tact,True,family,2.59,3.89e-07,0.4557775557041168
respectful,suffix,ful,respect,True,family,3.71,5.13e-06,0.45594218373298645
desolation,suffix,ion,desolate,True,freeroot,3.03,1.07e-06,0.45609211921691895
quickness,suffix,ness,quick,True,family,2.83,6.76e-07,0.4560927450656891
undereducated,prefix,under,educate,True,family,1.7,5.01e-08,0.4561181664466858
cleaner,suffix,er,clean,True,family,3.9,7.94e-06,0.4561477303504944
exorcise,suffix,ize,exorc,False,family,2.41,2.57e-07,0.456167072057724
moister,suffix,er,moist,True,family,1.86,7.24e-08,0.45617741346359253
subcutaneous,prefix,sub,cutaneous,True,freeroot,2.83,6.76e-07,0.4562559127807617
sweetly,suffix,ly,sweet,True,family,3.01,1.02e-06,0.45634254813194275
richly,suffix,ly,rich,True,family,3.27,1.86e-06,0.45637568831443787
sacredness,suffix,ness,sacro,True,family,2.22,1.66e-07,0.45651230216026306
beside,prefix,be,side,True,family,4.19,1.55e-05,0.45667627453804016
outdone,prefix,out,done,True,family,2.8,6.31e-07,0.4568759799003601
fissionable,suffix,able,fission,True,freeroot,1.77,5.89e-08,0.45708101987838745
quotable,suffix,able,quote,True,family,2.47,2.95e-07,0.45708996057510376
invocation,suffix,ion,invoke,True,freeroot,2.91,8.13e-07,0.4573139548301697
repentant,suffix,ant,repent,True,family,2.49,3.09e-07,0.4574291706085205
lyricist,suffix,ist,lyric,True,family,2.84,6.92e-07,0.45746490359306335
joyless,suffix,less,joy,True,family,2.34,2.19e-07,0.45751065015792847
busiest,suffix,est,busy,True,family,3.42,2.63e-06,0.4575698673725128
safely,suffix,ly,safe,True,family,4.22,1.66e-05,0.45768705010414124
outwit,prefix,out,wit,True,family,2.48,3.02e-07,0.45777708292007446
semitic,suffix,ic,semite,True,freeroot,3.58,3.8e-06,0.45779940485954285
quieter,suffix,er,quiet,True,family,3.34,2.19e-06,0.45784953236579895
wealthy,suffix,y,wealth,True,freeroot,4.21,1.62e-05,0.4578760266304016
hereditary,suffix,ory,herit,False,family,3.49,3.09e-06,0.4578896164894104
sparseness,suffix,ness,sparse,True,family,1.64,4.37e-08,0.45792534947395325
prominence,suffix,ance,promin,False,family,3.54,3.47e-06,0.457931786775589
cannibalism,suffix,ism,cannibal,True,family,3.01,1.02e-06,0.4579581022262573
finest,suffix,est,fine,True,family,4.15,1.41e-05,0.4580273926258087
cleverly,suffix,ly,clever,True,family,3.18,1.51e-06,0.45830148458480835
contrition,suffix,ion,contrite,True,freeroot,2.62,4.17e-07,0.4583897292613983
sceptical,suffix,al,sceptic,True,family,3.09,1.23e-06,0.45840099453926086
overeager,prefix,over,eager,True,family,1.88,7.59e-08,0.458624929189682
clumsier,suffix,er,clumsy,True,family,1.58,3.8e-08,0.4586750268936157
historic,suffix,ic,history,True,family,4.49,3.09e-05,0.45870241522789
witless,suffix,less,wit,True,family,2.32,2.09e-07,0.45876091718673706
humblest,suffix,est,humble,True,family,2.19,1.55e-07,0.4587855637073517
seriously,suffix,ly,serious,True,family,4.94,8.71e-05,0.4587930142879486
insincere,prefix,im,sincere,True,family,2.66,4.57e-07,0.45897772908210754
rashness,suffix,ness,rash,True,family,1.82,6.61e-08,0.45905083417892456
inhumane,prefix,im,humane,True,family,3.14,1.38e-06,0.4592685401439667
endless,suffix,less,end,True,family,4.18,1.51e-05,0.45928508043289185
indiscipline,prefix,im,discipline,True,family,2.19,1.55e-07,0.45929375290870667
uneducated,prefix,un,educate,True,family,3.24,1.74e-06,0.4593939781188965
intertwine,prefix,inter,twine,True,family,2.28,1.91e-07,0.45949286222457886
explode,prefix,ex,plode,False,family,3.8,6.31e-06,0.45961079001426697
strategic,suffix,ic,strateg,False,family,4.43,2.69e-05,0.45964673161506653
shallowness,suffix,ness,shallow,True,family,2.19,1.55e-07,0.45966634154319763
dynasty,suffix,y,dynast,True,family,3.87,7.41e-06,0.45974835753440857
communist,suffix,ist,commune,True,family,4.32,2.09e-05,0.4597852826118469
fairest,suffix,est,fair,True,family,3.09,1.23e-06,0.45984476804733276
scraper,suffix,er,scrape,True,freeroot,2.76,5.75e-07,0.45988035202026367
magical,suffix,al,magic,True,family,4.22,1.66e-05,0.4599650204181671
anecdotal,suffix,al,anecdote,True,freeroot,3.17,1.48e-06,0.459972083568573
attraction,suffix,ion,attract,True,family,4.11,1.29e-05,0.46007198095321655
loosest,suffix,est,loose,True,family,1.95,8.91e-08,0.46007394790649414
leguminous,suffix,ious,legume,True,freeroot,1.76,5.75e-08,0.46020615100860596
gunner,suffix,er,gun,True,family,3.31,2.04e-06,0.4602113664150238
examination,suffix,ion,examine,True,family,4.26,1.82e-05,0.46042001247406006
vicarage,suffix,age,vicar,True,freeroot,2.7,5.01e-07,0.4605330228805542
illicitly,suffix,ly,illicit,True,freeroot,2.15,1.41e-07,0.46060240268707275
fondest,suffix,est,fond,True,family,2.54,3.47e-07,0.46061959862709045
opportunist,suffix,ist,opportune,True,family,2.77,5.89e-07,0.4606465995311737
vitality,suffix,ity,vital,True,family,3.41,2.57e-06,0.46065306663513184
transform,prefix,trans,form,True,family,4.04,1.1e-05,0.46074753999710083
inoculation,suffix,ion,inoculate,True,freeroot,2.66,4.57e-07,0.46078020334243774
falsity,suffix,ity,false,True,family,2.32,2.09e-07,0.4608113169670105
fermentation,suffix,ion,ferment,True,freeroot,3.3,2e-06,0.46084892749786377
treasonous,suffix,ious,treason,True,family,2.68,4.79e-07,0.4609125256538391
wickedness,suffix,ness,wicked,True,family,2.93,8.51e-07,0.461193323135376
thinness,suffix,ness,thin,True,family,2.39,2.45e-07,0.4614814817905426
weedy,suffix,y,weed,True,freeroot,2.37,2.34e-07,0.4615115821361542
discolored,prefix,dis,color,True,family,2.49,3.09e-07,0.4616946578025818
lovable,suffix,able,love,True,family,3.23,1.7e-06,0.46190354228019714
strictness,suffix,ness,strict,True,family,2.2,1.58e-07,0.4620043635368347
terminus,suffix,us,termin,False,family,3.18,1.51e-06,0.46255987882614136
dullest,suffix,est,dull,True,family,2.2,1.58e-07,0.4626595973968506
education,suffix,ion,educate,True,family,5.28,0.000191,0.46273601055145264
flirtation,suffix,ion,flirt,True,family,2.74,5.5e-07,0.4627649486064911
uninterested,prefix,un,interest,True,family,3.02,1.05e-06,0.46277788281440735
fibrosis,suffix,sis,fiber,True,family,3.19,1.55e-06,0.46286043524742126
overexcited,prefix,over,excite,True,family,2.36,2.29e-07,0.462958425283432
phallus,suffix,us,phallo,False,family,2.52,3.31e-07,0.4629800319671631
awkwardness,suffix,ness,awkward,True,family,3.0,1e-06,0.462993860244751
futurism,suffix,ism,future,True,family,2.47,2.95e-07,0.46300777792930603
argument,suffix,ment,argue,True,family,4.64,4.37e-05,0.4631604850292206
nihilism,suffix,ism,nihil,True,family,2.74,5.5e-07,0.4631991386413574
egoism,suffix,ism,ego,True,family,2.38,2.4e-07,0.4632088243961334
buffoonery,suffix,ory,buffoon,True,freeroot,2.17,1.48e-07,0.46349942684173584
tidal,suffix,al,tide,True,freeroot,3.7,5.01e-06,0.46353256702423096
masher,suffix,er,mash,True,freeroot,2.2,1.58e-07,0.46354275941848755
blackest,suffix,est,black,True,family,2.69,4.9e-07,0.4636957049369812
unwise,prefix,un,wise,True,family,3.09,1.23e-06,0.4637294411659241
virtuous,suffix,ious,virtue,True,freeroot,3.23,1.7e-06,0.463945597410202
spontaneous,suffix,ious,spontane,False,family,3.71,5.13e-06,0.4639759659767151
intermingle,prefix,inter,mingle,True,family,2.1,1.26e-07,0.4641662836074829
aridity,suffix,ity,arid,True,freeroot,1.97,9.33e-08,0.46430426836013794
omission,suffix,ion,omit,True,freeroot,3.3,2e-06,0.4643416702747345
icy,suffix,y,ice,True,freeroot,3.54,3.47e-06,0.46439942717552185
crisper,suffix,er,crisp,True,family,2.27,1.86e-07,0.46449288725852966
detectable,suffix,able,detect,True,family,3.04,1.1e-06,0.46452581882476807
inconvenient,prefix,im,convenient,True,family,3.47,2.95e-06,0.46461713314056396
informant,suffix,ant,inform,True,family,3.33,2.14e-06,0.4647723436355591
cuter,suffix,er,cute,True,family,2.93,8.51e-07,0.4648468792438507
freely,suffix,ly,free,True,family,4.07,1.17e-05,0.4648697078227997
laziness,suffix,ness,lazy,True,family,3.17,1.48e-06,0.46488770842552185
analogy,suffix,y,analog,True,family,3.71,5.13e-06,0.464910089969635
sadly,suffix,ly,sad,True,family,4.18,1.51e-05,0.46493345499038696
evangelize,suffix,ize,evangel,True,family,2.27,1.86e-07,0.4650026261806488
distinctness,suffix,ness,distinct,True,family,1.76,5.75e-08,0.46500974893569946
woven,suffix,en,wove,True,freeroot,3.56,3.63e-06,0.4651249647140503
blissful,suffix,ful,bliss,True,freeroot,3.0,1e-06,0.46525678038597107
overstate,prefix,over,state,True,family,2.67,4.68e-07,0.4652623236179352
hazardous,suffix,ious,hazard,True,freeroot,3.71,5.13e-06,0.4653097987174988
effervescent,suffix,ant,effervesce,False,family,2.51,3.24e-07,0.46535420417785645
unfixed,prefix,un,fix,True,family,2.05,1.12e-07,0.4654462933540344
adoptive,suffix,ive,adopt,True,family,3.22,1.66e-06,0.4654887020587921
demurely,suffix,ly,demure,True,freeroot,1.79,6.17e-08,0.46552574634552
severity,suffix,ity,severe,True,family,3.71,5.13e-06,0.465566486120224
fizzy,suffix,y,fizz,True,freeroot,2.82,6.61e-07,0.46562257409095764
forger,suffix,er,forge,True,family,2.51,3.24e-07,0.46562460064888
lordship,suffix,ship,lord,True,family,3.29,1.95e-06,0.46563470363616943
sanitary,suffix,ory,sanit,True,family,3.37,2.34e-06,0.46566030383110046
chalky,suffix,y,chalk,True,freeroot,2.68,4.79e-07,0.4656990170478821
zodiacal,suffix,al,zodiac,True,freeroot,2.05,1.12e-07,0.465699702501297
coexist,prefix,co,exist,True,family,3.04,1.1e-06,0.46577486395835876
methodism,suffix,ism,method,True,family,2.5,3.16e-07,0.465963214635849
recruiter,suffix,er,recruit,True,family,3.26,1.82e-06,0.4659866392612457
downgrade,prefix,down,grade,True,family,3.23,1.7e-06,0.466030091047287
foulest,suffix,est,foul,True,family,1.96,9.12e-08,0.46611282229423523
connection,suffix,ion,connect,True,family,4.76,5.75e-05,0.46614429354667664
daintily,suffix,ly,dainty,True,freeroot,1.85,7.08e-08,0.4662444591522217
deviance,suffix,ance,devi,True,family,2.45,2.82e-07,0.4663866460323334
characteristic,suffix,ic,character,True,family,3.97,9.33e-06,0.4664403796195984
vaulter,suffix,er,vault,True,freeroot,2.13,1.35e-07,0.4664789140224457
smoothly,suffix,ly,smooth,True,family,3.68,4.79e-06,0.46654003858566284
arguable,suffix,able,argue,True,family,2.66,4.57e-07,0.46654829382896423
insoluble,prefix,im,soluble,True,family,2.83,6.76e-07,0.4666626751422882
scrutinize,suffix,ize,scrutin,False,family,2.76,5.75e-07,0.4667496681213379
poshest,suffix,est,posh,True,family,1.6,3.98e-08,0.46685320138931274
inanity,suffix,ity,inane,True,freeroot,1.95,8.91e-08,0.4669169485569
entrepreneurial,suffix,al,entrepreneur,True,freeroot,3.4,2.51e-06,0.4670688211917877
dullness,suffix,ness,dull,True,family,2.38,2.4e-07,0.46715614199638367
audacious,suffix,ious,audac,False,family,2.95,8.91e-07,0.4672412574291229
seventy,suffix,ity,seven,True,family,3.78,6.03e-06,0.46732011437416077
necessary,suffix,ory,necess,False,family,4.91,8.13e-05,0.4673517644405365
queasiness,suffix,ness,queasy,True,freeroot,1.64,4.37e-08,0.4675634205341339
whiter,suffix,er,white,True,family,2.93,8.51e-07,0.4676536023616791
recharge,prefix,re,charge,True,family,3.4,2.51e-06,0.4679076373577118
unpaved,prefix,un,pave,True,family,2.44,2.75e-07,0.4683321714401245
warmer,suffix,er,warm,True,family,3.76,5.75e-06,0.46853384375572205
faintest,suffix,est,faint,True,family,2.75,5.62e-07,0.46858128905296326
devalue,prefix,de,value,True,family,2.65,4.47e-07,0.4686625599861145
manually,suffix,y,manual,True,freeroot,3.7,5.01e-06,0.4687669277191162
educator,suffix,or,educate,True,family,3.55,3.55e-06,0.4687839150428772
coquettish,suffix,ish,coquette,True,freeroot,2.03,1.07e-07,0.4687882363796234
alkali,suffix,i,alkal,False,family,2.94,8.71e-07,0.4689485728740692
distally,suffix,ly,distal,True,freeroot,2.16,1.45e-07,0.46912673115730286
outboard,prefix,out,board,True,family,2.86,7.24e-07,0.46915003657341003
uncluttered,prefix,un,clutter,True,freeroot,2.2,1.58e-07,0.46943411231040955
reprint,prefix,re,print,True,family,3.39,2.45e-06,0.46944087743759155
hedonistic,suffix,ic,hedonist,True,freeroot,2.58,3.8e-07,0.46954843401908875
humanness,suffix,ness,human,True,family,1.94,8.71e-08,0.469630628824234
nuclei,suffix,i,nucleo,True,family,3.19,1.55e-06,0.46964961290359497
scarcity,suffix,ity,scarce,True,family,3.37,2.34e-06,0.4697354733943939
unreleased,prefix,un,release,True,freeroot,3.24,1.74e-06,0.46978503465652466
purify,suffix,ify,pure,True,family,3.06,1.15e-06,0.46979808807373047
honesty,suffix,y,honest,True,family,3.99,9.77e-06,0.46993786096572876
paunchy,suffix,y,paunch,True,freeroot,1.66,4.57e-08,0.4699397385120392
rigorous,suffix,ious,rigor,True,freeroot,3.68,4.79e-06,0.4701187014579773
odder,suffix,er,odd,True,family,2.1,1.26e-07,0.47013986110687256
tenderest,suffix,est,tender,True,family,1.7,5.01e-08,0.47033238410949707
redder,suffix,er,red,True,family,2.44,2.75e-07,0.470343679189682
correction,suffix,ion,correct,True,family,3.95,8.91e-06,0.470374196767807
absurdity,suffix,ity,absurd,True,family,3.21,1.62e-06,0.47052115201950073
slicker,suffix,er,slick,True,family,2.46,2.88e-07,0.4705258309841156
acceptance,suffix,ance,accept,True,family,4.16,1.45e-05,0.4705955684185028
prolifically,suffix,ly,prolific,True,freeroot,2.03,1.07e-07,0.4706958532333374
readable,suffix,able,read,True,family,3.29,1.95e-06,0.4708079695701599
frugally,suffix,ly,frugal,True,family,2.1,1.26e-07,0.4708918035030365
fitter,suffix,er,fit,True,family,3.01,1.02e-06,0.4709247052669525
realist,suffix,ist,real,True,family,3.26,1.82e-06,0.47096121311187744
pedantry,suffix,ory,pedant,True,family,2.29,1.95e-07,0.47107192873954773
bitchy,suffix,y,bitch,True,freeroot,3.08,1.2e-06,0.47133374214172363
balloonist,suffix,ist,balloon,True,freeroot,1.63,4.27e-08,0.4713717997074127
carbonate,suffix,ate,carbon,True,family,3.22,1.66e-06,0.4714347720146179
ignoble,prefix,im,noble,True,family,2.24,1.74e-07,0.4717942774295807
ornamental,suffix,al,ornament,True,family,3.34,2.19e-06,0.471950501203537
goofy,suffix,y,goof,True,freeroot,3.57,3.72e-06,0.4723009765148163
painful,suffix,ful,pain,True,family,4.32,2.09e-05,0.4723297357559204
recruitment,suffix,ment,recruit,True,family,4.0,1e-05,0.47234290838241577
westward,suffix,ward,west,True,family,3.35,2.24e-06,0.47234296798706055
accidental,suffix,al,accident,True,freeroot,3.82,6.61e-06,0.4723643958568573
inefficiency,prefix,im,efficiency,True,freeroot,2.89,7.76e-07,0.4723682105541229
procedure,suffix,ure,proceed,True,freeroot,4.44,2.75e-05,0.4724586308002472
urinate,suffix,ate,urine,True,family,2.81,6.46e-07,0.4729444980621338
affiliation,suffix,ion,affiliate,True,freeroot,3.63,4.27e-06,0.4729861915111542
itchy,suffix,y,itch,True,freeroot,3.34,2.19e-06,0.47303324937820435
overshoot,prefix,over,shoot,True,family,2.52,3.31e-07,0.473130464553833
legalize,suffix,ize,legal,True,family,3.26,1.82e-06,0.4731426239013672
payable,suffix,able,pay,True,family,3.5,3.16e-06,0.47334611415863037
swifter,suffix,er,swift,True,family,2.23,1.7e-07,0.47339752316474915
soundness,suffix,ness,sound,True,family,2.56,3.63e-07,0.47342056035995483
accordance,suffix,ance,accord,True,family,4.13,1.35e-05,0.4734879434108734
swiftly,suffix,ly,swift,True,family,3.54,3.47e-06,0.473609983921051
correlate,prefix,co,relate,True,family,3.2,1.58e-06,0.47373148798942566
ducal,suffix,al,duke,True,family,2.39,2.45e-07,0.4738484025001526
overdone,prefix,over,done,True,family,2.82,6.61e-07,0.4738490581512451
freshen,suffix,en,fresh,True,family,2.85,7.08e-07,0.4739784300327301
reread,prefix,re,read,True,family,3.0,1e-06,0.47401320934295654
militarist,suffix,ist,militar,True,family,2.22,1.66e-07,0.47403261065483093
tasteless,suffix,less,taste,True,family,3.03,1.07e-06,0.47444698214530945
establishment,suffix,ment,establish,True,family,4.42,2.63e-05,0.4746379554271698
unstable,prefix,un,stable,True,family,3.87,7.41e-06,0.47466060519218445
dangerous,suffix,ious,danger,True,family,4.79,6.17e-05,0.4746740162372589
mammalian,suffix,ian,mammal,True,freeroot,3.19,1.55e-06,0.47471824288368225
fidgety,suffix,y,fidget,True,freeroot,2.3,2e-07,0.4747655391693115
agreement,suffix,ment,agree,True,family,4.88,7.59e-05,0.47477826476097107
antagonize,suffix,ize,antagon,False,family,2.58,3.8e-07,0.4748848080635071
fluky,suffix,y,fluke,True,freeroot,1.6,3.98e-08,0.47492581605911255
tasty,suffix,y,taste,True,family,3.84,6.92e-06,0.47493109107017517
danubian,suffix,ian,danube,True,freeroot,1.93,8.51e-08,0.4749373197555542
user,suffix,er,use,True,family,4.69,4.9e-05,0.47505661845207214
crappy,suffix,y,crap,True,freeroot,3.5,3.16e-06,0.4751180112361908
splotchy,suffix,y,splotch,True,freeroot,1.66,4.57e-08,0.4751937985420227
detector,suffix,or,detect,True,family,3.71,5.13e-06,0.47531408071517944
falsehood,suffix,hood,false,True,family,2.92,8.32e-07,0.47540605068206787
longest,suffix,est,long,True,family,4.22,1.66e-05,0.47570687532424927
maddest,suffix,est,mad,True,family,2.02,1.05e-07,0.4757198989391327
surcharge,prefix,sur,charge,True,family,3.12,1.32e-06,0.4757310748100281
wisely,suffix,ly,wise,True,family,3.62,4.17e-06,0.4757574796676636
inundation,suffix,ion,inundate,True,freeroot,2.46,2.88e-07,0.4757634401321411
indicative,suffix,ive,indicate,True,family,3.57,3.72e-06,0.47600477933883667
neurosis,suffix,sis,neuro,True,family,2.57,3.72e-07,0.47602078318595886
freer,suffix,er,free,True,family,2.99,9.77e-07,0.4760906994342804
vilification,suffix,ion,vilify,True,freeroot,2.26,1.82e-07,0.47613874077796936
greyish,suffix,ish,grey,True,family,2.65,4.47e-07,0.47616833448410034
ventilator,suffix,or,ventilate,True,family,2.97,9.33e-07,0.4761728048324585
implode,prefix,in,plode,False,family,2.7,5.01e-07,0.4761829674243927
softly,suffix,ly,soft,True,family,3.77,5.89e-06,0.47620001435279846
passivity,suffix,ity,passive,True,family,2.6,3.98e-07,0.476426899433136
frugality,suffix,ity,frugal,True,family,2.52,3.31e-07,0.4764842391014099
offshore,prefix,off,shore,True,family,3.91,8.13e-06,0.47655385732650757
languorous,suffix,ious,languor,True,freeroot,1.9,7.94e-08,0.4765593707561493
apologetic,suffix,ic,apolog,False,family,2.99,9.77e-07,0.47670474648475647
interpretable,suffix,able,interpret,True,family,1.94,8.71e-08,0.4768982529640198
salinity,suffix,ity,saline,True,freeroot,2.96,9.12e-07,0.47700923681259155
healthful,suffix,ful,health,True,family,2.8,6.31e-07,0.4770475924015045
clownish,suffix,ish,clown,True,freeroot,1.99,9.77e-08,0.47707897424697876
peculiarity,suffix,ity,peculiar,True,family,2.5,3.16e-07,0.47709202766418457
pacifism,suffix,ism,pacif,False,family,2.65,4.47e-07,0.4770924150943756
empiricist,suffix,ist,empiric,True,family,1.97,9.33e-08,0.47713837027549744
sovereignty,suffix,ity,sovereign,True,freeroot,3.86,7.24e-06,0.47717148065567017
unanimous,suffix,ious,unanim,False,family,3.68,4.79e-06,0.4772038161754608
microbial,suffix,al,microbe,True,freeroot,3.33,2.14e-06,0.47721028327941895
nominate,suffix,ate,nomin,False,family,3.57,3.72e-06,0.47721612453460693
forgiveness,suffix,ness,forgive,True,family,3.87,7.41e-06,0.47725388407707214
sunken,suffix,en,sunk,True,freeroot,3.26,1.82e-06,0.47730112075805664
alcoholic,suffix,ic,alcohol,True,family,3.91,8.13e-06,0.477364182472229
mortgagee,suffix,ee,mortgage,True,family,2.06,1.15e-07,0.4773772060871124
orphanage,suffix,age,orphan,True,freeroot,3.38,2.4e-06,0.477404922246933
density,suffix,ity,dense,True,family,4.33,2.14e-05,0.47747740149497986
intellectual,suffix,al,intellect,True,freeroot,4.3,2e-05,0.47760209441185
literary,suffix,ory,litera,True,family,4.31,2.04e-05,0.4777096211910248
furious,suffix,ious,fury,True,freeroot,3.98,9.55e-06,0.47775372862815857
corrosive,suffix,ive,corrode,True,family,3.11,1.29e-06,0.47780516743659973
amplify,suffix,ify,ample,True,family,3.16,1.45e-06,0.4778172969818115
viciousness,suffix,ness,vicious,True,family,2.25,1.78e-07,0.4778739809989929
uncounted,prefix,un,count,True,family,2.17,1.48e-07,0.4779841899871826
woken,suffix,en,woke,True,family,3.37,2.34e-06,0.4780186116695404
registry,suffix,y,register,True,family,3.77,5.89e-06,0.47807568311691284
vision,suffix,ion,vis,True,family,4.63,4.27e-05,0.4781215190887451
darwinism,suffix,ism,darwin,True,freeroot,2.73,5.37e-07,0.47820326685905457
national,suffix,al,nation,True,freeroot,5.51,0.000324,0.4782191216945648
clarinettist,suffix,ist,clarinet,True,freeroot,1.55,3.55e-08,0.47826531529426575
missionary,suffix,ory,mission,True,freeroot,3.83,6.76e-06,0.47833743691444397
hazy,suffix,y,haze,True,freeroot,3.14,1.38e-06,0.47838351130485535
deployment,suffix,ment,deploy,True,family,3.91,8.13e-06,0.4784627854824066
disloyal,prefix,dis,loyal,True,family,2.84,6.92e-07,0.47874027490615845
climber,suffix,er,climb,True,freeroot,3.17,1.48e-06,0.47875890135765076
plainer,suffix,er,plain,True,family,2.2,1.58e-07,0.47880467772483826
clinical,suffix,al,clinic,True,freeroot,4.51,3.24e-05,0.47887566685676575
incorrect,prefix,im,correct,True,family,3.94,8.71e-06,0.4788859784603119
continuous,suffix,ious,continue,True,family,4.21,1.62e-05,0.4789639115333557
methodist,suffix,ist,method,True,family,3.65,4.47e-06,0.47897467017173767
reexamine,prefix,re,examine,True,family,2.35,2.24e-07,0.4790319502353668
lesbianism,suffix,ism,lesbian,True,freeroot,2.45,2.82e-07,0.4791124761104584
inelastic,prefix,im,elastic,True,family,2.4,2.51e-07,0.47919437289237976
unkind,prefix,un,kind,True,family,2.99,9.77e-07,0.47963178157806396
shorter,suffix,er,short,True,family,4.22,1.66e-05,0.479987233877182
cruelly,suffix,ly,cruel,True,family,2.95,8.91e-07,0.48018550872802734
follicular,suffix,ar,follicle,True,freeroot,2.51,3.24e-07,0.48022469878196716
putter,suffix,er,putt,True,freeroot,2.91,8.13e-07,0.48031124472618103
sadistic,suffix,ic,sadist,True,freeroot,3.18,1.51e-06,0.48034030199050903
collectible,suffix,able,collect,True,family,3.14,1.38e-06,0.4803704023361206
preventive,suffix,ive,prevent,True,family,3.5,3.16e-06,0.4804662764072418
tiniest,suffix,est,tiny,True,family,3.07,1.17e-06,0.48050060868263245
misprint,prefix,mis,print,True,family,2.24,1.74e-07,0.48051294684410095
dietetic,suffix,ic,diet,True,family,2.32,2.09e-07,0.4807087481021881
emotive,suffix,ive,emote,True,family,2.88,7.59e-07,0.48084476590156555
unblemished,prefix,un,blemish,True,freeroot,2.43,2.69e-07,0.48089227080345154
bravely,suffix,ly,brave,True,family,3.27,1.86e-06,0.48090705275535583
legally,suffix,ly,legal,True,family,4.21,1.62e-05,0.48091164231300354
theist,suffix,ist,theo,True,family,2.21,1.62e-07,0.4809815585613251
starvation,suffix,ion,starve,True,freeroot,3.52,3.31e-06,0.4811710715293884
contention,suffix,ion,contend,True,family,3.73,5.37e-06,0.4813322126865387
cloudless,suffix,less,cloud,True,family,2.46,2.88e-07,0.48136186599731445
residence,suffix,ance,reside,True,family,4.36,2.29e-05,0.4813845157623291
darken,suffix,en,dark,True,family,2.88,7.59e-07,0.48139044642448425
baptize,suffix,ize,bapt,True,family,2.68,4.79e-07,0.4814241826534271
narrowness,suffix,ness,narrow,True,family,2.19,1.55e-07,0.4815428853034973
awesome,suffix,some,awe,True,family,4.92,8.32e-05,0.48170939087867737
filthy,suffix,y,filth,True,freeroot,3.8,6.31e-06,0.4818456172943115
flimsiest,suffix,est,flimsy,True,freeroot,1.74,5.5e-08,0.4818804860115051
oversize,prefix,over,size,True,family,2.68,4.79e-07,0.48189035058021545
upward,suffix,ward,up,True,family,3.71,5.13e-06,0.48212411999702454
untidy,prefix,un,tidy,True,family,2.61,4.07e-07,0.48216119408607483
improvisation,suffix,ion,improvise,True,family,3.1,1.26e-06,0.4822632968425751
decorate,suffix,ate,decor,True,family,3.36,2.29e-06,0.48232707381248474
negligent,suffix,ant,negect,False,family,3.33,2.14e-06,0.4824603497982025
fewer,suffix,er,few,True,family,4.31,2.04e-05,0.482469379901886
romanticize,suffix,ize,romantic,True,family,2.3,2e-07,0.48260900378227234
opportunism,suffix,ism,opportune,True,family,2.54,3.47e-07,0.4828224182128906
emirate,suffix,ate,emir,True,freeroot,2.75,5.62e-07,0.4829787611961365
formerly,suffix,ly,former,True,freeroot,4.24,1.74e-05,0.4829818606376648
announcement,suffix,ment,announce,True,family,4.31,2.04e-05,0.4830246567726135
stupidity,suffix,ity,stupid,True,family,3.66,4.57e-06,0.48311296105384827
tasteful,suffix,ful,taste,True,family,3.0,1e-06,0.4831715226173401
swiftness,suffix,ness,swift,True,family,2.39,2.45e-07,0.48319903016090393
mimicry,suffix,ory,mimic,True,freeroot,2.63,4.27e-07,0.4832581877708435
rancher,suffix,er,ranch,True,freeroot,3.03,1.07e-06,0.48326799273490906
creation,suffix,ion,create,True,family,4.56,3.63e-05,0.4833100736141205
flagrantly,suffix,ly,flagrant,True,freeroot,2.38,2.4e-07,0.4834579527378082
creaky,suffix,y,creak,True,freeroot,2.35,2.24e-07,0.4834596514701843
shepherdess,suffix,ess,shepherd,True,freeroot,2.2,1.58e-07,0.4835071861743927
brigadier,suffix,er,brigade,True,freeroot,3.3,2e-06,0.4835289418697357
anatomy,suffix,y,anatom,False,family,3.94,8.71e-06,0.4835736155509949
insidiously,suffix,ly,insidious,True,freeroot,2.09,1.23e-07,0.4836973547935486
contemptuous,suffix,ious,contempt,True,family,2.64,4.37e-07,0.48382291197776794
translator,suffix,or,translate,True,family,3.67,4.68e-06,0.48382559418678284
intensive,suffix,ive,intense,True,family,4.06,1.15e-05,0.48387688398361206
impassioned,prefix,im,passion,True,family,2.94,8.71e-07,0.4839080572128296
venality,suffix,ity,venal,True,freeroot,1.8,6.31e-08,0.4839186668395996
assertive,suffix,ive,assert,True,family,3.19,1.55e-06,0.4839226007461548
sycophantic,suffix,ic,sycophant,True,freeroot,2.17,1.48e-07,0.4839465320110321
compensation,suffix,ion,compensate,True,family,4.33,2.14e-05,0.48395055532455444
inefficient,prefix,im,efficient,True,family,3.46,2.88e-06,0.4840626120567322
touchable,suffix,able,touch,True,family,1.81,6.46e-08,0.4841358959674835
thirsty,suffix,y,thirst,True,freeroot,3.74,5.5e-06,0.48435914516448975
preacher,suffix,er,preach,True,freeroot,3.68,4.79e-06,0.48435989022254944
minstrelsy,suffix,y,minstrel,True,freeroot,1.91,8.13e-08,0.484414279460907
sleeveless,suffix,less,sleeve,True,freeroot,2.89,7.76e-07,0.4844249188899994
mirthful,suffix,ful,mirth,True,freeroot,1.53,3.39e-08,0.48447147011756897
boastful,suffix,ful,boast,True,freeroot,2.5,3.16e-07,0.48447689414024353
undiminished,prefix,un,diminish,True,freeroot,2.25,1.78e-07,0.4845680296421051
anomaly,suffix,y,anomal,False,family,3.47,2.95e-06,0.48457226157188416
erection,suffix,ion,erect,True,freeroot,3.52,3.31e-06,0.4846706986427307
closely,suffix,ly,close,True,family,4.53,3.39e-05,0.4846847653388977
misconstrue,prefix,mis,construe,True,freeroot,2.04,1.1e-07,0.48468759655952454
sworn,suffix,n,swore,True,freeroot,3.9,7.94e-06,0.48477235436439514
falsify,suffix,ify,false,True,family,2.55,3.55e-07,0.48477888107299805
unprovoked,prefix,un,provoke,True,family,2.83,6.76e-07,0.484851598739624
purist,suffix,ist,pure,True,family,2.59,3.89e-07,0.4848892390727997
evangelism,suffix,ism,evangel,True,family,2.85,7.08e-07,0.4851588308811188
ashamed,prefix,a,shame,True,family,4.06,1.15e-05,0.48524028062820435
sardonically,suffix,ly,sardonic,True,freeroot,1.95,8.91e-08,0.4853614866733551
wetter,suffix,er,wet,True,family,2.91,8.13e-07,0.4854854941368103
frailty,suffix,ity,frail,True,freeroot,2.71,5.13e-07,0.4854893386363983
resident,suffix,ant,reside,True,family,4.38,2.4e-05,0.4856910705566406
silken,suffix,en,silk,True,family,2.62,4.17e-07,0.4857838749885559
direst,suffix,est,dire,True,freeroot,1.77,5.89e-08,0.4858654737472534
formalize,suffix,ize,formal,True,family,2.47,2.95e-07,0.48586899042129517
baroness,suffix,ess,baron,True,family,3.38,2.4e-06,0.4858975410461426
overpass,prefix,over,pass,True,family,2.96,9.12e-07,0.48602840304374695
slimmest,suffix,est,slim,True,family,2.14,1.38e-07,0.48606520891189575
seriousness,suffix,ness,serious,True,family,3.56,3.63e-06,0.48608335852622986
social,suffix,al,socio,True,family,5.42,0.000263,0.4861474633216858
despoil,prefix,de,spoil,True,family,1.58,3.8e-08,0.486223965883255
gadgetry,suffix,ory,gadget,True,freeroot,2.05,1.12e-07,0.4863392412662506
sounder,suffix,er,sound,True,family,2.46,2.88e-07,0.4865853190422058
flippantly,suffix,ly,flippant,True,freeroot,2.1,1.26e-07,0.4866099953651428
humanize,suffix,ize,human,True,family,2.45,2.82e-07,0.4867890179157257
sturdiest,suffix,est,sturdy,True,family,1.72,5.25e-08,0.48695480823516846
mediocrity,suffix,ity,mediocre,True,freeroot,3.12,1.32e-06,0.4869582951068878
simplistic,suffix,ic,simple,True,family,3.32,2.09e-06,0.4873722195625305
alkaline,suffix,ine,alkal,False,family,3.25,1.78e-06,0.4877699315547943
inbound,prefix,in,bound,True,family,3.25,1.78e-06,0.48787033557891846
powerful,suffix,ful,power,True,family,4.85,7.08e-05,0.48802638053894043
plaintive,suffix,ive,plaint,True,freeroot,2.46,2.88e-07,0.48818933963775635
interglacial,prefix,inter,glacial,True,freeroot,2.11,1.29e-07,0.48822155594825745
murderer,suffix,er,murder,True,family,3.82,6.61e-06,0.4882574677467346
cystitis,suffix,itis,cyst,True,freeroot,2.19,1.55e-07,0.4883947968482971
import,prefix,in,port,True,family,4.1,1.26e-05,0.48846304416656494
overdo,prefix,over,do,True,family,2.84,6.92e-07,0.48850682377815247
inhuman,prefix,im,human,True,family,3.27,1.86e-06,0.4885173439979553
secularism,suffix,ism,secular,True,family,3.03,1.07e-06,0.488541841506958
alleviation,suffix,ion,alleviate,True,freeroot,2.63,4.27e-07,0.4887586534023285
sturdiness,suffix,ness,sturdy,True,family,1.87,7.41e-08,0.4888626039028168
creative,suffix,ive,create,True,family,4.6,3.98e-05,0.48894983530044556
shrewdly,suffix,ly,shrewd,True,family,2.32,2.09e-07,0.48914557695388794
pretentious,suffix,ious,pretend,True,family,3.17,1.48e-06,0.48937082290649414
waiter,suffix,er,wait,True,family,3.61,4.07e-06,0.4894011318683624
shallower,suffix,er,shallow,True,family,2.76,5.75e-07,0.4894171357154846
graceless,suffix,less,grace,True,family,2.02,1.05e-07,0.48950639367103577
fiddler,suffix,er,fiddle,True,freeroot,2.83,6.76e-07,0.48953506350517273
richest,suffix,est,rich,True,family,3.7,5.01e-06,0.4895583391189575
fertility,suffix,ity,fertile,True,family,3.78,6.03e-06,0.4896053671836853
graceful,suffix,ful,grace,True,family,3.39,2.45e-06,0.4897579252719879
unreal,prefix,un,real,True,family,3.59,3.89e-06,0.48979702591896057
constabulary,suffix,ory,constable,True,freeroot,2.97,9.33e-07,0.48985666036605835
ambitious,suffix,ious,ambit,True,family,3.95,8.91e-06,0.49009376764297485
antiquarian,suffix,ian,antique,True,family,2.81,6.46e-07,0.4902009665966034
arrangement,suffix,ment,arrange,True,family,4.25,1.78e-05,0.4902036488056183
tigress,suffix,ess,tiger,True,freeroot,2.42,2.63e-07,0.49034273624420166
turbidity,suffix,ity,turbid,True,freeroot,2.33,2.14e-07,0.4903604984283447
portentous,suffix,ious,portent,True,freeroot,2.14,1.38e-07,0.490363746881485
momma,suffix,a,mom,True,family,3.41,2.57e-06,0.4903815984725952
extend,prefix,ex,tend,True,family,4.34,2.19e-05,0.4904840290546417
outmost,prefix,out,most,True,family,1.5,3.16e-08,0.49050062894821167
impropriety,prefix,im,propriety,True,freeroot,2.75,5.62e-07,0.4905080795288086
deviant,suffix,ant,devi,True,family,3.03,1.07e-06,0.49058425426483154
kindness,suffix,ness,kind,True,family,4.0,1e-05,0.49064934253692627
grassy,suffix,y,grass,True,freeroot,3.24,1.74e-06,0.49071618914604187
balinese,suffix,ese,bali,True,freeroot,2.77,5.89e-07,0.49080371856689453
tranquility,suffix,ity,tranquil,True,freeroot,3.02,1.05e-06,0.49086877703666687
vicariously,suffix,ly,vicarious,True,freeroot,2.72,5.25e-07,0.49098503589630127
derision,suffix,ion,deride,True,family,2.8,6.31e-07,0.49100005626678467
unsteady,prefix,un,steady,True,family,2.73,5.37e-07,0.49108585715293884
spunky,suffix,y,spunk,True,freeroot,2.51,3.24e-07,0.4911991059780121
ostentation,suffix,ion,ostent,False,family,2.12,1.32e-07,0.4912487268447876
clamorous,suffix,ious,clamor,True,freeroot,1.87,7.41e-08,0.4913596510887146
personable,suffix,able,person,True,family,2.69,4.9e-07,0.49139204621315
defeatism,suffix,ism,defeat,True,family,2.14,1.38e-07,0.49141165614128113
candidacy,suffix,acy,candid,True,family,3.41,2.57e-06,0.49145257472991943
manorial,suffix,al,manor,True,freeroot,2.23,1.7e-07,0.49157238006591797
causative,suffix,ive,cause,True,family,2.68,4.79e-07,0.4915789067745209
slickly,suffix,ly,slick,True,family,1.81,6.46e-08,0.49177008867263794
coolest,suffix,est,cool,True,family,3.62,4.17e-06,0.4919240176677704
incestuous,suffix,ious,incest,True,freeroot,2.72,5.25e-07,0.4920836091041565
quantify,suffix,ify,quant,True,family,3.24,1.74e-06,0.4920966625213623
borrower,suffix,er,borrow,True,freeroot,3.25,1.78e-06,0.4921606779098511
rationalist,suffix,ist,rational,True,family,2.56,3.63e-07,0.4922710061073303
manipulators,suffix,or,manipulate,True,family,2.46,2.88e-07,0.4922717213630676
ejaculation,suffix,ion,ejaculate,True,freeroot,2.92,8.32e-07,0.4923454225063324
wastage,suffix,age,waste,True,family,2.63,4.27e-07,0.49236181378364563
dynastic,suffix,ic,dynast,True,family,2.77,5.89e-07,0.49243104457855225
regrettable,suffix,able,regret,True,family,2.96,9.12e-07,0.49256613850593567
arithmetical,suffix,al,arithmetic,True,freeroot,2.1,1.26e-07,0.4926326274871826
colloidal,suffix,al,colloid,True,freeroot,2.59,3.89e-07,0.4926939010620117
unmodified,prefix,un,modify,True,family,2.59,3.89e-07,0.49274131655693054
suffragette,suffix,ette,suffrage,True,freeroot,2.48,3.02e-07,0.4928041696548462
obfuscation,suffix,ion,obfuscate,True,freeroot,2.56,3.63e-07,0.4928589165210724
revellers,suffix,er,revel,True,family,2.19,1.55e-07,0.4929916262626648
punish,suffix,ish,pun,True,family,3.95,8.91e-06,0.49308109283447266
incompatible,prefix,im,compatible,True,family,3.48,3.02e-06,0.49309080839157104
listener,suffix,er,listen,True,freeroot,3.52,3.31e-06,0.4930916726589203
stoicism,suffix,ism,stoic,True,family,2.63,4.27e-07,0.49316051602363586
empirically,suffix,ly,empiric,True,family,2.88,7.59e-07,0.4934476613998413
priesthood,suffix,hood,priest,True,family,3.3,2e-06,0.4934674799442291
besiege,prefix,be,siege,True,freeroot,2.36,2.29e-07,0.4934961199760437
stagnate,suffix,ate,stagn,False,family,2.49,3.09e-07,0.49351945519447327
medially,suffix,ly,medial,True,freeroot,2.11,1.29e-07,0.49352288246154785
exorcism,suffix,ism,exorc,False,family,2.89,7.76e-07,0.49357903003692627
smelly,suffix,y,smell,True,freeroot,3.29,1.95e-06,0.4936237931251526
spheroid,suffix,oid,sphere,True,freeroot,2.07,1.17e-07,0.49362385272979736
usually,suffix,y,usual,True,family,5.15,0.000141,0.4937639534473419
facilitation,suffix,ion,facilitate,True,freeroot,2.92,8.32e-07,0.4938451945781708
mistranslated,prefix,mis,translate,True,family,1.96,9.12e-08,0.49385619163513184
convincingly,suffix,ly,convince,True,family,3.1,1.26e-06,0.4939945638179779
action,suffix,ion,act,True,family,5.25,0.000178,0.4940188229084015
anomalous,suffix,ious,anomal,False,family,2.94,8.71e-07,0.494057834148407
endanger,prefix,en,danger,True,family,3.23,1.7e-06,0.49408599734306335
thicken,suffix,en,thick,True,family,2.71,5.13e-07,0.49415868520736694
presbyterian,suffix,ian,presbytery,True,freeroot,3.6,3.98e-06,0.4942580759525299
irritate,suffix,ate,irrit,False,family,3.08,1.2e-06,0.49431756138801575
chauvinist,suffix,ist,chauvin,True,family,2.37,2.34e-07,0.49433156847953796
amidst,prefix,a,midst,True,freeroot,3.56,3.63e-06,0.49433577060699463
reorient,prefix,re,orient,True,family,2.18,1.51e-07,0.4945323169231415
papacy,suffix,acy,pap,True,family,3.02,1.05e-06,0.49459144473075867
trapezoid,suffix,oid,trapez,False,family,2.27,1.86e-07,0.4946173429489136
ambition,suffix,ion,ambit,True,family,3.91,8.13e-06,0.49479949474334717
innocent,suffix,ant,innoc,False,family,4.45,2.82e-05,0.4948864281177521
idyllic,suffix,ic,idyll,True,freeroot,3.04,1.1e-06,0.4949481189250946
thoughtless,suffix,less,thought,True,family,2.9,7.94e-07,0.49498820304870605
athletic,suffix,ic,athlete,True,family,4.12,1.32e-05,0.4950006604194641
mythic,suffix,ic,myth,True,freeroot,3.02,1.05e-06,0.49501416087150574
fretful,suffix,ful,fret,True,freeroot,1.96,9.12e-08,0.4950871169567108
illusory,suffix,ory,illus,True,family,2.79,6.17e-07,0.4950878620147705
impatience,prefix,im,patience,True,freeroot,2.98,9.55e-07,0.4951925277709961
exchange,prefix,ex,change,True,family,4.85,7.08e-05,0.4953348934650421
callousness,suffix,ness,callous,True,family,2.28,1.91e-07,0.49534711241722107
coolness,suffix,ness,cool,True,family,2.82,6.61e-07,0.4954715073108673
difficulty,suffix,y,difficult,True,freeroot,4.33,2.14e-05,0.4954945147037506
outdo,prefix,out,do,True,family,2.72,5.25e-07,0.49560827016830444
tactless,suffix,less,tact,True,family,2.26,1.82e-07,0.49570271372795105
uglier,suffix,er,ugly,True,family,2.85,7.08e-07,0.4958350956439972
adulterous,suffix,ious,adulter,False,family,2.54,3.47e-07,0.49597057700157166
rationally,suffix,ly,rational,True,family,3.08,1.2e-06,0.4960402250289917
populist,suffix,ist,popul,False,family,3.37,2.34e-06,0.4963151514530182
theism,suffix,ism,theo,True,family,2.59,3.89e-07,0.4963381588459015
gardener,suffix,er,garden,True,freeroot,3.49,3.09e-06,0.4965141713619232
shabbily,suffix,ly,shabby,True,freeroot,1.89,7.76e-08,0.4966539740562439
biggest,suffix,est,big,True,family,4.93,8.51e-05,0.49673134088516235
allegedly,suffix,ly,allege,True,freeroot,4.06,1.15e-05,0.4970901310443878
syrupy,suffix,y,syrup,True,freeroot,2.37,2.34e-07,0.49710869789123535
grocery,suffix,y,grocer,True,freeroot,4.06,1.15e-05,0.4971379339694977
wizardry,suffix,ory,wizard,True,freeroot,2.74,5.5e-07,0.497152715921402
adoption,suffix,ion,adopt,True,family,4.17,1.48e-05,0.4973743259906769
deeply,suffix,ly,deep,True,family,4.44,2.75e-05,0.49745479226112366
disrespect,prefix,dis,respect,True,family,3.63,4.27e-06,0.4975021481513977
remarry,prefix,re,marry,True,family,2.66,4.57e-07,0.4975576400756836
diverge,prefix,di,verge,True,family,2.83,6.76e-07,0.4976039230823517
kindly,suffix,ly,kind,True,family,4.0,1e-05,0.4976511597633362
unconnected,prefix,un,connect,True,family,2.83,6.76e-07,0.49769991636276245
autumnal,suffix,al,autumn,True,freeroot,2.76,5.75e-07,0.49770915508270264
harmless,suffix,less,harm,True,family,3.79,6.17e-06,0.49772828817367554
blandly,suffix,ly,bland,True,family,2.05,1.12e-07,0.4978160560131073
fellowship,suffix,ship,fellow,True,freeroot,3.86,7.24e-06,0.49809280037879944
exactness,suffix,ness,exact,True,family,1.99,9.77e-08,0.49813568592071533
weirdo,suffix,o,weird,True,family,3.33,2.14e-06,0.4982382357120514
cheaply,suffix,ly,cheap,True,family,3.28,1.91e-06,0.49839577078819275
previously,suffix,ly,previous,True,freeroot,4.83,6.76e-05,0.49841925501823425
performance,suffix,ance,perform,True,family,5.16,0.000145,0.49846574664115906
contemptible,suffix,able,contempt,True,family,2.55,3.55e-07,0.49858832359313965
predetermine,prefix,pre,determine,True,family,1.68,4.79e-08,0.4986133873462677
neglectful,suffix,ful,neglect,True,freeroot,2.46,2.88e-07,0.498650461435318
attractive,suffix,ive,attract,True,family,4.53,3.39e-05,0.49867647886276245
brainless,suffix,less,brain,True,family,2.75,5.62e-07,0.4986991584300995
steadiest,suffix,est,steady,True,family,1.63,4.27e-08,0.498797744512558
admission,suffix,ion,admit,True,family,4.15,1.41e-05,0.4988481402397156
overpriced,prefix,over,price,True,family,3.12,1.32e-06,0.4990057647228241
rectory,suffix,y,rector,True,freeroot,2.88,7.59e-07,0.49902960658073425
leanest,suffix,est,lean,True,family,1.71,5.13e-08,0.49911192059516907
amicably,suffix,y,amicable,True,freeroot,2.72,5.25e-07,0.49925529956817627
undergrad,prefix,under,grad,True,freeroot,2.85,7.08e-07,0.499798983335495
difference,suffix,ance,differ,True,family,5.01,0.000102,0.4998281002044678
inflate,prefix,in,flate,False,family,3.01,1.02e-06,0.499985009431839
moistness,suffix,ness,moist,True,family,1.59,3.89e-08,0.5001389384269714
efficiently,suffix,ly,efficient,True,family,3.79,6.17e-06,0.5001501441001892
diver,suffix,er,dive,True,freeroot,3.41,2.57e-06,0.5001862645149231
breezy,suffix,y,breeze,True,freeroot,3.12,1.32e-06,0.5002285838127136
hydraulically,suffix,ly,hydraulic,True,freeroot,2.38,2.4e-07,0.5002671480178833
raucously,suffix,ly,raucous,True,freeroot,1.65,4.47e-08,0.5002713203430176
crusader,suffix,er,crusade,True,freeroot,3.21,1.62e-06,0.5002915859222412
ostentatious,suffix,ious,ostent,False,family,2.68,4.79e-07,0.5003506541252136
magician,suffix,ian,magic,True,family,3.53,3.39e-06,0.5004013180732727
botanist,suffix,ist,botan,True,family,2.89,7.76e-07,0.50074702501297
pasturage,suffix,age,pasture,True,freeroot,1.75,5.62e-08,0.5008549690246582
admirer,suffix,er,admire,True,family,3.19,1.55e-06,0.5008563995361328
harassment,suffix,ment,harass,True,freeroot,4.01,1.02e-05,0.5009382963180542
mispronounce,prefix,mis,pronounce,True,family,1.89,7.76e-08,0.501019299030304
revelry,suffix,ory,revel,True,family,2.5,3.16e-07,0.5011429190635681
allusive,suffix,ive,allude,True,family,2.02,1.05e-07,0.5011943578720093
quarterly,suffix,ly,quarter,True,freeroot,3.99,9.77e-06,0.5012268424034119
necessity,suffix,ity,necess,False,family,3.91,8.13e-06,0.5012293457984924
wildest,suffix,est,wild,True,family,3.24,1.74e-06,0.5012296438217163
forfeiture,suffix,ure,forfeit,True,freeroot,3.04,1.1e-06,0.5013353824615479
brilliance,suffix,ance,brilli,False,family,3.39,2.45e-06,0.5014169812202454
legislatures,suffix,ure,legislate,True,family,3.25,1.78e-06,0.5016322135925293
ventilation,suffix,ion,ventilate,True,family,3.6,3.98e-06,0.5016435384750366
stiffen,suffix,en,stiff,True,family,2.49,3.09e-07,0.5018023252487183
eagerness,suffix,ness,eager,True,family,2.9,7.94e-07,0.5018793940544128
belligerence,suffix,ance,belliger,False,family,2.12,1.32e-07,0.5019761323928833
embittered,prefix,en,bitter,True,family,2.6,3.98e-07,0.502348005771637
capacitor,suffix,or,capacit,False,family,3.17,1.48e-06,0.5023910999298096
elopement,suffix,ment,elope,True,freeroot,2.29,1.95e-07,0.5024603605270386
kitchenette,suffix,ette,kitchen,True,freeroot,2.26,1.82e-07,0.5025906562805176
stubbornness,suffix,ness,stubborn,True,family,2.83,6.76e-07,0.5025956630706787
analogous,suffix,ious,analog,True,family,3.36,2.29e-06,0.5028020143508911
perversity,suffix,ity,perverse,True,family,2.23,1.7e-07,0.5028109550476074
taxation,suffix,ion,tax,True,family,3.81,6.46e-06,0.502845048904419
iodine,suffix,ine,iod,True,family,3.19,1.55e-06,0.5028523206710815
distrust,prefix,dis,trust,True,family,3.4,2.51e-06,0.5029363632202148
nomadic,suffix,ic,nomad,True,freeroot,3.13,1.35e-06,0.5029645562171936
collusion,suffix,ion,collude,True,family,3.43,2.69e-06,0.5030354857444763
attacker,suffix,er,attack,True,freeroot,3.59,3.89e-06,0.5031846761703491
falseness,suffix,ness,false,True,family,1.82,6.61e-08,0.5032039284706116
dislike,prefix,dis,like,True,family,3.89,7.76e-06,0.5032108426094055
futility,suffix,ity,futile,True,freeroot,2.96,9.12e-07,0.5032417178153992
qualification,suffix,ion,qualify,True,family,3.88,7.59e-06,0.5032628774642944
friendship,suffix,ship,friend,True,family,4.39,2.45e-05,0.5033954381942749
shapeless,suffix,less,shape,True,family,2.39,2.45e-07,0.5034226179122925
brilliant,suffix,ant,brilli,False,family,4.55,3.55e-05,0.5034754276275635
usurper,suffix,er,usurp,True,family,2.59,3.89e-07,0.5035647749900818
soften,suffix,en,soft,True,family,3.36,2.29e-06,0.5038480758666992
puritanism,suffix,ism,puritan,True,freeroot,2.28,1.91e-07,0.5040814280509949
empower,prefix,en,power,True,family,3.51,3.24e-06,0.5041072964668274
surest,suffix,est,sure,True,family,2.62,4.17e-07,0.5042534470558167
problematic,suffix,ic,problem,True,freeroot,3.87,7.41e-06,0.5043931603431702
crisply,suffix,ly,crisp,True,family,2.21,1.62e-07,0.5044240951538086
elasticity,suffix,ity,elastic,True,family,3.1,1.26e-06,0.5044898390769958
aggravation,suffix,ion,aggravate,True,freeroot,2.76,5.75e-07,0.5044915080070496
steepness,suffix,ness,steep,True,family,2.09,1.23e-07,0.5046901702880859
treasonable,suffix,able,treason,True,family,1.98,9.55e-08,0.504697322845459
humanity,suffix,ity,human,True,family,4.32,2.09e-05,0.5047812461853027
outward,suffix,ward,out,True,family,3.52,3.31e-06,0.5048015713691711
alike,prefix,a,like,True,family,4.13,1.35e-05,0.5048521161079407
redemptive,suffix,ive,redempt,False,family,2.57,3.72e-07,0.5048765540122986
windy,suffix,y,wind,True,family,3.57,3.72e-06,0.5048788189888
sultanate,suffix,ate,sultan,True,freeroot,2.44,2.75e-07,0.5049276351928711
fairness,suffix,ness,fair,True,family,3.77,5.89e-06,0.5049991607666016
rudeness,suffix,ness,rude,True,family,2.91,8.13e-07,0.5050513744354248
soberly,suffix,ly,sober,True,freeroot,2.19,1.55e-07,0.5051358938217163
subsoil,prefix,sub,soil,True,freeroot,2.24,1.74e-07,0.5051743984222412
annul,prefix,a,null,True,family,2.49,3.09e-07,0.5052722692489624
alcoholism,suffix,ism,alcohol,True,family,3.45,2.82e-06,0.5052877068519592
adulteress,suffix,ess,adulter,False,family,2.04,1.1e-07,0.5055398344993591
wondrous,suffix,ious,wonder,True,family,3.12,1.32e-06,0.5057688355445862
undergraduate,prefix,under,graduate,True,family,3.85,7.08e-06,0.5057799816131592
weirdly,suffix,ly,weird,True,family,3.06,1.15e-06,0.5058488845825195
unproved,prefix,un,prove,True,family,1.82,6.61e-08,0.5059726238250732
hypnotic,suffix,ic,hypn,False,family,3.13,1.35e-06,0.5060656070709229
taken,suffix,en,take,True,family,5.33,0.000214,0.5061595439910889
audacity,suffix,ity,audac,False,family,3.27,1.86e-06,0.5062248110771179
disinterest,prefix,dis,interest,True,family,2.56,3.63e-07,0.5063925981521606
untreated,prefix,un,treat,True,family,3.33,2.14e-06,0.5065301060676575
kicker,suffix,er,kick,True,freeroot,3.41,2.57e-06,0.5066421627998352
overemphasis,prefix,over,emphasis,True,freeroot,1.84,6.92e-08,0.5066526532173157
hijacker,suffix,er,hijack,True,freeroot,2.56,3.63e-07,0.5067965388298035
doctrinal,suffix,al,doctrine,True,freeroot,2.93,8.51e-07,0.506930947303772
purposeful,suffix,ful,purpose,True,family,3.07,1.17e-06,0.5071436166763306
undershirt,prefix,under,shirt,True,freeroot,2.28,1.91e-07,0.5072563886642456
clumsiest,suffix,est,clumsy,True,family,1.57,3.72e-08,0.5073263645172119
irksome,suffix,some,irk,True,freeroot,2.33,2.14e-07,0.5073516368865967
mushy,suffix,y,mush,True,freeroot,2.94,8.71e-07,0.5074471831321716
disprove,prefix,dis,prove,True,family,2.93,8.51e-07,0.5076361298561096
undetected,prefix,un,detect,True,family,3.03,1.07e-06,0.5077356696128845
inapplicable,prefix,im,applicable,True,freeroot,2.21,1.62e-07,0.5078678727149963
pricey,suffix,y,price,True,family,3.34,2.19e-06,0.5080892443656921
forwardness,suffix,ness,forward,True,family,1.64,4.37e-08,0.5081888437271118
forgotten,suffix,en,forgot,True,freeroot,4.4,2.51e-05,0.5085062384605408
belligerent,suffix,ant,belliger,False,family,3.04,1.1e-06,0.5085732936859131
appalachian,suffix,n,appalachia,True,freeroot,3.25,1.78e-06,0.5086172223091125
firmest,suffix,est,firm,True,family,1.87,7.41e-08,0.5086707472801208
outbid,prefix,out,bid,True,family,2.64,4.37e-07,0.5087060332298279
fifty,suffix,ity,five,True,family,4.29,1.95e-05,0.5087327361106873
spontaneity,suffix,ity,spontane,False,family,2.85,7.08e-07,0.5087338089942932
eighty,suffix,y,eight,True,family,3.75,5.62e-06,0.5087696313858032
fullest,suffix,est,full,True,family,3.48,3.02e-06,0.5087979435920715
despotic,suffix,ic,despot,True,family,2.57,3.72e-07,0.5088011622428894
mischievously,suffix,ly,mischievous,True,freeroot,2.18,1.51e-07,0.5088165998458862
brightness,suffix,ness,bright,True,family,3.57,3.72e-06,0.50886470079422
visual,suffix,al,vis,True,family,4.5,3.16e-05,0.5088813900947571
toughness,suffix,ness,tough,True,family,3.31,2.04e-06,0.508992612361908
prettier,suffix,er,pretty,True,family,3.32,2.09e-06,0.5090564489364624
turbulent,suffix,ant,turbul,False,family,3.47,2.95e-06,0.5094642639160156
collusive,suffix,ive,collude,True,family,1.86,7.24e-08,0.5094990730285645
illustration,suffix,ion,illustrate,True,family,3.92,8.32e-06,0.5095186829566956
useless,suffix,less,use,True,family,4.22,1.66e-05,0.509692907333374
angriest,suffix,est,angry,True,family,2.24,1.74e-07,0.5097019672393799
settlement,suffix,ment,settle,True,family,4.49,3.09e-05,0.5097030997276306
evocation,suffix,ion,evoke,True,freeroot,2.59,3.89e-07,0.5097126960754395
musical,suffix,al,music,True,family,4.51,3.24e-05,0.5098130106925964
maturity,suffix,ity,mature,True,family,3.87,7.41e-06,0.5098650455474854
giddiness,suffix,ness,giddy,True,family,2.01,1.02e-07,0.5098693370819092
devotion,suffix,ion,devote,True,family,3.73,5.37e-06,0.5099384784698486
hymnal,suffix,al,hymn,True,freeroot,2.33,2.14e-07,0.5099775195121765
comical,suffix,al,comic,True,freeroot,3.23,1.7e-06,0.5101581811904907
causation,suffix,ion,cause,True,family,3.1,1.26e-06,0.5101870894432068
racial,suffix,al,race,True,family,4.3,2e-05,0.5102137327194214
redemption,suffix,ion,redempt,False,family,3.82,6.61e-06,0.5103408694267273
straighter,suffix,er,straight,True,family,2.68,4.79e-07,0.5104100704193115
arsonist,suffix,ist,arson,True,freeroot,2.59,3.89e-07,0.5104354023933411
ripen,suffix,en,ripe,True,family,2.64,4.37e-07,0.5104808807373047
sorcerer,suffix,er,sorcer,False,family,3.14,1.38e-06,0.5106276869773865
isolation,suffix,ion,isolate,True,freeroot,4.02,1.05e-05,0.5110589861869812
axiomatic,suffix,ic,axiom,True,freeroot,2.54,3.47e-07,0.5110980868339539
iodized,suffix,ize,iod,True,family,1.92,8.32e-08,0.5111386775970459
curricular,suffix,er,curricula,True,freeroot,3.06,1.15e-06,0.5112468600273132
rowdiness,suffix,ness,rowdy,True,freeroot,1.61,4.07e-08,0.5112894177436829
pupa,suffix,a,pup,True,family,2.51,3.24e-07,0.5112900733947754
shameless,suffix,less,shame,True,family,3.39,2.45e-06,0.5113440155982971
outsize,prefix,out,size,True,family,2.05,1.12e-07,0.5113475322723389
meditative,suffix,ive,meditate,True,family,2.86,7.24e-07,0.5114330053329468
improviser,suffix,er,improvise,True,family,1.98,9.55e-08,0.5114576816558838
largest,suffix,est,large,True,family,4.9,7.94e-05,0.511654794216156
slyly,suffix,ly,sly,True,freeroot,2.46,2.88e-07,0.5116835832595825
upriver,prefix,up,river,True,freeroot,2.64,4.37e-07,0.5117394924163818
fluidity,suffix,ity,fluid,True,freeroot,2.9,7.94e-07,0.5119933485984802
illustrator,suffix,or,illustrate,True,family,3.46,2.88e-06,0.5121429562568665
platonist,suffix,ist,plato,True,family,1.74,5.5e-08,0.5121685266494751
splendidly,suffix,ly,splendid,True,freeroot,2.68,4.79e-07,0.5122132301330566
superfine,prefix,super,fine,True,family,2.1,1.26e-07,0.5122465491294861
subtly,suffix,y,subtle,True,family,3.3,2e-06,0.5123134851455688
colonize,suffix,ize,colon,True,family,2.78,6.03e-07,0.5123301148414612
disproof,prefix,dis,proof,True,freeroot,1.58,3.8e-08,0.5124761462211609
reciprocity,suffix,ity,reciproc,False,family,3.04,1.1e-06,0.5126696228981018
narcissist,suffix,ist,narciss,False,family,2.99,9.77e-07,0.512702226638794
sadder,suffix,er,sad,True,family,2.95,8.91e-07,0.512714147567749
cometary,suffix,ory,comet,True,freeroot,2.13,1.35e-07,0.5128825306892395
pupate,suffix,ate,pup,True,family,1.89,7.76e-08,0.5129380226135254
learnt,suffix,t,learn,True,family,3.87,7.41e-06,0.5131351351737976
extremism,suffix,ism,extreme,True,family,3.31,2.04e-06,0.5131927728652954
digestive,suffix,ive,digest,True,family,3.46,2.88e-06,0.5132863521575928
portraitist,suffix,ist,portray,True,family,1.83,6.76e-08,0.513450026512146
racist,suffix,ist,race,True,family,4.42,2.63e-05,0.513500452041626
percussion,suffix,ion,percuss,False,family,3.37,2.34e-06,0.5136923789978027
senility,suffix,ity,senile,True,freeroot,2.22,1.66e-07,0.5137665271759033
barony,suffix,y,baron,True,family,2.5,3.16e-07,0.513776957988739
hegelian,suffix,ian,hegel,True,freeroot,2.24,1.74e-07,0.5139327645301819
generosity,suffix,ity,generous,True,family,3.62,4.17e-06,0.5139492154121399
antimatter,prefix,anti,matter,True,freeroot,2.64,4.37e-07,0.5139563679695129
valueless,suffix,less,value,True,family,2.19,1.55e-07,0.5141558647155762
cinematic,suffix,ic,cinema,True,freeroot,3.6,3.98e-06,0.514255702495575
unconscious,prefix,un,conscious,True,family,3.94,8.71e-06,0.5142629742622375
cancerous,suffix,ious,cancer,True,freeroot,3.15,1.41e-06,0.5144771337509155
protective,suffix,ive,protect,True,family,4.13,1.35e-05,0.5145215392112732
fiercer,suffix,er,fierce,True,family,2.28,1.91e-07,0.5146321654319763
foreordained,prefix,fore,ordain,True,family,1.6,3.98e-08,0.5146813988685608
sternest,suffix,est,sterno,True,family,1.8,6.31e-08,0.5151110291481018
fancier,suffix,er,fancy,True,family,2.6,3.98e-07,0.515184223651886
pronounceable,suffix,able,pronounce,True,family,1.57,3.72e-08,0.5153393149375916
crosswise,suffix,wise,cross,True,family,2.21,1.62e-07,0.5153409242630005
fastest,suffix,est,fast,True,family,4.24,1.74e-05,0.5153549909591675
charismatic,suffix,ic,charisma,True,freeroot,3.48,3.02e-06,0.515365719795227
grimy,suffix,y,grime,True,freeroot,2.76,5.75e-07,0.5156923532485962
sublease,prefix,sub,lease,True,freeroot,2.09,1.23e-07,0.5158466696739197
tidiness,suffix,ness,tidy,True,family,1.93,8.51e-08,0.5158690810203552
mummified,suffix,ify,mummy,True,freeroot,2.6,3.98e-07,0.5158783793449402
resuscitation,suffix,ion,resuscitate,True,freeroot,2.93,8.51e-07,0.5159732103347778
blasphemy,suffix,y,blaspheme,True,family,3.3,2e-06,0.5160852670669556
smuggler,suffix,er,smuggle,True,freeroot,2.96,9.12e-07,0.5161373019218445
reddest,suffix,est,red,True,family,1.88,7.59e-08,0.516304075717926
forbidden,suffix,en,forbid,True,freeroot,3.96,9.12e-06,0.5163283944129944
continual,suffix,al,continue,True,family,3.35,2.24e-06,0.5163370966911316
repudiation,suffix,ion,repudiate,True,freeroot,2.56,3.63e-07,0.5164406299591064
flamboyantly,suffix,ly,flamboyant,True,freeroot,1.97,9.33e-08,0.5164806842803955
acidity,suffix,ity,acid,True,family,3.2,1.58e-06,0.5164860486984253
delightful,suffix,ful,delight,True,freeroot,3.77,5.89e-06,0.516724169254303
unanimity,suffix,ity,unanim,False,family,2.54,3.47e-07,0.516735315322876
infertile,prefix,im,fertile,True,family,2.86,7.24e-07,0.5167413353919983
solicitude,suffix,itude,solicit,True,family,1.91,8.13e-08,0.5167840719223022
dogmatism,suffix,ism,dogma,True,family,2.11,1.29e-07,0.5168153047561646
brewery,suffix,ory,brew,True,family,3.66,4.57e-06,0.5168763995170593
gravelly,suffix,y,gravel,True,freeroot,2.56,3.63e-07,0.5169630646705627
rheumatic,suffix,ic,rheuma,False,family,2.56,3.63e-07,0.5171263813972473
logarithmic,suffix,ic,logarithm,True,freeroot,2.68,4.79e-07,0.5171959400177002
rheumatoid,suffix,oid,rheuma,False,family,3.04,1.1e-06,0.5172359347343445
indecency,prefix,im,decency,True,freeroot,2.64,4.37e-07,0.5173766016960144
legislation,suffix,ion,legislate,True,family,4.55,3.55e-05,0.5174151659011841
caricaturist,suffix,ist,caricature,True,freeroot,1.91,8.13e-08,0.5175743699073792
oceanic,suffix,ic,ocean,True,freeroot,3.39,2.45e-06,0.5177561044692993
unexplored,prefix,un,explore,True,family,2.88,7.59e-07,0.5177904963493347
consecutively,suffix,ly,consecutive,True,freeroot,2.93,8.51e-07,0.5178178548812866
tacitly,suffix,ly,tacit,True,freeroot,2.69,4.9e-07,0.5182495713233948
politeness,suffix,ness,polite,True,family,2.93,8.51e-07,0.5182758569717407
insertion,suffix,ion,insert,True,freeroot,3.36,2.29e-06,0.5184123516082764
artful,suffix,ful,art,True,family,2.88,7.59e-07,0.5185332298278809
irresponsible,prefix,im,responsible,True,family,3.67,4.68e-06,0.5185849666595459
mellower,suffix,er,mellow,True,freeroot,1.83,6.76e-08,0.5186116695404053
gritty,suffix,y,grit,True,freeroot,3.39,2.45e-06,0.5187233090400696
conviction,suffix,ion,convict,True,freeroot,4.14,1.38e-05,0.5187951326370239
supplier,suffix,er,supply,True,freeroot,3.84,6.92e-06,0.5190159678459167
downturn,prefix,down,turn,True,family,3.19,1.55e-06,0.5191727876663208
corroboration,suffix,ion,corroborate,True,family,2.7,5.01e-07,0.5191943645477295
regretful,suffix,ful,regret,True,family,2.55,3.55e-07,0.5193544626235962
surfer,suffix,er,surf,True,freeroot,3.3,2e-06,0.5193954706192017
consignee,suffix,ee,consign,True,family,1.77,5.89e-08,0.5196149349212646
prepay,prefix,pre,pay,True,family,2.23,1.7e-07,0.5197627544403076
heretic,suffix,ic,heres,True,family,3.0,1e-06,0.519766628742218
tidier,suffix,er,tidy,True,family,1.92,8.32e-08,0.5197830200195312
bitterness,suffix,ness,bitter,True,family,3.45,2.82e-06,0.5198585391044617
bitterest,suffix,est,bitter,True,family,2.07,1.17e-07,0.5199788808822632
unafraid,prefix,un,afraid,True,freeroot,2.71,5.13e-07,0.5200133323669434
moravian,suffix,n,moravia,True,freeroot,2.55,3.55e-07,0.5200621485710144
schmaltzy,suffix,y,schmaltz,True,freeroot,1.74,5.5e-08,0.5201109647750854
attainable,suffix,able,attain,True,family,3.1,1.26e-06,0.5202198624610901
outshone,prefix,out,shone,True,freeroot,2.08,1.2e-07,0.5202438831329346
greedy,suffix,y,greed,True,freeroot,3.75,5.62e-06,0.5204483270645142
hardest,suffix,est,hard,True,family,4.1,1.26e-05,0.5205361843109131
demagoguery,suffix,ory,demagogue,True,freeroot,2.18,1.51e-07,0.5205454230308533
friary,suffix,y,friar,True,freeroot,1.96,9.12e-08,0.5205929279327393
crucially,suffix,ly,crucial,True,freeroot,2.95,8.91e-07,0.5206539630889893
firmly,suffix,ly,firm,True,family,4.0,1e-05,0.5206764936447144
strengthen,suffix,en,strength,True,freeroot,4.04,1.1e-05,0.5206976532936096
calmness,suffix,ness,calm,True,family,2.89,7.76e-07,0.5207924842834473
poignant,suffix,ant,poign,False,family,3.27,1.86e-06,0.5209351778030396
peninsular,suffix,ar,peninsula,True,freeroot,2.83,6.76e-07,0.5210150480270386
refutation,suffix,ion,refute,True,freeroot,2.62,4.17e-07,0.5210838913917542
unemployed,prefix,un,employ,True,family,3.9,7.94e-06,0.5211440324783325
slimmer,suffix,er,slim,True,family,2.9,7.94e-07,0.5211600661277771
underwear,prefix,under,wear,True,freeroot,3.96,9.12e-06,0.5213438868522644
costly,suffix,ly,cost,True,freeroot,3.93,8.51e-06,0.5214091539382935
reptilian,suffix,ian,reptile,True,freeroot,2.75,5.62e-07,0.5214271545410156
fabrication,suffix,ion,fabric,True,family,3.48,3.02e-06,0.5214555859565735
shorten,suffix,en,short,True,family,3.38,2.4e-06,0.521532416343689
denigration,suffix,ion,denigrate,True,freeroot,2.24,1.74e-07,0.5217868685722351
redo,prefix,re,do,True,family,3.19,1.55e-06,0.5218312740325928
briefest,suffix,est,brief,True,family,2.34,2.19e-07,0.5220543742179871
loutish,suffix,ish,lout,True,freeroot,1.55,3.55e-08,0.5222048759460449
interpretation,suffix,ion,interpret,True,family,4.22,1.66e-05,0.5223318934440613
theorist,suffix,ist,theor,False,family,3.16,1.45e-06,0.5223524570465088
consideration,suffix,ion,consider,True,family,4.28,1.91e-05,0.5225012898445129
glumly,suffix,ly,glum,True,freeroot,1.88,7.59e-08,0.5225334763526917
treatable,suffix,able,treat,True,family,2.85,7.08e-07,0.5226220488548279
converge,prefix,co,verge,True,family,3.23,1.7e-06,0.5227046012878418
compatibility,suffix,ity,compatible,True,family,3.59,3.89e-06,0.5227100253105164
rightward,suffix,ward,right,True,family,2.23,1.7e-07,0.5228995680809021
anxious,suffix,ious,anxi,True,family,4.09,1.23e-05,0.5229275822639465
scanty,suffix,y,scant,True,freeroot,2.34,2.19e-07,0.5231653451919556
export,prefix,ex,port,True,family,4.24,1.74e-05,0.5231908559799194
fortuitously,suffix,ly,fortuitous,True,freeroot,2.21,1.62e-07,0.5234060287475586
sumptuously,suffix,ly,sumptuous,True,freeroot,2.04,1.1e-07,0.5234084725379944
trumpeter,suffix,er,trumpet,True,freeroot,2.7,5.01e-07,0.5237465500831604
hindrance,suffix,ance,hinder,True,freeroot,3.01,1.02e-06,0.5237990021705627
calibration,suffix,ion,calibrate,True,freeroot,3.34,2.19e-06,0.5238391160964966
strangely,suffix,ly,strange,True,family,3.67,4.68e-06,0.5242189168930054
unwelcome,prefix,un,welcome,True,freeroot,3.14,1.38e-06,0.5242419838905334
unpaid,prefix,un,pay,True,family,3.73,5.37e-06,0.5242806077003479
slowly,suffix,ly,slow,True,family,4.63,4.27e-05,0.5243731737136841
derisive,suffix,ive,deride,True,family,2.36,2.29e-07,0.5244028568267822
bengali,suffix,i,bengal,True,freeroot,3.21,1.62e-06,0.5244618058204651
definable,suffix,able,define,True,family,2.39,2.45e-07,0.5245127081871033
validate,suffix,ate,valid,True,family,3.4,2.51e-06,0.5245400667190552
sprinter,suffix,er,sprint,True,freeroot,3.19,1.55e-06,0.5247943997383118
grandly,suffix,ly,grand,True,family,2.32,2.09e-07,0.5248013138771057
artless,suffix,less,art,True,family,2.02,1.05e-07,0.5248468518257141
truer,suffix,er,true,True,family,2.97,9.33e-07,0.5249276757240295
distiller,suffix,er,distill,True,family,2.47,2.95e-07,0.5249786376953125
newest,suffix,est,new,True,family,4.04,1.1e-05,0.5250070691108704
directly,suffix,ly,direct,True,family,4.9,7.94e-05,0.5251014232635498
inference,suffix,ance,infer,True,freeroot,3.25,1.78e-06,0.5253458023071289
upstream,prefix,up,stream,True,family,3.56,3.63e-06,0.525391161441803
excitable,suffix,able,excite,True,family,2.74,5.5e-07,0.5255978107452393
suffocation,suffix,ion,suffocate,True,freeroot,2.8,6.31e-07,0.5257216691970825
snowy,suffix,y,snow,True,freeroot,3.46,2.88e-06,0.5259438157081604
exhale,prefix,ex,hale,True,family,3.11,1.29e-06,0.5259943604469299
diplomat,suffix,t,diploma,True,family,3.69,4.9e-06,0.5259943604469299
suzerainty,suffix,ity,suzerain,True,freeroot,2.09,1.23e-07,0.5260648131370544
cruder,suffix,er,crude,True,family,1.93,8.51e-08,0.5260965824127197
fattest,suffix,est,fat,True,family,2.65,4.47e-07,0.5261332392692566
distillery,suffix,ory,distill,True,family,3.22,1.66e-06,0.526178240776062
symbolic,suffix,ic,symbol,True,family,3.86,7.24e-06,0.5262010097503662
underpass,prefix,under,pass,True,family,2.56,3.63e-07,0.5263779163360596
colder,suffix,er,cold,True,family,3.54,3.47e-06,0.5264339447021484
therapy,suffix,y,therap,False,family,4.52,3.31e-05,0.526605486869812
starkly,suffix,ly,stark,True,family,2.56,3.63e-07,0.5267684459686279
gullibility,suffix,ity,gullible,True,freeroot,2.12,1.32e-07,0.5269107222557068
smugness,suffix,ness,smug,True,family,2.31,2.04e-07,0.5269972085952759
daddy,suffix,y,dad,True,freeroot,4.36,2.29e-05,0.5271162986755371
subsequently,suffix,ly,subsequent,True,freeroot,4.23,1.7e-05,0.527137279510498
pamphleteer,suffix,eer,pamphlet,True,freeroot,1.8,6.31e-08,0.5271428823471069
flabby,suffix,y,flab,True,freeroot,2.71,5.13e-07,0.5272076725959778
lengthwise,suffix,wise,length,True,family,2.61,4.07e-07,0.5272334218025208
interact,prefix,inter,act,True,family,4.05,1.12e-05,0.5273107290267944
banality,suffix,ity,banal,True,freeroot,2.42,2.63e-07,0.5275026559829712
preordained,prefix,pre,ordain,True,family,2.23,1.7e-07,0.527527391910553
gauzy,suffix,y,gauze,True,freeroot,2.16,1.45e-07,0.5275411605834961
bronchial,suffix,al,bronchi,True,family,2.59,3.89e-07,0.5275475382804871
sewn,suffix,n,sew,True,freeroot,3.18,1.51e-06,0.5277564525604248
driest,suffix,est,dry,True,family,2.77,5.89e-07,0.5278975963592529
undigested,prefix,un,digest,True,family,2.22,1.66e-07,0.5279812216758728
forlornly,suffix,ly,forlorn,True,freeroot,1.86,7.24e-08,0.5280598998069763
leninist,suffix,ist,lenin,True,family,2.7,5.01e-07,0.5280843377113342
subtler,suffix,er,subtle,True,family,2.49,3.09e-07,0.528112530708313
splashy,suffix,y,splash,True,freeroot,2.28,1.91e-07,0.5281630754470825
bigger,suffix,er,big,True,family,4.74,5.5e-05,0.5283207893371582
repay,prefix,re,pay,True,family,3.66,4.57e-06,0.5286920666694641
outflank,prefix,out,flank,True,freeroot,2.25,1.78e-07,0.5287562012672424
implicitly,suffix,ly,implicit,True,freeroot,3.23,1.7e-06,0.5288116931915283
stability,suffix,ity,stable,True,family,4.31,2.04e-05,0.5293627381324768
silica,suffix,a,silic,True,family,3.27,1.86e-06,0.5294867753982544
gravest,suffix,est,grave,True,family,2.5,3.16e-07,0.5296586155891418
humiliation,suffix,ion,humiliate,True,freeroot,3.55,3.55e-06,0.5296627879142761
illness,suffix,ness,ill,True,freeroot,4.41,2.57e-05,0.5302851796150208
uniqueness,suffix,ness,unique,True,family,3.21,1.62e-06,0.5303995013237
harmful,suffix,ful,harm,True,family,3.97,9.33e-06,0.5304392576217651
turbulence,suffix,ance,turbul,False,family,3.55,3.55e-06,0.5309017896652222
morally,suffix,ly,moral,True,family,3.63,4.27e-06,0.5309405326843262
theory,suffix,y,theor,False,family,4.88,7.59e-05,0.531068742275238
awoke,prefix,a,woke,True,family,3.15,1.41e-06,0.5310743451118469
identity,suffix,ity,ident,True,family,4.65,4.47e-05,0.5311098098754883
messianic,suffix,ic,messiah,True,freeroot,2.9,7.94e-07,0.5314714312553406
disappear,prefix,dis,appear,True,family,4.09,1.23e-05,0.5317309498786926
crossbred,prefix,cross,breed,True,family,1.94,8.71e-08,0.5317683815956116
hooliganism,suffix,ism,hooligan,True,freeroot,2.42,2.63e-07,0.5318626761436462
vaginal,suffix,al,vagina,True,freeroot,3.44,2.75e-06,0.5319380760192871
urbanity,suffix,ity,urbane,True,freeroot,1.85,7.08e-08,0.5320967435836792
antagonism,suffix,ism,antagon,False,family,2.84,6.92e-07,0.5321289300918579
quarrelsome,suffix,some,quarrel,True,freeroot,2.22,1.66e-07,0.5321608781814575
redeploy,prefix,re,deploy,True,family,2.35,2.24e-07,0.5322692394256592
adroitly,suffix,ly,adroit,True,freeroot,2.05,1.12e-07,0.5323063731193542
fluency,suffix,ancy,flu,True,family,3.02,1.05e-06,0.5323488712310791
sculptress,suffix,ess,sculpt,True,family,1.68,4.79e-08,0.5324285626411438
javanese,suffix,ese,java,True,freeroot,2.62,4.17e-07,0.5328318476676941
cutest,suffix,est,cute,True,family,3.33,2.14e-06,0.5328423380851746
donor,suffix,or,don,True,family,3.92,8.32e-06,0.5329764485359192
antihistamine,prefix,anti,histamine,True,freeroot,2.36,2.29e-07,0.5329855680465698
reluctantly,suffix,ly,reluctant,True,freeroot,3.45,2.82e-06,0.5330314040184021
microfossils,prefix,micro,fossil,True,family,1.84,6.92e-08,0.5331258773803711
intensity,suffix,ity,intense,True,family,4.14,1.38e-05,0.5332334637641907
identify,suffix,ify,ident,True,family,4.56,3.63e-05,0.533458948135376
dryness,suffix,ness,dry,True,family,2.93,8.51e-07,0.5336702466011047
pitiable,suffix,able,pity,True,family,2.2,1.58e-07,0.5338017344474792
steeply,suffix,ly,steep,True,family,2.93,8.51e-07,0.5339540839195251
leniency,suffix,y,lenience,True,freeroot,2.82,6.61e-07,0.534007728099823
departure,suffix,ure,depart,True,freeroot,4.22,1.66e-05,0.5340481996536255
heresy,suffix,y,heres,True,family,3.35,2.24e-06,0.534208357334137
poetics,suffix,ics,poet,True,family,2.82,6.61e-07,0.5343314409255981
sicker,suffix,er,sick,True,family,2.8,6.31e-07,0.5344623923301697
seemingly,suffix,ly,seem,True,freeroot,4.1,1.26e-05,0.5345320105552673
underhand,prefix,under,hand,True,family,2.49,3.09e-07,0.5347776412963867
possibly,suffix,y,possible,True,family,4.77,5.89e-05,0.5350338220596313
malignant,suffix,ant,malign,True,family,3.33,2.14e-06,0.5352722406387329
narcissism,suffix,ism,narciss,False,family,3.05,1.12e-06,0.5354138016700745
consultation,suffix,ion,consult,True,family,4.02,1.05e-05,0.5355486273765564
automatically,suffix,ly,automatic,True,freeroot,4.52,3.31e-05,0.5357436537742615
reticence,suffix,ance,retic,False,family,2.6,3.98e-07,0.5357937216758728
drainage,suffix,age,drain,True,freeroot,3.77,5.89e-06,0.5358741283416748
nastier,suffix,er,nasty,True,family,2.43,2.69e-07,0.5359258651733398
fungi,suffix,i,fung,True,family,3.48,3.02e-06,0.5360599756240845
suppleness,suffix,ness,supple,True,freeroot,1.92,8.32e-08,0.5360856652259827
waiver,suffix,er,waive,True,freeroot,3.53,3.39e-06,0.5364673733711243
pitcher,suffix,er,pitch,True,freeroot,3.79,6.17e-06,0.5366722345352173
rearward,suffix,ward,rear,True,freeroot,2.35,2.24e-07,0.5367042422294617
unconvincing,prefix,un,convince,True,family,2.69,4.9e-07,0.5367152690887451
starker,suffix,er,stark,True,family,2.04,1.1e-07,0.536870539188385
jauntily,suffix,ly,jaunty,True,freeroot,1.68,4.79e-08,0.5368767976760864
poetess,suffix,ess,poet,True,family,2.01,1.02e-07,0.5370619893074036
archivist,suffix,ist,archive,True,freeroot,2.8,6.31e-07,0.5371038317680359
stiffest,suffix,est,stiff,True,family,1.89,7.76e-08,0.5372470617294312
insure,prefix,in,sure,True,family,3.4,2.51e-06,0.5374714136123657
concealment,suffix,ment,conceal,True,freeroot,2.92,8.32e-07,0.5374929308891296
silliness,suffix,ness,silly,True,family,2.79,6.17e-07,0.5374997854232788
gentleness,suffix,ness,gentle,True,family,2.77,5.89e-07,0.5375011563301086
anxiety,suffix,ity,anxi,True,family,4.45,2.82e-05,0.5377143621444702
powerless,suffix,less,power,True,family,3.49,3.09e-06,0.5377272367477417
leninism,suffix,ism,lenin,True,family,2.56,3.63e-07,0.5378127694129944
sharpness,suffix,ness,sharp,True,family,3.01,1.02e-06,0.5380657911300659
silicosis,suffix,sis,silic,True,family,1.85,7.08e-08,0.5382267832756042
escapism,suffix,ism,escape,True,family,2.64,4.37e-07,0.5382594466209412
languidly,suffix,ly,languid,True,freeroot,2.04,1.1e-07,0.538355827331543
accommodation,suffix,ion,accommodate,True,freeroot,4.06,1.15e-05,0.5383837223052979
inhale,prefix,in,hale,True,family,3.25,1.78e-06,0.5385415554046631
scarcer,suffix,er,scarce,True,family,2.14,1.38e-07,0.5385609269142151
conciseness,suffix,ness,concise,True,family,1.82,6.61e-08,0.538628339767456
consultancy,suffix,ancy,consult,True,family,3.46,2.88e-06,0.5386301279067993
unoccupied,prefix,un,occupy,True,family,2.93,8.51e-07,0.5389180779457092
masterful,suffix,ful,master,True,family,3.06,1.15e-06,0.5389357805252075
unvoiced,prefix,un,voice,True,family,1.87,7.41e-08,0.5389631986618042
aquarium,suffix,ium,aqua,True,family,3.56,3.63e-06,0.5390145778656006
hesitant,suffix,ant,hesit,False,family,3.41,2.57e-06,0.5391155481338501
possibility,suffix,ity,possible,True,family,4.58,3.8e-05,0.5391983389854431
safety,suffix,ity,safe,True,family,4.97,9.33e-05,0.5392894744873047
acreage,suffix,age,acre,True,freeroot,3.05,1.12e-06,0.5393720865249634
plainest,suffix,est,plain,True,family,1.76,5.75e-08,0.5394086241722107
firmness,suffix,ness,firm,True,family,2.8,6.31e-07,0.5395336747169495
radius,suffix,us,radio,True,family,3.86,7.24e-06,0.5395788550376892
offensive,suffix,ive,offense,True,freeroot,4.46,2.88e-05,0.539630115032196
hidden,suffix,en,hide,True,freeroot,4.53,3.39e-05,0.5396351218223572
illegal,prefix,im,legal,True,family,4.68,4.79e-05,0.539675235748291
coarseness,suffix,ness,coarse,True,family,1.93,8.51e-08,0.5397571325302124
redirect,prefix,re,direct,True,family,3.21,1.62e-06,0.5399031639099121
australasian,suffix,n,australasia,True,freeroot,2.81,6.46e-07,0.5399296879768372
poignancy,suffix,ancy,poign,False,family,2.35,2.24e-07,0.5399452447891235
cosine,prefix,co,sine,True,freeroot,2.51,3.24e-07,0.5399566888809204
hottest,suffix,est,hot,True,family,3.9,7.94e-06,0.5399640798568726
honestly,suffix,ly,honest,True,family,4.69,4.9e-05,0.53998202085495
parolees,suffix,ee,parole,True,freeroot,2.17,1.48e-07,0.5401594042778015
materialism,suffix,ism,material,True,family,3.05,1.12e-06,0.540362536907196
detrimental,suffix,al,detriment,True,freeroot,3.55,3.55e-06,0.5404120087623596
shrilly,suffix,ly,shrill,True,freeroot,1.75,5.62e-08,0.5407143235206604
brewer,suffix,er,brew,True,family,3.54,3.47e-06,0.5408207774162292
employer,suffix,er,employ,True,family,4.22,1.66e-05,0.5408250689506531
creator,suffix,or,create,True,family,4.21,1.62e-05,0.5408364534378052
grimmest,suffix,est,grimm,True,family,1.63,4.27e-08,0.5408725738525391
fairer,suffix,er,fair,True,family,3.09,1.23e-06,0.5409775972366333
chauvinism,suffix,ism,chauvin,True,family,2.49,3.09e-07,0.5410864353179932
downtown,prefix,down,town,True,family,4.4,2.51e-05,0.5412399172782898
frozen,suffix,en,froze,True,freeroot,4.32,2.09e-05,0.5413828492164612
aftertaste,prefix,after,taste,True,family,2.68,4.79e-07,0.5414479374885559
deflate,prefix,de,flate,False,family,2.61,4.07e-07,0.5415593385696411
correctly,suffix,ly,correct,True,family,4.21,1.62e-05,0.5416508913040161
culmination,suffix,ion,culminate,True,freeroot,3.26,1.82e-06,0.5419095754623413
orally,suffix,ly,oral,True,freeroot,3.12,1.32e-06,0.5420878529548645
impolite,prefix,im,polite,True,family,2.62,4.17e-07,0.5420939326286316
combination,suffix,ion,combine,True,freeroot,4.61,4.07e-05,0.5422397255897522
vengeful,suffix,ful,venge,False,family,3.0,1e-06,0.5423004031181335
allergen,suffix,en,allerg,False,family,2.63,4.27e-07,0.5423455238342285
ingestion,suffix,ion,ingest,True,freeroot,2.99,9.77e-07,0.5424409508705139
younger,suffix,er,young,True,family,4.69,4.9e-05,0.5426179766654968
observation,suffix,ion,observe,True,family,4.13,1.35e-05,0.5430276393890381
negligence,suffix,ance,negect,False,family,3.65,4.47e-06,0.5430456399917603
repetitious,suffix,ious,repetit,False,family,2.23,1.7e-07,0.5431115627288818
corroborative,suffix,ive,corroborate,True,family,1.82,6.61e-08,0.5431190729141235
incomplete,prefix,im,complete,True,family,3.85,7.08e-06,0.5431382060050964
satanic,suffix,ic,satan,True,family,3.3,2e-06,0.543255090713501
happiness,suffix,ness,happy,True,family,4.44,2.75e-05,0.5436383485794067
admiration,suffix,ion,admire,True,family,3.59,3.89e-06,0.5437021255493164
amalgamation,suffix,ion,amalgam,True,family,3.08,1.2e-06,0.5438045263290405
virility,suffix,ity,virile,True,freeroot,2.44,2.75e-07,0.5438397526741028
slickness,suffix,ness,slick,True,family,1.81,6.46e-08,0.5438724160194397
reliance,suffix,ance,rely,True,family,3.81,6.46e-06,0.5439579486846924
fewest,suffix,est,few,True,family,3.03,1.07e-06,0.5440528392791748
traveler,suffix,er,travel,True,freeroot,3.57,3.72e-06,0.5443702340126038
pollster,suffix,ster,poll,True,freeroot,2.47,2.95e-07,0.5447593927383423
youngest,suffix,est,young,True,family,4.05,1.12e-05,0.5448459386825562
reality,suffix,ity,real,True,family,4.89,7.76e-05,0.5449491143226624
loyalty,suffix,ity,loyal,True,family,4.17,1.48e-05,0.5451759099960327
quietude,suffix,itude,quiet,True,family,1.87,7.41e-08,0.5453735589981079
sincerely,suffix,ly,sincere,True,family,3.89,7.76e-06,0.5455642342567444
shortest,suffix,est,short,True,family,3.57,3.72e-06,0.5456059575080872
economist,suffix,ist,econom,False,family,3.87,7.41e-06,0.5457565784454346
curtailment,suffix,ment,curtail,True,freeroot,2.23,1.7e-07,0.5458249449729919
gimmicky,suffix,y,gimmick,True,freeroot,2.44,2.75e-07,0.5460129380226135
populism,suffix,ism,popul,False,family,3.02,1.05e-06,0.5460343956947327
ductility,suffix,ity,ductile,True,freeroot,2.09,1.23e-07,0.5462180972099304
tightly,suffix,ly,tight,True,family,3.76,5.75e-06,0.5462729334831238
liability,suffix,ity,liable,True,freeroot,4.16,1.45e-05,0.5463305711746216
meanest,suffix,est,mean,True,family,2.87,7.41e-07,0.546684741973877
ineptitude,suffix,itude,inept,True,family,2.7,5.01e-07,0.5469370484352112
wispy,suffix,y,wisp,True,freeroot,2.42,2.63e-07,0.5470239520072937
darker,suffix,er,dark,True,family,3.93,8.51e-06,0.5470839738845825
lover,suffix,er,love,True,family,4.26,1.82e-05,0.5472775101661682
thickness,suffix,ness,thick,True,family,3.75,5.62e-06,0.5477018356323242
rationalize,suffix,ize,rational,True,family,2.89,7.76e-07,0.5477597117424011
foggy,suffix,y,fog,True,freeroot,3.19,1.55e-06,0.5478104948997498
addiction,suffix,ion,addict,True,family,4.14,1.38e-05,0.5478293299674988
schizophrenic,suffix,ic,schizophren,False,family,3.13,1.35e-06,0.54786616563797
strangeness,suffix,ness,strange,True,family,2.67,4.68e-07,0.547915518283844
petroleum,suffix,ium,petrol,True,freeroot,3.9,7.94e-06,0.5480780005455017
waitress,suffix,ess,wait,True,family,3.56,3.63e-06,0.5480907559394836
modernity,suffix,ity,modern,True,family,3.25,1.78e-06,0.5484480857849121
clumsily,suffix,ly,clumsy,True,family,2.6,3.98e-07,0.5485145449638367
essayist,suffix,ist,essay,True,freeroot,2.66,4.57e-07,0.5485821962356567
tenth,suffix,th,ten,True,family,3.92,8.32e-06,0.5487434267997742
pejoratively,suffix,ly,pejorative,True,freeroot,1.93,8.51e-08,0.5487813949584961
spectral,suffix,al,spectr,False,family,3.46,2.88e-06,0.5488033890724182
slavic,suffix,ic,slav,True,freeroot,3.15,1.41e-06,0.548823356628418
strategy,suffix,y,strateg,False,family,4.74,5.5e-05,0.5489838123321533
collision,suffix,ion,collide,True,freeroot,3.95,8.91e-06,0.5489892959594727
milder,suffix,er,mild,True,family,3.04,1.1e-06,0.5490021705627441
funky,suffix,y,funk,True,freeroot,3.63,4.27e-06,0.5491830110549927
hesitate,suffix,ate,hesit,False,family,3.79,6.17e-06,0.5493786931037903
brightly,suffix,ly,bright,True,family,3.44,2.75e-06,0.5495531558990479
uncertain,prefix,un,certain,True,family,3.99,9.77e-06,0.549696147441864
dukedom,suffix,dom,duke,True,family,2.09,1.23e-07,0.5498775839805603
avenge,prefix,a,venge,False,family,3.25,1.78e-06,0.5499114394187927
degradation,suffix,ion,degrade,True,freeroot,3.6,3.98e-06,0.5500511527061462
steadier,suffix,er,steady,True,family,2.29,1.95e-07,0.5501487851142883
communism,suffix,ism,commune,True,family,3.8,6.31e-06,0.5502538681030273
ecstatically,suffix,ly,ecstatic,True,freeroot,2.03,1.07e-07,0.5503373742103577
rotation,suffix,ion,rotate,True,freeroot,4.08,1.2e-05,0.550407350063324
starchy,suffix,y,starch,True,freeroot,2.57,3.72e-07,0.5506550669670105
translation,suffix,ion,translate,True,family,4.39,2.45e-05,0.5506702065467834
reverence,suffix,ance,rever,True,family,3.22,1.66e-06,0.5507466793060303
highest,suffix,est,high,True,family,4.86,7.24e-05,0.5508221387863159
plentiful,suffix,ful,plenty,True,freeroot,3.36,2.29e-06,0.5509621500968933
harshly,suffix,ly,harsh,True,family,3.27,1.86e-06,0.550997793674469
experimentation,suffix,ion,experiment,True,family,3.47,2.95e-06,0.5511074662208557
shallowest,suffix,est,shallow,True,family,1.9,7.94e-08,0.551245391368866
silky,suffix,y,silk,True,family,3.26,1.82e-06,0.5517923831939697
ripeness,suffix,ness,ripe,True,family,2.23,1.7e-07,0.5518388748168945
narrower,suffix,er,narrow,True,family,3.29,1.95e-06,0.552040696144104
quietness,suffix,ness,quiet,True,family,2.45,2.82e-07,0.5522167086601257
indulgence,suffix,ance,indulge,True,family,3.19,1.55e-06,0.5523026585578918
erudition,suffix,ion,erudite,True,freeroot,2.39,2.45e-07,0.5526614785194397
fickleness,suffix,ness,fickle,True,freeroot,1.77,5.89e-08,0.5528231263160706
nitrous,suffix,ious,nitro,True,family,2.96,9.12e-07,0.5528353452682495
ripest,suffix,est,ripe,True,family,1.8,6.31e-08,0.5530199408531189
repetitive,suffix,ive,repetit,False,family,3.56,3.63e-06,0.5531753897666931
offside,prefix,off,side,True,family,3.24,1.74e-06,0.5531933307647705
clearly,suffix,ly,clear,True,family,4.92,8.32e-05,0.5536423325538635
premarital,prefix,pre,marital,True,freeroot,2.74,5.5e-07,0.5536771416664124
adulterer,suffix,er,adulter,False,family,2.32,2.09e-07,0.5538039207458496
larger,suffix,er,large,True,family,4.82,6.61e-05,0.5538073778152466
forgiven,suffix,en,forgive,True,family,3.66,4.57e-06,0.5538721084594727
apocalyptic,suffix,ic,apocalypse,True,freeroot,3.43,2.69e-06,0.5538922548294067
taller,suffix,er,tall,True,family,3.73,5.37e-06,0.5539308190345764
extinction,suffix,ion,extinct,True,freeroot,3.76,5.75e-06,0.5539836883544922
mathematical,suffix,al,mathematic,True,family,4.04,1.1e-05,0.5540437698364258
deceitful,suffix,ful,deceit,True,freeroot,2.97,9.33e-07,0.5540720224380493
celibacy,suffix,acy,celib,False,family,2.91,8.13e-07,0.5544405579566956
detonator,suffix,or,detonate,True,family,2.59,3.89e-07,0.554458498954773
reassert,prefix,re,assert,True,family,2.51,3.24e-07,0.5545378923416138
strictest,suffix,est,strict,True,family,2.84,6.92e-07,0.5548300743103027
buyer,suffix,er,buy,True,freeroot,4.03,1.07e-05,0.5549318790435791
pluralist,suffix,ist,plural,True,family,2.24,1.74e-07,0.5549514889717102
furtively,suffix,ly,furtive,True,freeroot,2.23,1.7e-07,0.5550323128700256
malignancy,suffix,ancy,malign,True,family,2.65,4.47e-07,0.5550893545150757
meanness,suffix,ness,mean,True,family,2.47,2.95e-07,0.5550929307937622
gentlest,suffix,est,gentle,True,family,2.24,1.74e-07,0.5551608204841614
extravagant,suffix,ant,extravag,False,family,3.4,2.51e-06,0.5551730394363403
fierceness,suffix,ness,fierce,True,family,2.22,1.66e-07,0.555235743522644
input,prefix,in,put,True,family,4.35,2.24e-05,0.5555511713027954
oratory,suffix,ory,orate,True,family,2.94,8.71e-07,0.55555659532547
snotty,suffix,y,snot,True,freeroot,2.55,3.55e-07,0.555681049823761
malarial,suffix,al,malaria,True,freeroot,2.35,2.24e-07,0.5557635426521301
punjabi,suffix,i,punjab,True,freeroot,3.16,1.45e-06,0.5559129118919373
modernist,suffix,ist,modern,True,family,3.21,1.62e-06,0.556071937084198
pluralism,suffix,ism,plural,True,family,2.9,7.94e-07,0.5564137697219849
succinctly,suffix,ly,succinct,True,freeroot,2.83,6.76e-07,0.5565539598464966
stubbly,suffix,y,stubble,True,freeroot,1.67,4.68e-08,0.5565915703773499
intensify,suffix,ify,intense,True,family,3.16,1.45e-06,0.5567452311515808
hairy,suffix,y,hair,True,family,3.8,6.31e-06,0.5569780468940735
specify,suffix,ify,spec,True,family,3.78,6.03e-06,0.5571803450584412
harpist,suffix,ist,harp,True,freeroot,2.2,1.58e-07,0.5572290420532227
fumigation,suffix,ion,fumigate,True,freeroot,2.27,1.86e-07,0.5574062466621399
eclecticism,suffix,ism,eclectic,True,freeroot,2.33,2.14e-07,0.5580393671989441
rebellion,suffix,ion,rebel,True,family,3.94,8.71e-06,0.5582362413406372
remotest,suffix,est,remote,True,family,2.44,2.75e-07,0.5582960844039917
nicer,suffix,er,nice,True,family,3.65,4.47e-06,0.5583374500274658
solidify,suffix,ify,solid,True,family,2.99,9.77e-07,0.5583868622779846
sarcastically,suffix,ly,sarcastic,True,freeroot,2.94,8.71e-07,0.5583953261375427
fluent,suffix,ant,flu,True,family,3.52,3.31e-06,0.5587473511695862
blandness,suffix,ness,bland,True,family,2.02,1.05e-07,0.5588988661766052
encode,prefix,en,code,True,family,2.95,8.91e-07,0.5589755773544312
reticent,suffix,ant,retic,False,family,2.62,4.17e-07,0.5593028664588928
sharpen,suffix,en,sharp,True,family,3.15,1.41e-06,0.559476912021637
freudian,suffix,ian,freud,True,freeroot,2.82,6.61e-07,0.5595111846923828
collegiate,suffix,ate,college,True,freeroot,3.41,2.57e-06,0.5596655607223511
musician,suffix,ian,music,True,family,4.01,1.02e-05,0.5597129464149475
celibate,suffix,ate,celib,False,family,2.73,5.37e-07,0.5598165392875671
hostility,suffix,ity,hostile,True,freeroot,3.61,4.07e-06,0.5598251819610596
reverent,suffix,ant,rever,True,family,2.46,2.88e-07,0.5600290894508362
reuse,prefix,re,use,True,family,3.37,2.34e-06,0.5602145195007324
platonism,suffix,ism,plato,True,family,2.1,1.26e-07,0.5603843927383423
nastiness,suffix,ness,nasty,True,family,2.58,3.8e-07,0.5604079961776733
despotism,suffix,ism,despot,True,family,2.46,2.88e-07,0.5607298612594604
nonchalance,suffix,ance,nonchal,False,family,2.22,1.66e-07,0.5609817504882812
squeamishness,suffix,ness,squeamish,True,freeroot,1.72,5.25e-08,0.5611363053321838
drawn,suffix,n,draw,True,freeroot,4.53,3.39e-05,0.5613204836845398
scenery,suffix,ory,scene,True,family,3.68,4.79e-06,0.5613288283348083
unused,prefix,un,use,True,family,3.64,4.37e-06,0.5614900588989258
volatility,suffix,ity,volatile,True,freeroot,3.49,3.09e-06,0.5617009997367859
flirtatious,suffix,ious,flirt,True,family,2.77,5.89e-07,0.5618448257446289
critical,suffix,al,critic,True,family,4.83,6.76e-05,0.5619411468505859
truest,suffix,est,true,True,family,2.92,8.32e-07,0.5620633363723755
persian,suffix,n,persia,True,freeroot,3.83,6.76e-06,0.5621808767318726
distinctive,suffix,ive,distinct,True,family,4.0,1e-05,0.5626184344291687
indulgent,suffix,ant,indulge,True,family,3.09,1.23e-06,0.5626378059387207
rhythmic,suffix,ic,rhythm,True,freeroot,3.39,2.45e-06,0.5626851916313171
accordingly,suffix,ly,accord,True,family,4.02,1.05e-05,0.5627188086509705
satiny,suffix,y,satin,True,freeroot,1.84,6.92e-08,0.5627946257591248
phobic,suffix,ic,phobe,True,family,2.53,3.39e-07,0.5629944801330566
bohemian,suffix,n,bohemia,True,freeroot,3.5,3.16e-06,0.5630343556404114
elitist,suffix,ist,elite,True,family,3.07,1.17e-06,0.5631934404373169
andorran,suffix,n,andorra,True,freeroot,1.5,3.16e-08,0.5631998777389526
harpsichordist,suffix,ist,harpsichord,True,freeroot,1.59,3.89e-08,0.5632010102272034
exactitude,suffix,itude,exact,True,family,1.95,8.91e-08,0.5632163882255554
rarity,suffix,ity,rare,True,family,3.36,2.29e-06,0.563326358795166
poetry,suffix,ory,poet,True,family,4.4,2.51e-05,0.5634084939956665
intimate,suffix,ate,intim,False,family,4.06,1.15e-05,0.5636500716209412
useful,suffix,ful,use,True,family,4.72,5.25e-05,0.5636862516403198
retailer,suffix,er,retail,True,freeroot,3.75,5.62e-06,0.5638466477394104
collection,suffix,ion,collect,True,family,4.96,9.12e-05,0.5642173290252686
president,suffix,ant,preside,True,family,5.45,0.000282,0.564414918422699
imaginative,suffix,ive,imagine,True,family,3.45,2.82e-06,0.5646080374717712
prepositional,suffix,al,preposition,True,freeroot,2.17,1.48e-07,0.5646532773971558
perseverance,suffix,ance,persevere,True,freeroot,3.34,2.19e-06,0.564717173576355
maniacal,suffix,al,maniac,True,family,2.61,4.07e-07,0.5654025673866272
compassionate,suffix,ate,compassion,True,freeroot,3.55,3.55e-06,0.5654350519180298
hipster,suffix,ster,hip,True,freeroot,3.35,2.24e-06,0.5654477477073669
softness,suffix,ness,soft,True,family,2.99,9.77e-07,0.5654714703559875
softer,suffix,er,soft,True,family,3.54,3.47e-06,0.5655602812767029
unity,suffix,ity,un,True,family,4.22,1.66e-05,0.5655642747879028
grinder,suffix,er,grind,True,freeroot,3.32,2.09e-06,0.5655686855316162
territorial,suffix,al,territory,True,freeroot,3.91,8.13e-06,0.5658159255981445
eucharistic,suffix,ic,eucharist,True,freeroot,2.58,3.8e-07,0.5658211708068848
scepticism,suffix,ism,sceptic,True,family,2.94,8.71e-07,0.5658721327781677
acrobatic,suffix,ic,acrobat,True,family,2.81,6.46e-07,0.5660160779953003
emphatically,suffix,ly,emphatic,True,freeroot,3.07,1.17e-06,0.5663546919822693
management,suffix,ment,manage,True,family,5.13,0.000135,0.5663674473762512
development,suffix,ment,develop,True,family,5.31,0.000204,0.5663812160491943
forefinger,prefix,fore,finger,True,freeroot,2.38,2.4e-07,0.5666408538818359
depletion,suffix,ion,deplete,True,freeroot,3.14,1.38e-06,0.5668603777885437
appraisal,suffix,al,appraise,True,family,3.43,2.69e-06,0.5669485926628113
twentieth,suffix,th,twenty,True,freeroot,3.8,6.31e-06,0.5671672224998474
nonchalant,suffix,ant,nonchal,False,family,2.74,5.5e-07,0.5671943426132202
broader,suffix,er,broad,True,family,4.01,1.02e-05,0.5672369599342346
stabilize,suffix,ize,stable,True,family,3.46,2.88e-06,0.5672739148139954
legitimize,suffix,ize,legitim,False,family,2.75,5.62e-07,0.5673215389251709
sickest,suffix,est,sick,True,family,2.64,4.37e-07,0.5673328638076782
detonation,suffix,ion,detonate,True,family,3.06,1.15e-06,0.5674087405204773
immediately,suffix,ly,immediate,True,freeroot,4.98,9.55e-05,0.5674439668655396
stupidest,suffix,est,stupid,True,family,3.17,1.48e-06,0.5674996376037598
appraiser,suffix,er,appraise,True,family,2.8,6.31e-07,0.5675042271614075
shrewdness,suffix,ness,shrewd,True,family,1.99,9.77e-08,0.5675270557403564
tentatively,suffix,ly,tentative,True,freeroot,3.14,1.38e-06,0.5676684975624084
decode,prefix,de,code,True,family,3.02,1.05e-06,0.5677691698074341
provocative,suffix,ive,provoke,True,family,3.44,2.75e-06,0.5679761171340942
blandest,suffix,est,bland,True,family,1.54,3.47e-08,0.5682030320167542
advisor,suffix,or,advise,True,family,4.01,1.02e-05,0.5683804750442505
hairless,suffix,less,hair,True,family,2.9,7.94e-07,0.5685112476348877
subsidize,suffix,ize,subsid,False,family,2.93,8.51e-07,0.5685331225395203
dimensional,suffix,al,dimension,True,freeroot,4.03,1.07e-05,0.5687091946601868
ovoid,suffix,oid,ov,True,family,2.42,2.63e-07,0.5693932175636292
toughen,suffix,en,tough,True,family,2.65,4.47e-07,0.5694674253463745
widen,suffix,en,wide,True,family,3.25,1.78e-06,0.5694999694824219
accurate,suffix,ate,accur,False,family,4.57,3.72e-05,0.5695533752441406
cognition,suffix,ion,cognit,False,family,3.34,2.19e-06,0.5696029663085938
aromatic,suffix,ic,aroma,True,freeroot,3.32,2.09e-06,0.5697208642959595
literature,suffix,ure,litera,True,family,4.62,4.17e-05,0.5697451829910278
underdeveloped,prefix,under,develop,True,family,2.99,9.77e-07,0.5697792172431946
consciousness,suffix,ness,conscious,True,family,4.13,1.35e-05,0.569850742816925
donate,suffix,ate,don,True,family,4.04,1.1e-05,0.5698893070220947
deepen,suffix,en,deep,True,family,3.19,1.55e-06,0.5699774622917175
adolescence,suffix,ance,adolesc,False,family,3.36,2.29e-06,0.5701526999473572
caloric,suffix,ic,calor,True,family,2.98,9.55e-07,0.5702627301216125
passionate,suffix,ate,passion,True,family,4.09,1.23e-05,0.5703296661376953
voiceless,suffix,less,voice,True,family,2.76,5.75e-07,0.570598304271698
idealism,suffix,ism,ideal,True,family,3.1,1.26e-06,0.5706745386123657
richness,suffix,ness,rich,True,family,3.26,1.82e-06,0.5706869959831238
hilarious,suffix,ious,hilar,True,family,4.27,1.86e-05,0.5707495212554932
ignorant,suffix,ant,ignore,True,family,4.05,1.12e-05,0.5708240270614624
definition,suffix,ion,define,True,family,4.58,3.8e-05,0.5708390474319458
fanatical,suffix,al,fanatic,True,family,3.02,1.05e-06,0.5714045763015747
misinterpret,prefix,mis,interpret,True,family,2.6,3.98e-07,0.5714301466941833
unsafe,prefix,un,safe,True,family,3.67,4.68e-06,0.5717600584030151
molecular,suffix,ar,molecule,True,freeroot,4.11,1.29e-05,0.572333812713623
asthmatic,suffix,ic,asthma,True,freeroot,2.63,4.27e-07,0.5723720192909241
skater,suffix,er,skate,True,freeroot,3.32,2.09e-06,0.5724301338195801
bitterly,suffix,ly,bitter,True,family,3.29,1.95e-06,0.5730105638504028
adolescent,suffix,ant,adolesc,False,family,3.58,3.8e-06,0.5732215642929077
devoutly,suffix,ly,devout,True,freeroot,2.34,2.19e-07,0.5735260844230652
nitric,suffix,ic,nitro,True,family,2.95,8.91e-07,0.5735701322555542
promulgation,suffix,ion,promulgate,True,freeroot,2.41,2.57e-07,0.5739503502845764
skyward,suffix,ward,sky,True,freeroot,2.69,4.9e-07,0.573958158493042
copilot,prefix,co,pilot,True,freeroot,2.47,2.95e-07,0.5741147994995117
sorceress,suffix,ess,sorcer,False,family,2.76,5.75e-07,0.5741316676139832
captaincy,suffix,acy,captain,True,freeroot,2.98,9.55e-07,0.5743641257286072
competitor,suffix,or,compete,True,family,3.81,6.46e-06,0.5746214389801025
cynical,suffix,al,cynic,True,family,3.59,3.89e-06,0.5746362805366516
satanist,suffix,ist,satan,True,family,2.41,2.57e-07,0.5747953057289124
wettest,suffix,est,wet,True,family,2.77,5.89e-07,0.574819803237915
extravagance,suffix,ance,extravag,False,family,2.81,6.46e-07,0.5749852061271667
scornful,suffix,ful,scorn,True,freeroot,2.29,1.95e-07,0.5749990344047546
statutory,suffix,ory,statute,True,freeroot,3.76,5.75e-06,0.5752591490745544
excretion,suffix,ion,excrete,True,freeroot,2.67,4.68e-07,0.5754746198654175
stricter,suffix,er,strict,True,family,3.23,1.7e-06,0.575610876083374
irrational,prefix,im,rational,True,family,3.56,3.63e-06,0.5756177306175232
fabricate,suffix,ate,fabric,True,family,2.89,7.76e-07,0.5756493210792542
coldness,suffix,ness,cold,True,family,2.64,4.37e-07,0.5756756067276001
scenic,suffix,ic,scene,True,family,3.67,4.68e-06,0.5758013725280762
tolerant,suffix,ant,toler,True,family,3.58,3.8e-06,0.5759138464927673
silliest,suffix,est,silly,True,family,2.4,2.51e-07,0.5760164856910706
ignorance,suffix,ance,ignore,True,family,4.04,1.1e-05,0.5761056542396545
cognitive,suffix,ive,cognit,False,family,4.11,1.29e-05,0.5761058330535889
librarian,suffix,ian,library,True,freeroot,3.59,3.89e-06,0.576469361782074
sixty,suffix,ity,six,True,family,3.93,8.51e-06,0.5768304467201233
violence,suffix,ance,viol,True,family,4.75,5.62e-05,0.5768525004386902
cigarette,suffix,ette,cigar,True,freeroot,4.06,1.15e-05,0.5768792033195496
reinterpret,prefix,re,interpret,True,family,2.26,1.82e-07,0.576899528503418
competition,suffix,ion,compete,True,family,4.91,8.13e-05,0.5771230459213257
instinctual,suffix,al,instinct,True,family,2.57,3.72e-07,0.5771894454956055
slimy,suffix,y,slime,True,freeroot,3.08,1.2e-06,0.5774094462394714
greenest,suffix,est,green,True,family,2.43,2.69e-07,0.5778388381004333
broadly,suffix,ly,broad,True,family,3.82,6.61e-06,0.5778790712356567
grotesquely,suffix,ly,grotesque,True,freeroot,2.35,2.24e-07,0.5779469013214111
mathematician,suffix,ian,mathematic,True,family,3.24,1.74e-06,0.5779802203178406
rebellious,suffix,ious,rebel,True,family,3.36,2.29e-06,0.5779813528060913
antiguan,suffix,n,antigua,True,freeroot,1.71,5.13e-08,0.5780805349349976
outflow,prefix,out,flow,True,family,3.01,1.02e-06,0.578087568283081
farmer,suffix,er,farm,True,freeroot,4.15,1.41e-05,0.5781123638153076
manipulative,suffix,ive,manipulate,True,family,3.25,1.78e-06,0.5783801078796387
prankster,suffix,ster,prank,True,freeroot,2.69,4.9e-07,0.5784122347831726
legitimacy,suffix,acy,legitim,False,family,3.63,4.27e-06,0.5784801244735718
occurrence,suffix,ance,occur,True,freeroot,3.77,5.89e-06,0.5786556601524353
bleakest,suffix,est,bleak,True,family,1.84,6.92e-08,0.5786564946174622
fanciest,suffix,est,fancy,True,family,2.19,1.55e-07,0.578720211982727
schizophrenia,suffix,ia,schizophren,False,family,3.56,3.63e-06,0.5787716507911682
seepage,suffix,age,seep,True,freeroot,2.47,2.95e-07,0.5787885189056396
brighten,suffix,en,bright,True,family,3.25,1.78e-06,0.5789898633956909
weaken,suffix,en,weak,True,family,3.49,3.09e-06,0.5790724754333496
confident,suffix,ant,confide,True,family,4.43,2.69e-05,0.5791890025138855
dadaism,suffix,ism,dada,True,freeroot,1.69,4.9e-08,0.5791910886764526
straightest,suffix,est,straight,True,family,2.08,1.2e-07,0.5792813301086426
romanticism,suffix,ism,romantic,True,family,2.97,9.33e-07,0.5793245434761047
inside,prefix,in,side,True,family,5.19,0.000155,0.5796934366226196
subconscious,prefix,sub,conscious,True,family,3.39,2.45e-06,0.5797557830810547
monumental,suffix,al,monument,True,freeroot,3.5,3.16e-06,0.579767107963562
cleverest,suffix,est,clever,True,family,2.39,2.45e-07,0.5799499750137329
analytical,suffix,al,analytic,True,freeroot,3.73,5.37e-06,0.5802075862884521
gossipy,suffix,y,gossip,True,freeroot,2.27,1.86e-07,0.5803230404853821
sincerity,suffix,ity,sincere,True,family,3.34,2.19e-06,0.5803321003913879
hilarity,suffix,ity,hilar,True,family,2.75,5.62e-07,0.580365777015686
clearest,suffix,est,clear,True,family,3.04,1.1e-06,0.5803846716880798
triumphal,suffix,al,triumph,True,family,2.65,4.47e-07,0.5804134607315063
abandonment,suffix,ment,abandon,True,freeroot,3.4,2.51e-06,0.580448567867279
assyrian,suffix,n,assyria,True,freeroot,2.96,9.12e-07,0.5807073712348938
somalian,suffix,n,somalia,True,freeroot,2.42,2.63e-07,0.5809807181358337
interviewer,suffix,er,interview,True,family,3.51,3.24e-06,0.5811464786529541
percussive,suffix,ive,percuss,False,family,2.6,3.98e-07,0.5811802744865417
weirder,suffix,er,weird,True,family,3.02,1.05e-06,0.5816263556480408
adulthood,suffix,hood,adult,True,freeroot,3.6,3.98e-06,0.5818156599998474
richer,suffix,er,rich,True,family,3.71,5.13e-06,0.581986129283905
relation,suffix,ion,relate,True,family,4.31,2.04e-05,0.582150399684906
tahitian,suffix,ian,tahiti,True,freeroot,2.49,3.09e-07,0.5825495719909668
economics,suffix,ics,econom,False,family,4.42,2.63e-05,0.5826277732849121
clarify,suffix,ify,clear,True,family,3.85,7.08e-06,0.582787275314331
shrinkage,suffix,age,shrink,True,freeroot,2.89,7.76e-07,0.5828402042388916
specialize,suffix,ize,special,True,family,3.28,1.91e-06,0.5830582976341248
ineptness,suffix,ness,inept,True,family,1.9,7.94e-08,0.5832407474517822
intuition,suffix,ion,intuit,True,family,3.54,3.47e-06,0.5833157896995544
indication,suffix,ion,indicate,True,family,4.06,1.15e-05,0.5834800004959106
appointment,suffix,ment,appoint,True,family,4.49,3.09e-05,0.5835763216018677
agility,suffix,ity,agile,True,freeroot,3.33,2.14e-06,0.5836904048919678
registration,suffix,ion,register,True,family,4.32,2.09e-05,0.5837956666946411
sumatran,suffix,n,sumatra,True,freeroot,2.48,3.02e-07,0.5839473605155945
softest,suffix,est,soft,True,family,2.79,6.17e-07,0.5841096639633179
dominance,suffix,ance,domin,True,family,3.83,6.76e-06,0.58417147397995
calorie,suffix,ie,calor,True,family,3.59,3.89e-06,0.5843799114227295
episcopalian,suffix,ian,episcopal,True,freeroot,2.46,2.88e-07,0.5846723318099976
thickest,suffix,est,thick,True,family,2.62,4.17e-07,0.584901750087738
messy,suffix,y,mess,True,freeroot,3.87,7.41e-06,0.5850629806518555
rebuttal,suffix,al,rebut,True,freeroot,3.1,1.26e-06,0.5852130055427551
diligently,suffix,ly,diligent,True,freeroot,3.13,1.35e-06,0.5854076147079468
skeptical,suffix,al,skeptic,True,family,3.68,4.79e-06,0.585517168045044
heftier,suffix,er,hefty,True,freeroot,1.72,5.25e-08,0.5857822299003601
undefined,prefix,un,define,True,family,3.04,1.1e-06,0.5858562588691711
troublesome,suffix,some,trouble,True,freeroot,3.39,2.45e-06,0.5865310430526733
spectra,suffix,a,spectr,False,family,3.25,1.78e-06,0.5866300463676453
clandestinely,suffix,ly,clandestine,True,freeroot,2.34,2.19e-07,0.5869466662406921
resentful,suffix,ful,resent,True,family,2.97,9.33e-07,0.5870230793952942
vitriolic,suffix,ic,vitriol,True,freeroot,2.57,3.72e-07,0.5871545672416687
hypnotist,suffix,ist,hypn,False,family,2.5,3.16e-07,0.5872007608413696
swiftest,suffix,est,swift,True,family,2.04,1.1e-07,0.5872865319252014
dumbest,suffix,est,dumb,True,family,3.38,2.4e-06,0.5873603224754333
oxen,suffix,en,ox,True,freeroot,2.9,7.94e-07,0.5876147747039795
economy,suffix,y,econom,False,family,4.87,7.41e-05,0.5876538157463074
regional,suffix,al,region,True,freeroot,4.72,5.25e-05,0.5876678824424744
dissipation,suffix,ion,dissipate,True,freeroot,2.81,6.46e-07,0.5880334377288818
impure,prefix,im,pure,True,family,2.95,8.91e-07,0.5880646705627441
happily,suffix,ly,happy,True,family,4.11,1.29e-05,0.5880839228630066
disincentive,prefix,dis,incentive,True,freeroot,2.39,2.45e-07,0.5881734490394592
shrewdest,suffix,est,shrewd,True,family,1.7,5.01e-08,0.5881759524345398
fatter,suffix,er,fat,True,family,3.06,1.15e-06,0.5884043574333191
downstream,prefix,down,stream,True,family,3.62,4.17e-06,0.5884890556335449
slickest,suffix,est,slick,True,family,1.87,7.41e-08,0.5887908339500427
promiscuity,suffix,ity,promiscu,False,family,2.71,5.13e-07,0.5888341069221497
cautious,suffix,ious,caut,False,family,3.79,6.17e-06,0.5890445709228516
addictive,suffix,ive,addict,True,family,3.61,4.07e-06,0.589212954044342
ardently,suffix,ly,ardent,True,freeroot,2.44,2.75e-07,0.5892339944839478
smarter,suffix,er,smart,True,family,3.91,8.13e-06,0.5892707705497742
unify,suffix,ify,un,True,family,3.07,1.17e-06,0.5900189280509949
simplify,suffix,ify,simple,True,family,3.46,2.88e-06,0.590171754360199
monstrous,suffix,ious,monster,True,freeroot,3.41,2.57e-06,0.5901798009872437
proudest,suffix,est,proud,True,family,2.93,8.51e-07,0.5902295708656311
cuteness,suffix,ness,cute,True,family,2.88,7.59e-07,0.5903610587120056
pigmentation,suffix,ion,pigment,True,freeroot,2.87,7.41e-07,0.5905077457427979
sorrowful,suffix,ful,sorrow,True,freeroot,2.7,5.01e-07,0.5906178951263428
uptrend,prefix,up,trend,True,family,2.2,1.58e-07,0.5907071828842163
risky,suffix,y,risk,True,freeroot,3.94,8.71e-06,0.5912165641784668
cruelest,suffix,est,cruel,True,family,2.37,2.34e-07,0.5912250876426697
arrogantly,suffix,ly,arrogant,True,freeroot,2.44,2.75e-07,0.5916686058044434
subtlety,suffix,ity,subtle,True,family,3.09,1.23e-06,0.5919522643089294
alphabetical,suffix,al,alphabet,True,family,3.22,1.66e-06,0.5923865437507629
metallic,suffix,ic,metal,True,freeroot,3.82,6.61e-06,0.5925053954124451
charioteer,suffix,eer,chariot,True,freeroot,2.11,1.29e-07,0.5928184390068054
bolder,suffix,er,bold,True,family,2.95,8.91e-07,0.5928540229797363
proprietorship,suffix,ship,proprietor,True,freeroot,2.39,2.45e-07,0.5930227041244507
panicky,suffix,y,panic,True,freeroot,2.63,4.27e-07,0.5931220650672913
surreptitiously,suffix,ly,surreptitious,True,freeroot,2.69,4.9e-07,0.5932294726371765
emission,suffix,ion,emit,True,freeroot,3.7,5.01e-06,0.593357503414154
clumsiness,suffix,ness,clumsy,True,family,2.37,2.34e-07,0.5934158563613892
wiser,suffix,er,wise,True,family,3.48,3.02e-06,0.5935911536216736
collector,suffix,or,collect,True,family,3.91,8.13e-06,0.593788206577301
maniacally,suffix,ly,maniac,True,family,2.39,2.45e-07,0.5939037203788757
sweeter,suffix,er,sweet,True,family,3.32,2.09e-06,0.5941576361656189
ornately,suffix,ly,ornate,True,freeroot,2.04,1.1e-07,0.5950297117233276
cheaper,suffix,er,cheap,True,family,4.22,1.66e-05,0.5951597094535828
melancholy,suffix,y,melanchol,False,family,3.39,2.45e-06,0.5957492589950562
denser,suffix,er,dense,True,family,2.95,8.91e-07,0.5958287119865417
actor,suffix,or,act,True,family,4.65,4.47e-05,0.5958975553512573
optimal,suffix,al,optim,False,family,3.94,8.71e-06,0.5960423350334167
pharmacy,suffix,y,pharma,True,family,3.87,7.41e-06,0.5961325764656067
usage,suffix,age,use,True,family,4.23,1.7e-05,0.5963716506958008
diplomacy,suffix,acy,diploma,True,family,3.71,5.13e-06,0.5966507792472839
rationalism,suffix,ism,rational,True,family,2.6,3.98e-07,0.5969220995903015
blasphemous,suffix,ious,blaspheme,True,family,2.84,6.92e-07,0.597359836101532
resurgent,suffix,ant,resurge,True,family,2.61,4.07e-07,0.5976928472518921
judicial,suffix,al,judic,False,family,4.14,1.38e-05,0.5977588295936584
obesity,suffix,ity,obese,True,freeroot,3.81,6.46e-06,0.5978063941001892
triumphant,suffix,ant,triumph,True,family,3.37,2.34e-06,0.5978314876556396
motivation,suffix,ion,motive,True,family,4.22,1.66e-05,0.5979294180870056
swampy,suffix,y,swamp,True,freeroot,2.76,5.75e-07,0.5980861186981201
garishly,suffix,ly,garish,True,freeroot,1.58,3.8e-08,0.5981913208961487
confidence,suffix,ance,confide,True,family,4.65,4.47e-05,0.5984883308410645
chaplaincy,suffix,acy,chaplain,True,freeroot,2.42,2.63e-07,0.5985353589057922
monoxide,prefix,mono,oxide,True,family,3.27,1.86e-06,0.5989914536476135
hypnotism,suffix,ism,hypn,False,family,2.45,2.82e-07,0.5995947122573853
instinctive,suffix,ive,instinct,True,family,3.04,1.1e-06,0.5996798276901245
palestinian,suffix,ian,palestine,True,freeroot,4.11,1.29e-05,0.5999091863632202
baronet,suffix,et,baron,True,family,2.83,6.76e-07,0.6003124117851257
premiership,suffix,ship,premier,True,freeroot,3.61,4.07e-06,0.6005567908287048
amendment,suffix,ment,amend,True,freeroot,4.38,2.4e-05,0.6011446118354797
winner,suffix,er,win,True,freeroot,4.8,6.31e-05,0.601655900478363
statuette,suffix,ette,statue,True,freeroot,2.61,4.07e-07,0.6017740368843079
rougher,suffix,er,rough,True,family,2.84,6.92e-07,0.602052628993988
dominate,suffix,ate,domin,True,family,3.87,7.41e-06,0.6023142337799072
skier,suffix,er,ski,True,freeroot,3.2,1.58e-06,0.6025106906890869
wryly,suffix,ly,wry,True,freeroot,2.41,2.57e-07,0.6030016541481018
rarer,suffix,er,rare,True,family,3.05,1.12e-06,0.6033501029014587
transatlantic,prefix,trans,atlantic,True,freeroot,3.2,1.58e-06,0.603516161441803
accuracy,suffix,acy,accur,False,family,4.24,1.74e-05,0.6039079427719116
certainty,suffix,ity,certain,True,family,3.82,6.61e-06,0.604092538356781
starkest,suffix,est,stark,True,family,1.55,3.55e-08,0.6042721271514893
rheumatism,suffix,ism,rheuma,False,family,2.62,4.17e-07,0.6048739552497864
prevention,suffix,ion,prevent,True,family,4.28,1.91e-05,0.605024516582489
resentment,suffix,ment,resent,True,family,3.61,4.07e-06,0.6052067279815674
peasantry,suffix,ory,peasant,True,freeroot,2.7,5.01e-07,0.6052997708320618
rationality,suffix,ity,rational,True,family,3.1,1.26e-06,0.6054333448410034
scandinavian,suffix,n,scandinavia,True,freeroot,3.49,3.09e-06,0.6057676076889038
sexism,suffix,ism,sex,True,family,3.52,3.31e-06,0.6060088276863098
minimal,suffix,al,minim,True,family,4.11,1.29e-05,0.6060431599617004
cleverness,suffix,ness,clever,True,family,2.69,4.9e-07,0.6062198281288147
algebraic,suffix,ic,algebra,True,freeroot,3.19,1.55e-06,0.606288731098175
specific,suffix,ic,spec,True,family,5.03,0.000107,0.606325626373291
thinnest,suffix,est,thin,True,family,2.67,4.68e-07,0.6064078211784363
bribery,suffix,ory,bribe,True,freeroot,3.4,2.51e-06,0.6065621376037598
empiricism,suffix,ism,empiric,True,family,2.48,3.02e-07,0.6067904829978943
economic,suffix,ic,econom,False,family,5.1,0.000126,0.6068329811096191
diplomatic,suffix,ic,diploma,True,family,4.11,1.29e-05,0.6075597405433655
tersely,suffix,ly,terse,True,freeroot,1.94,8.71e-08,0.6079283952713013
satanism,suffix,ism,satan,True,family,2.55,3.55e-07,0.6080068945884705
purer,suffix,er,pure,True,family,2.53,3.39e-07,0.6084157228469849
ferocious,suffix,ious,feroc,False,family,3.21,1.62e-06,0.6085048913955688
ninefold,suffix,fold,nine,True,family,1.5,3.16e-08,0.6085380911827087
busier,suffix,er,busy,True,family,2.93,8.51e-07,0.6085410714149475
ouster,suffix,er,oust,True,freeroot,2.72,5.25e-07,0.6088231801986694
resurgence,suffix,ance,resurge,True,family,3.31,2.04e-06,0.608954906463623
apologize,suffix,ize,apolog,False,family,4.16,1.45e-05,0.6089944243431091
monastic,suffix,ic,monast,False,family,3.1,1.26e-06,0.6090821027755737
ugliness,suffix,ness,ugly,True,family,2.98,9.55e-07,0.609399139881134
transcendent,suffix,ant,transcend,True,family,2.95,8.91e-07,0.6095795035362244
freshness,suffix,ness,fresh,True,family,3.12,1.32e-06,0.6095936298370361
midmorning,prefix,mid,morning,True,freeroot,1.91,8.13e-08,0.6097484230995178
looser,suffix,er,loose,True,family,2.99,9.77e-07,0.6098883152008057
tonsillitis,suffix,itis,tonsil,True,freeroot,2.38,2.4e-07,0.6099322438240051
zealous,suffix,ious,zeal,True,freeroot,2.99,9.77e-07,0.6099953651428223
graduation,suffix,ion,graduate,True,family,4.07,1.17e-05,0.6103220582008362
inflow,prefix,in,flow,True,family,2.89,7.76e-07,0.6106662154197693
sweetness,suffix,ness,sweet,True,family,3.48,3.02e-06,0.6108161211013794
tallest,suffix,est,tall,True,family,3.5,3.16e-06,0.6108484864234924
quickest,suffix,est,quick,True,family,3.42,2.63e-06,0.6119948029518127
crudest,suffix,est,crude,True,family,1.85,7.08e-08,0.6121271252632141
strongly,suffix,ly,strong,True,family,4.47,2.95e-05,0.6124669909477234
unripe,prefix,un,ripe,True,family,2.29,1.95e-07,0.6124880313873291
feminist,suffix,ist,femin,False,family,4.12,1.32e-05,0.6125800013542175
weakest,suffix,est,weak,True,family,3.59,3.89e-06,0.6126527786254883
coercion,suffix,ion,coerce,True,family,3.27,1.86e-06,0.6126617193222046
aggression,suffix,ion,aggress,False,family,3.9,7.94e-06,0.612766683101654
seizure,suffix,ure,seize,True,freeroot,3.74,5.5e-06,0.6133087277412415
allergy,suffix,y,allerg,False,family,3.6,3.98e-06,0.6133378744125366
cartoonist,suffix,ist,cartoon,True,freeroot,3.07,1.17e-06,0.6133659482002258
punter,suffix,er,punt,True,freeroot,3.05,1.12e-06,0.6133729219436646
realism,suffix,ism,real,True,family,3.69,4.9e-06,0.6134853363037109
conveyer,suffix,er,convey,True,family,2.03,1.07e-07,0.6135255694389343
preparation,suffix,ion,prepare,True,family,4.32,2.09e-05,0.6136486530303955
slanderous,suffix,ious,slander,True,freeroot,2.48,3.02e-07,0.6137164831161499
lowest,suffix,est,low,True,family,4.41,2.57e-05,0.6138060092926025
harshness,suffix,ness,harsh,True,family,2.65,4.47e-07,0.6139280200004578
warmest,suffix,est,warm,True,family,3.2,1.58e-06,0.6147955060005188
amongst,suffix,est,among,True,freeroot,4.31,2.04e-05,0.6149299740791321
exuberantly,suffix,ly,exuberant,True,freeroot,2.01,1.02e-07,0.6150593757629395
fulfilment,suffix,ment,fulfil,True,freeroot,2.97,9.33e-07,0.6151982545852661
instantaneously,suffix,ly,instantaneous,True,freeroot,2.9,7.94e-07,0.6152091026306152
zionist,suffix,ist,zion,True,family,3.4,2.51e-06,0.6155623197555542
hibernation,suffix,ion,hibernate,True,freeroot,3.01,1.02e-06,0.6155663728713989
religious,suffix,ious,relig,False,family,4.85,7.08e-05,0.6156481504440308
idiomatic,suffix,ic,idiom,True,freeroot,2.46,2.88e-07,0.6156493425369263
versatility,suffix,ity,versatile,True,freeroot,3.32,2.09e-06,0.6160104870796204
ominously,suffix,ly,ominous,True,freeroot,2.52,3.31e-07,0.6162559986114502
therapeutic,suffix,ic,therap,False,family,3.85,7.08e-06,0.6163546442985535
shameful,suffix,ful,shame,True,family,3.57,3.72e-06,0.6164560317993164
tribal,suffix,al,tribe,True,freeroot,4.03,1.07e-05,0.6164947152137756
narrative,suffix,ive,narrate,True,family,4.39,2.45e-05,0.6166041493415833
overtly,suffix,ly,overt,True,freeroot,3.16,1.45e-06,0.6167051196098328
nullify,suffix,ify,null,True,family,2.85,7.08e-07,0.6169058680534363
intestinal,suffix,al,intestine,True,freeroot,3.32,2.09e-06,0.6169361472129822
bothersome,suffix,some,bother,True,freeroot,2.68,4.79e-07,0.6169447302818298
lymphatic,suffix,ic,lymph,True,freeroot,2.82,6.61e-07,0.6171911358833313
eviction,suffix,ion,evict,True,freeroot,3.41,2.57e-06,0.6174966096878052
golfer,suffix,er,golf,True,freeroot,3.35,2.24e-06,0.6177740693092346
apology,suffix,y,apolog,False,family,4.05,1.12e-05,0.6177826523780823
invalid,prefix,im,valid,True,family,3.78,6.03e-06,0.6179337501525879
enzymatic,suffix,ic,enzyme,True,freeroot,2.77,5.89e-07,0.6180135607719421
labyrinthine,suffix,ine,labyrinth,True,freeroot,2.43,2.69e-07,0.6180203557014465
monastery,suffix,ory,monast,False,family,3.65,4.47e-06,0.61802738904953
resilience,suffix,ance,resili,False,family,3.58,3.8e-06,0.6181850433349609
kindest,suffix,est,kind,True,family,2.94,8.71e-07,0.6184390783309937
surreal,prefix,sur,real,True,family,3.59,3.89e-06,0.618510901927948
unceasing,prefix,un,cease,True,family,2.23,1.7e-07,0.6187365055084229
oboist,suffix,ist,oboe,True,freeroot,1.74,5.5e-08,0.6189071536064148
extravagantly,suffix,ly,extravagant,True,freeroot,2.46,2.88e-07,0.6191107034683228
blurry,suffix,y,blur,True,freeroot,3.27,1.86e-06,0.6194030046463013
napoleonic,suffix,ic,napoleon,True,freeroot,2.92,8.32e-07,0.6194139122962952
horrific,suffix,ic,horr,True,family,3.76,5.75e-06,0.6196427345275879
arrival,suffix,al,arrive,True,freeroot,4.44,2.75e-05,0.6197104454040527
quietest,suffix,est,quiet,True,family,2.6,3.98e-07,0.6198458671569824
disdainful,suffix,ful,disdain,True,freeroot,2.35,2.24e-07,0.6199136972427368
transcendence,suffix,ance,transcend,True,family,2.89,7.76e-07,0.6201001405715942
snobby,suffix,y,snob,True,family,2.52,3.31e-07,0.6202645897865295
bombastic,suffix,ic,bombast,True,freeroot,2.63,4.27e-07,0.6204843521118164
roughest,suffix,est,rough,True,family,2.52,3.31e-07,0.6207621097564697
intimacy,suffix,acy,intim,False,family,3.64,4.37e-06,0.6208950877189636
scanner,suffix,er,scan,True,freeroot,3.56,3.63e-06,0.621192455291748
bomber,suffix,er,bomb,True,freeroot,3.88,7.59e-06,0.6212202310562134
variation,suffix,ion,vary,True,family,4.08,1.2e-05,0.6214461326599121
publicize,suffix,ize,public,True,family,2.86,7.24e-07,0.6215733289718628
upsurge,prefix,up,surge,True,freeroot,2.68,4.79e-07,0.621688723564148
apprenticeship,suffix,ship,apprentice,True,freeroot,3.47,2.95e-06,0.6217977404594421
cheerful,suffix,ful,cheer,True,family,3.6,3.98e-06,0.6220202445983887
intuitive,suffix,ive,intuit,True,family,3.57,3.72e-06,0.6221131086349487
assure,prefix,a,sure,True,family,4.06,1.15e-05,0.6221333742141724
lightest,suffix,est,light,True,family,2.95,8.91e-07,0.6221740245819092
adjectival,suffix,al,adjective,True,freeroot,2.14,1.38e-07,0.6223184466362
idealist,suffix,ist,ideal,True,family,2.83,6.76e-07,0.6224260330200195
dioxide,prefix,di,oxide,True,family,3.81,6.46e-06,0.6224530935287476
digestion,suffix,ion,digest,True,family,3.31,2.04e-06,0.6225494146347046
encroachment,suffix,ment,encroach,True,freeroot,2.86,7.24e-07,0.6225944757461548
enable,prefix,en,able,True,family,4.3,2e-05,0.6226909160614014
prettiest,suffix,est,pretty,True,family,3.29,1.95e-06,0.6229299902915955
ellipsoid,suffix,oid,ellipse,True,freeroot,2.39,2.45e-07,0.6230645775794983
soundest,suffix,est,sound,True,family,1.71,5.13e-08,0.6230759620666504
stiffer,suffix,er,stiff,True,family,2.82,6.61e-07,0.6233463287353516
nostalgia,suffix,ia,nostalg,False,family,3.62,4.17e-06,0.6235986948013306
presidency,suffix,ancy,preside,True,family,4.16,1.45e-05,0.6238425970077515
snugly,suffix,ly,snug,True,freeroot,2.54,3.47e-07,0.6239942908287048
calvinist,suffix,ist,calvin,True,family,2.64,4.37e-07,0.6241820454597473
boldness,suffix,ness,bold,True,family,2.9,7.94e-07,0.6243835687637329
weakness,suffix,ness,weak,True,family,4.19,1.55e-05,0.6243871450424194
smoothness,suffix,ness,smooth,True,family,2.85,7.08e-07,0.6247785687446594
muddy,suffix,y,mud,True,freeroot,3.6,3.98e-06,0.6248725056648254
amalgamate,suffix,ate,amalgam,True,family,2.23,1.7e-07,0.6252093315124512
interviewee,suffix,ee,interview,True,family,2.7,5.01e-07,0.6253162026405334
taoist,suffix,ist,tao,True,family,2.68,4.79e-07,0.625342845916748
employment,suffix,ment,employ,True,family,4.56,3.63e-05,0.6256791949272156
usable,suffix,able,use,True,family,3.53,3.39e-06,0.6259762644767761
lighter,suffix,er,light,True,family,4.09,1.23e-05,0.626249372959137
venomous,suffix,ious,venom,True,freeroot,3.08,1.2e-06,0.6263458728790283
sevenfold,suffix,fold,seven,True,family,2.56,3.63e-07,0.62635338306427
frothy,suffix,y,froth,True,freeroot,2.63,4.27e-07,0.6264133453369141
defiant,suffix,ant,defy,True,family,3.21,1.62e-06,0.6264249086380005
dancer,suffix,er,dance,True,freeroot,3.99,9.77e-06,0.6264961361885071
phobia,suffix,ia,phobe,True,family,3.1,1.26e-06,0.6266468167304993
coercive,suffix,ive,coerce,True,family,2.98,9.55e-07,0.6267194151878357
continuation,suffix,ion,continue,True,family,3.71,5.13e-06,0.6271142959594727
purity,suffix,ity,pure,True,family,3.69,4.9e-06,0.6274048089981079
criticize,suffix,ize,critic,True,family,3.63,4.27e-06,0.6277468204498291
uterine,suffix,ine,utero,True,family,3.02,1.05e-06,0.6278071999549866
fresher,suffix,er,fresh,True,family,3.02,1.05e-06,0.6278309226036072
validity,suffix,ity,valid,True,family,3.7,5.01e-06,0.6279107332229614
islamic,suffix,ic,islam,True,freeroot,4.44,2.75e-05,0.6279125809669495
fungal,suffix,al,fung,True,family,3.31,2.04e-06,0.6279921531677246
athletics,suffix,ics,athlete,True,family,3.82,6.61e-06,0.6280302405357361
gangster,suffix,ster,gang,True,freeroot,3.55,3.55e-06,0.6280535459518433
pollution,suffix,ion,pollute,True,family,4.2,1.58e-05,0.6280733346939087
simplicity,suffix,ity,simple,True,family,3.77,5.89e-06,0.6281779408454895
tumultuous,suffix,ious,tumult,True,freeroot,3.06,1.15e-06,0.6283921003341675
budgetary,suffix,ory,budget,True,freeroot,3.16,1.45e-06,0.6287659406661987
endorsement,suffix,ment,endorse,True,freeroot,3.75,5.62e-06,0.6291274428367615
misunderstood,prefix,mis,understood,True,freeroot,3.61,4.07e-06,0.6292057633399963
pharmacist,suffix,ist,pharma,True,family,3.34,2.19e-06,0.6294257044792175
disobey,prefix,dis,obey,True,freeroot,2.83,6.76e-07,0.6298355460166931
freshest,suffix,est,fresh,True,family,2.76,5.75e-07,0.6300431489944458
rarest,suffix,est,rare,True,family,3.07,1.17e-06,0.630107581615448
bacteria,suffix,a,bacteri,False,family,4.19,1.55e-05,0.6302260756492615
defiance,suffix,ance,defy,True,family,3.48,3.02e-06,0.6303420066833496
pollutant,suffix,ant,pollute,True,family,2.69,4.9e-07,0.6304275989532471
investigative,suffix,ive,investigate,True,family,3.68,4.79e-06,0.630473256111145
deeper,suffix,er,deep,True,family,4.3,2e-05,0.6312230825424194
covertly,suffix,ly,covert,True,freeroot,2.82,6.61e-07,0.6312270164489746
resilient,suffix,ant,resili,False,family,3.5,3.16e-06,0.6312742829322815
darkest,suffix,est,dark,True,family,3.58,3.8e-06,0.6313228011131287
hateful,suffix,ful,hate,True,freeroot,3.52,3.31e-06,0.6313267350196838
ability,suffix,ity,able,True,family,4.96,9.12e-05,0.6316335797309875
reappear,prefix,re,appear,True,family,3.01,1.02e-06,0.6320896148681641
grander,suffix,er,grand,True,family,2.82,6.61e-07,0.6322755217552185
crispness,suffix,ness,crisp,True,family,2.14,1.38e-07,0.6325551271438599
greatest,suffix,est,great,True,family,4.79,6.17e-05,0.6327178478240967
promiscuous,suffix,ious,promiscu,False,family,2.93,8.51e-07,0.6331552863121033
caution,suffix,ion,caut,False,family,3.97,9.33e-06,0.6332913637161255
abdication,suffix,ion,abdicate,True,freeroot,2.8,6.31e-07,0.6333774328231812
acrimonious,suffix,ious,acrimony,True,freeroot,2.55,3.55e-07,0.6336672306060791
threaten,suffix,en,threat,True,freeroot,3.94,8.71e-06,0.6338033676147461
noblest,suffix,est,noble,True,family,2.52,3.31e-07,0.6339938640594482
protection,suffix,ion,protect,True,family,4.85,7.08e-05,0.6342163681983948
legendary,suffix,ory,legend,True,freeroot,4.23,1.7e-05,0.6349998116493225
cricketer,suffix,er,cricket,True,freeroot,3.25,1.78e-06,0.6351443529129028
empirical,suffix,al,empiric,True,family,3.62,4.17e-06,0.6351636648178101
violent,suffix,ant,viol,True,family,4.46,2.88e-05,0.6352238059043884
parasitic,suffix,ic,parasite,True,freeroot,3.27,1.86e-06,0.6352623105049133
nazism,suffix,ism,nazi,True,freeroot,3.1,1.26e-06,0.6353719830513
puppeteer,suffix,eer,puppet,True,freeroot,2.59,3.89e-07,0.6355703473091125
competitive,suffix,ive,compete,True,family,4.57,3.72e-05,0.6356883645057678
skepticism,suffix,ism,skeptic,True,family,3.4,2.51e-06,0.6358164548873901
sculpture,suffix,ure,sculpt,True,family,3.92,8.32e-06,0.6367045044898987
cheapest,suffix,est,cheap,True,family,3.75,5.62e-06,0.6369044184684753
heraldic,suffix,ic,herald,True,family,2.47,2.95e-07,0.6369083523750305
joyous,suffix,ious,joy,True,family,3.33,2.14e-06,0.6369809508323669
blatantly,suffix,ly,blatant,True,freeroot,3.2,1.58e-06,0.6372658610343933
pragmatist,suffix,ist,pragma,True,family,2.48,3.02e-07,0.6374506950378418
quicker,suffix,er,quick,True,family,3.92,8.32e-06,0.6376230716705322
elitism,suffix,ism,elite,True,family,2.63,4.27e-07,0.6378286480903625
abdominal,suffix,al,abdomen,True,freeroot,3.58,3.8e-06,0.6378525495529175
demonic,suffix,ic,demon,True,freeroot,3.33,2.14e-06,0.6380710601806641
exploration,suffix,ion,explore,True,family,4.19,1.55e-05,0.6382430195808411
serfdom,suffix,dom,serf,True,freeroot,2.49,3.09e-07,0.6390288472175598
eighth,suffix,th,eight,True,family,4.2,1.58e-05,0.639255940914154
coldest,suffix,est,cold,True,family,3.22,1.66e-06,0.6393104791641235
boldly,suffix,ly,bold,True,family,3.28,1.91e-06,0.6398201584815979
funny,suffix,y,fun,True,freeroot,5.02,0.000105,0.6399109363555908
calvinism,suffix,ism,calvin,True,family,2.58,3.8e-07,0.6402722001075745
orator,suffix,or,orate,True,family,2.9,7.94e-07,0.6407965421676636
tolerate,suffix,ate,toler,True,family,3.84,6.92e-06,0.6409481167793274
clarity,suffix,ity,clear,True,family,3.9,7.94e-06,0.6409828066825867
unending,prefix,un,end,True,family,2.95,8.91e-07,0.6411413550376892
reciprocal,suffix,al,reciproc,False,family,3.22,1.66e-06,0.6414345502853394
nucleus,suffix,us,nucleo,True,family,3.59,3.89e-06,0.6414441466331482
melody,suffix,y,melod,False,family,3.81,6.46e-06,0.6415343284606934
secretly,suffix,ly,secret,True,freeroot,4.01,1.02e-05,0.6415566802024841
rancorous,suffix,ious,rancor,True,freeroot,1.94,8.71e-08,0.6417772769927979
tourist,suffix,ist,tour,True,family,4.2,1.58e-05,0.6420299410820007
heavier,suffix,er,heavy,True,family,3.85,7.08e-06,0.6421785354614258
viability,suffix,ity,viable,True,freeroot,3.44,2.75e-06,0.6422014832496643
trodden,suffix,en,trod,True,freeroot,2.63,4.27e-07,0.6423903107643127
symptomatic,suffix,ic,symptom,True,freeroot,3.09,1.23e-06,0.6433605551719666
poorer,suffix,er,poor,True,family,3.6,3.98e-06,0.6435512900352478
smartest,suffix,est,smart,True,family,3.48,3.02e-06,0.6436337828636169
acidic,suffix,ic,acid,True,family,3.34,2.19e-06,0.6436660289764404
narrowest,suffix,est,narrow,True,family,2.7,5.01e-07,0.6437838673591614
densest,suffix,est,dense,True,family,2.4,2.51e-07,0.6443942785263062
hinduism,suffix,ism,hindu,True,freeroot,3.27,1.86e-06,0.6444593667984009
parisian,suffix,ian,paris,True,freeroot,3.28,1.91e-06,0.6445579528808594
weirdness,suffix,ness,weird,True,family,2.92,8.32e-07,0.6454149484634399
innovator,suffix,or,innovate,True,family,3.01,1.02e-06,0.6454570889472961
southward,suffix,ward,south,True,freeroot,3.07,1.17e-06,0.6455117464065552
enhancement,suffix,ment,enhance,True,freeroot,3.63,4.27e-06,0.6462820768356323
tenfold,suffix,fold,ten,True,family,2.8,6.31e-07,0.6464990377426147
worsen,suffix,en,worse,True,freeroot,3.06,1.15e-06,0.6465923190116882
fragility,suffix,ity,fragile,True,freeroot,2.98,9.55e-07,0.6469680666923523
safest,suffix,est,safe,True,family,3.56,3.63e-06,0.6470475792884827
volcano,suffix,o,volcan,True,family,3.76,5.75e-06,0.6472247242927551
nostalgic,suffix,ic,nostalg,False,family,3.45,2.82e-06,0.6472682356834412
taoism,suffix,ism,tao,True,family,2.49,3.09e-07,0.6472848653793335
purplish,suffix,ish,purple,True,freeroot,2.71,5.13e-07,0.6478838920593262
frantically,suffix,ly,frantic,True,freeroot,3.18,1.51e-06,0.6478849649429321
recently,suffix,ly,recent,True,freeroot,5.02,0.000105,0.6480591893196106
charitable,suffix,able,charit,False,family,3.91,8.13e-06,0.6485418081283569
racism,suffix,ism,race,True,family,4.25,1.78e-05,0.6486459970474243
heraldry,suffix,ory,herald,True,family,2.49,3.09e-07,0.6492449045181274
causal,suffix,al,cause,True,family,3.33,2.14e-06,0.6496211290359497
spanish,suffix,ish,spain,True,freeroot,4.73,5.37e-05,0.649832010269165
diacritical,suffix,al,diacritic,True,freeroot,1.81,6.46e-08,0.6499056220054626
proficiency,suffix,ancy,profici,False,family,3.43,2.69e-06,0.65038001537323
bacterium,suffix,ium,bacteri,False,family,3.05,1.12e-06,0.65040123462677
stronger,suffix,er,strong,True,family,4.55,3.55e-05,0.6504427790641785
nauseated,suffix,ate,nausea,True,family,2.42,2.63e-07,0.6508750915527344
broadest,suffix,est,broad,True,family,2.97,9.33e-07,0.6511552929878235
proficient,suffix,ant,profici,False,family,3.29,1.95e-06,0.6512189507484436
cheery,suffix,y,cheer,True,family,3.01,1.02e-06,0.651772141456604
melancholic,suffix,ic,melanchol,False,family,2.75,5.62e-07,0.6518778204917908
stealthy,suffix,y,stealth,True,freeroot,2.79,6.17e-07,0.6521912813186646
moldavian,suffix,n,moldavia,True,freeroot,1.93,8.51e-08,0.6523886322975159
nicest,suffix,est,nice,True,family,3.52,3.31e-06,0.6524375677108765
orbital,suffix,al,orbit,True,freeroot,3.59,3.89e-06,0.6525993943214417
legislative,suffix,ive,legislate,True,family,4.32,2.09e-05,0.6526381373405457
dominant,suffix,ant,domin,True,family,4.23,1.7e-05,0.6531015038490295
downtrend,prefix,down,trend,True,family,2.18,1.51e-07,0.6532319784164429
brightest,suffix,est,bright,True,family,3.55,3.55e-06,0.6538985967636108
threefold,suffix,fold,three,True,family,2.69,4.9e-07,0.6539966464042664
broaden,suffix,en,broad,True,family,3.3,2e-06,0.6540062427520752
thicker,suffix,er,thick,True,family,3.6,3.98e-06,0.6542492508888245
surtax,prefix,sur,tax,True,family,1.87,7.41e-08,0.6542611718177795
acrobatics,suffix,ics,acrobat,True,family,2.75,5.62e-07,0.6546480655670166
mildest,suffix,est,mild,True,family,2.23,1.7e-07,0.6555540561676025
undeveloped,prefix,un,develop,True,family,3.11,1.29e-06,0.6562697887420654
fanaticism,suffix,ism,fanatic,True,family,2.73,5.37e-07,0.6563035249710083
loudly,suffix,ly,loud,True,family,3.79,6.17e-06,0.656404435634613
nastiest,suffix,est,nasty,True,family,2.59,3.89e-07,0.6564589738845825
miraculous,suffix,ious,miracle,True,freeroot,3.43,2.69e-06,0.6567754149436951
mobster,suffix,ster,mob,True,freeroot,2.83,6.76e-07,0.6568459868431091
rican,suffix,n,rica,True,freeroot,3.43,2.69e-06,0.6573578119277954
zionism,suffix,ism,zion,True,family,3.1,1.26e-06,0.6576586365699768
operatic,suffix,ic,opera,True,freeroot,2.93,8.51e-07,0.6577993035316467
pregnant,suffix,ant,pregn,False,family,4.56,3.63e-05,0.6584633588790894
deterioration,suffix,ion,deteriorate,True,freeroot,3.43,2.69e-06,0.6585549712181091
tighten,suffix,en,tight,True,family,3.51,3.24e-06,0.6585660576820374
melodic,suffix,ic,melod,False,family,3.24,1.74e-06,0.6588503122329712
mayan,suffix,n,maya,True,freeroot,3.11,1.29e-06,0.6589499115943909
deterrence,suffix,ance,deter,True,family,2.99,9.77e-07,0.6591806411743164
cynicism,suffix,ism,cynic,True,family,3.13,1.35e-06,0.6593174934387207
saddest,suffix,est,sad,True,family,3.24,1.74e-06,0.6595647931098938
barbarity,suffix,ity,barbar,True,family,2.45,2.82e-07,0.6596555113792419
gloomy,suffix,y,gloom,True,freeroot,3.39,2.45e-06,0.6599997282028198
ceaseless,suffix,less,cease,True,family,2.57,3.72e-07,0.6600453853607178
lyricism,suffix,ism,lyric,True,family,2.63,4.27e-07,0.660278856754303
arterial,suffix,al,artery,True,freeroot,3.25,1.78e-06,0.6604166626930237
contemplation,suffix,ion,contemplate,True,family,3.15,1.41e-06,0.6610898971557617
smoother,suffix,er,smooth,True,family,3.35,2.24e-06,0.6611508727073669
wider,suffix,er,wide,True,family,4.24,1.74e-05,0.6617088913917542
comedian,suffix,ian,comedy,True,freeroot,3.96,9.12e-06,0.66194748878479
deepest,suffix,est,deep,True,family,3.77,5.89e-06,0.6622287034988403
poetic,suffix,ic,poet,True,family,3.69,4.9e-06,0.6622616648674011
slower,suffix,er,slow,True,family,3.98,9.55e-06,0.6632459163665771
lyrical,suffix,al,lyric,True,family,3.43,2.69e-06,0.663472592830658
toughest,suffix,est,tough,True,family,3.61,4.07e-06,0.663676381111145
fascist,suffix,ist,fasc,True,family,3.79,6.17e-06,0.6638940572738647
religion,suffix,ion,relig,False,family,4.74,5.5e-05,0.6639539003372192
worn,suffix,n,wore,True,freeroot,4.26,1.82e-05,0.6646775603294373
provocation,suffix,ion,provoke,True,family,3.19,1.55e-06,0.6649699807167053
happiest,suffix,est,happy,True,family,3.59,3.89e-06,0.6650345921516418
ferocity,suffix,ity,feroc,False,family,2.9,7.94e-07,0.6650856733322144
volcanic,suffix,ic,volcan,True,family,3.71,5.13e-06,0.6651699542999268
tolerance,suffix,ance,toler,True,family,4.06,1.15e-05,0.6651793122291565
nauseous,suffix,ious,nausea,True,family,3.07,1.17e-06,0.6652151346206665
obsession,suffix,ion,obsess,True,family,3.9,7.94e-06,0.6655613780021667
hygienic,suffix,ic,hygiene,True,freeroot,2.92,8.32e-07,0.6659766435623169
weirdest,suffix,est,weird,True,family,3.31,2.04e-06,0.6660441756248474
demolition,suffix,ion,demolish,True,freeroot,3.62,4.17e-06,0.6660953164100647
decadence,suffix,ance,decad,False,family,2.86,7.24e-07,0.6664345264434814
trombonist,suffix,ist,trombone,True,freeroot,2.06,1.15e-07,0.6664569973945618
fiercest,suffix,est,fierce,True,family,2.87,7.41e-07,0.6671195030212402
obsessive,suffix,ive,obsess,True,family,3.43,2.69e-06,0.667655885219574
criticism,suffix,ism,critic,True,family,4.49,3.09e-05,0.6677325367927551
ambiguous,suffix,ious,ambigu,False,family,3.57,3.72e-06,0.6677701473236084
pragmatic,suffix,ic,pragma,True,family,3.49,3.09e-06,0.6678904294967651
deterrent,suffix,ant,deter,True,family,3.33,2.14e-06,0.6681451201438904
accomplishment,suffix,ment,accomplish,True,freeroot,3.69,4.9e-06,0.6682305932044983
traditional,suffix,al,tradition,True,freeroot,4.84,6.92e-05,0.6682471632957458
mormonism,suffix,ism,mormon,True,freeroot,2.75,5.62e-07,0.6682491898536682
exemption,suffix,ion,exempt,True,freeroot,3.65,4.47e-06,0.6685121059417725
fourth,suffix,th,four,True,family,4.83,6.76e-05,0.6685580015182495
sweetest,suffix,est,sweet,True,family,3.41,2.57e-06,0.6685859560966492
snobbish,suffix,ish,snob,True,family,2.5,3.16e-07,0.6690795421600342
columnist,suffix,ist,column,True,freeroot,3.58,3.8e-06,0.6690884828567505
symbolism,suffix,ism,symbol,True,family,3.46,2.88e-06,0.6692313551902771
revenge,prefix,re,venge,False,family,4.28,1.91e-05,0.6693422198295593
tougher,suffix,er,tough,True,family,3.66,4.57e-06,0.669389545917511
wisest,suffix,est,wise,True,family,2.87,7.41e-07,0.6694889068603516
purest,suffix,est,pure,True,family,3.21,1.62e-06,0.6699674129486084
vengeance,suffix,ance,venge,False,family,3.68,4.79e-06,0.6702194809913635
clearer,suffix,er,clear,True,family,3.73,5.37e-06,0.6702883243560791
oddest,suffix,est,odd,True,family,2.6,3.98e-07,0.6703506708145142
ugliest,suffix,est,ugly,True,family,2.98,9.55e-07,0.6713441610336304
barbarism,suffix,ism,barbar,True,family,2.75,5.62e-07,0.6717542409896851
auctioneer,suffix,eer,auction,True,freeroot,3.15,1.41e-06,0.6718703508377075
charity,suffix,y,charit,False,family,4.45,2.82e-05,0.6724909543991089
provincial,suffix,al,province,True,freeroot,4.08,1.2e-05,0.6728017926216125
marxist,suffix,ist,marx,True,family,3.6,3.98e-06,0.672917902469635
fiefdom,suffix,dom,fief,True,freeroot,2.3,2e-07,0.6731932759284973
recuperation,suffix,ion,recuperate,True,freeroot,2.64,4.37e-07,0.6732693314552307
unite,suffix,ite,un,True,family,3.9,7.94e-06,0.6736817359924316
decadent,suffix,ant,decad,False,family,3.04,1.1e-06,0.6737122535705566
ambiguity,suffix,ity,ambigu,False,family,3.37,2.34e-06,0.6738104820251465
pregnancy,suffix,ancy,pregn,False,family,4.33,2.14e-05,0.6738138794898987
hawaiian,suffix,ian,hawaii,True,freeroot,3.68,4.79e-06,0.6738139986991882
bravest,suffix,est,brave,True,family,3.0,1e-06,0.6739751696586609
louder,suffix,er,loud,True,family,3.82,6.61e-06,0.6742558479309082
motivate,suffix,ate,motive,True,family,3.6,3.98e-06,0.6745021939277649
championship,suffix,ship,champion,True,freeroot,4.54,3.47e-05,0.6752796173095703
manipulation,suffix,ion,manipulate,True,family,3.85,7.08e-06,0.6753541231155396
martyrdom,suffix,dom,martyr,True,freeroot,3.16,1.45e-06,0.6754680871963501
jordanian,suffix,ian,jordan,True,freeroot,3.17,1.48e-06,0.6757491230964661
outdoor,prefix,out,door,True,family,4.23,1.7e-05,0.675857424736023
sicilian,suffix,ian,sicily,True,freeroot,3.11,1.29e-06,0.6765003800392151
recommendation,suffix,ion,recommend,True,freeroot,4.09,1.23e-05,0.677644670009613
smallest,suffix,est,small,True,family,4.01,1.02e-05,0.6778688430786133
slowest,suffix,est,slow,True,family,3.13,1.35e-06,0.6785156726837158
congratulation,suffix,ion,congratulate,True,family,2.73,5.37e-07,0.6789445281028748
partnership,suffix,ship,partner,True,freeroot,4.48,3.02e-05,0.6790655851364136
sharper,suffix,er,sharp,True,family,3.25,1.78e-06,0.6795804500579834
exquisitely,suffix,ly,exquisite,True,freeroot,2.92,8.32e-07,0.6799648404121399
sewerage,suffix,age,sewer,True,freeroot,2.85,7.08e-07,0.6801729798316956
aloofness,suffix,ness,aloof,True,freeroot,2.13,1.35e-07,0.6802356243133545
irony,suffix,y,iron,True,family,3.86,7.24e-06,0.6804561018943787
prosperity,suffix,ity,prosper,True,family,3.91,8.13e-06,0.6808795928955078
narration,suffix,ion,narrate,True,family,3.32,2.09e-06,0.6824396252632141
bronchitis,suffix,itis,bronchi,True,family,2.92,8.32e-07,0.6830826997756958
heaviest,suffix,est,heavy,True,family,3.35,2.24e-06,0.683546781539917
polyurethane,prefix,poly,urethane,True,freeroot,2.76,5.75e-07,0.683932900428772
autistic,suffix,ic,auto,True,family,3.43,2.69e-06,0.684155285358429
percentage,suffix,age,percent,True,freeroot,4.48,3.02e-05,0.6843317151069641
relaxation,suffix,ion,relax,True,freeroot,3.71,5.13e-06,0.6848301887512207
congratulatory,suffix,ory,congratulate,True,family,2.73,5.37e-07,0.6855049133300781
marxism,suffix,ism,marx,True,family,3.35,2.24e-06,0.6863381266593933
smoothest,suffix,est,smooth,True,family,2.65,4.47e-07,0.6864172220230103
autism,suffix,ism,auto,True,family,3.97,9.33e-06,0.6865255832672119
tightest,suffix,est,tight,True,family,2.61,4.07e-07,0.6866819858551025
strangest,suffix,est,strange,True,family,3.25,1.78e-06,0.6877342462539673
horizontally,suffix,ly,horizontal,True,freeroot,3.3,2e-06,0.6893687844276428
northward,suffix,ward,north,True,freeroot,3.22,1.66e-06,0.6896148920059204
innovation,suffix,ion,innovate,True,family,4.32,2.09e-05,0.6896877884864807
sharpest,suffix,est,sharp,True,family,2.91,8.13e-07,0.6897172927856445
detection,suffix,ion,detect,True,family,4.06,1.15e-05,0.6902045011520386
boldest,suffix,est,bold,True,family,2.53,3.39e-07,0.6903162598609924
happier,suffix,er,happy,True,family,4.06,1.15e-05,0.6914185285568237
singaporean,suffix,ian,singapore,True,freeroot,2.97,9.33e-07,0.6917482614517212
tighter,suffix,er,tight,True,family,3.58,3.8e-06,0.6920879483222961
polystyrene,prefix,poly,styrene,True,freeroot,2.8,6.31e-07,0.6927435994148254
heiress,suffix,ess,heir,True,freeroot,3.07,1.17e-06,0.6927745342254639
pragmatism,suffix,ism,pragma,True,family,2.97,9.33e-07,0.6928306818008423
vainly,suffix,ly,vain,True,freeroot,2.36,2.29e-07,0.6930273771286011
payment,suffix,ment,pay,True,family,4.66,4.57e-05,0.6930273771286011
feminism,suffix,ism,femin,False,family,3.85,7.08e-06,0.694757878780365
important,suffix,ant,import,True,family,5.44,0.000275,0.6955898404121399
contemplative,suffix,ive,contemplate,True,family,2.89,7.76e-07,0.6961126923561096
ironic,suffix,ic,iron,True,family,3.8,6.31e-06,0.6967352628707886
simplest,suffix,est,simple,True,family,3.65,4.47e-06,0.6967451572418213
sporadically,suffix,ly,sporadic,True,freeroot,2.92,8.32e-07,0.6971086859703064
vertically,suffix,ly,vertical,True,freeroot,3.46,2.88e-06,0.6980457305908203
indoor,prefix,in,door,True,family,4.09,1.23e-05,0.6985777020454407
superbly,suffix,ly,superb,True,freeroot,3.0,1e-06,0.6988397240638733
chosen,suffix,en,chose,True,freeroot,4.61,4.07e-05,0.6988823413848877
tunisia,suffix,ia,tunis,True,freeroot,3.57,3.72e-06,0.6997601985931396
embryonic,suffix,ic,embryo,True,freeroot,3.23,1.7e-06,0.7003777027130127
safer,suffix,er,safe,True,family,4.09,1.23e-05,0.700899600982666
widest,suffix,est,wide,True,family,3.25,1.78e-06,0.701593816280365
fascism,suffix,ism,fasc,True,family,3.58,3.8e-06,0.7017322778701782
steepest,suffix,est,steep,True,family,2.64,4.37e-07,0.7018541097640991
prosperous,suffix,ious,prosper,True,family,3.6,3.98e-06,0.7020875811576843
fungus,suffix,us,fung,True,family,3.53,3.39e-06,0.7033240795135498
veterinarian,suffix,ian,veterinary,True,freeroot,3.19,1.55e-06,0.7037078738212585
allergic,suffix,ic,allerg,False,family,3.78,6.03e-06,0.7038257122039795
kitschy,suffix,y,kitsch,True,freeroot,2.21,1.62e-07,0.7045704126358032
catastrophic,suffix,ic,catastrophe,True,freeroot,3.58,3.8e-06,0.704596757888794
investigator,suffix,or,investigate,True,family,3.83,6.76e-06,0.7046257257461548
steeper,suffix,er,steep,True,family,2.91,8.13e-07,0.7051482200622559
poorest,suffix,est,poor,True,family,3.45,2.82e-06,0.7061680555343628
coniferous,suffix,ious,conifer,True,freeroot,2.54,3.47e-07,0.7070218920707703
recreational,suffix,al,recreation,True,freeroot,3.91,8.13e-06,0.708251953125
intricately,suffix,ly,intricate,True,freeroot,2.73,5.37e-07,0.7083062529563904
earldom,suffix,dom,earl,True,freeroot,2.26,1.82e-07,0.7097994089126587
harsher,suffix,er,harsh,True,family,3.06,1.15e-06,0.7107545733451843
loudest,suffix,est,loud,True,family,3.21,1.62e-06,0.7110135555267334
retinal,suffix,al,retina,True,freeroot,3.13,1.35e-06,0.7111533284187317
uterus,suffix,us,utero,True,family,3.4,2.51e-06,0.711764931678772
narrator,suffix,or,narrate,True,family,3.81,6.46e-06,0.7119498252868652
joyful,suffix,ful,joy,True,family,3.4,2.51e-06,0.7127709984779358
modernism,suffix,ism,modern,True,family,3.13,1.35e-06,0.7148229479789734
investigation,suffix,ion,investigate,True,family,4.75,5.62e-05,0.7151138782501221
loamy,suffix,y,loam,True,freeroot,2.22,1.66e-07,0.71515291929245
paganism,suffix,ism,pagan,True,freeroot,2.79,6.17e-07,0.7152267694473267
confucianism,suffix,ism,confucian,True,freeroot,2.61,4.07e-07,0.7179182767868042
stolen,suffix,en,stole,True,freeroot,4.41,2.57e-05,0.7180896401405334
violinist,suffix,ist,violin,True,freeroot,3.1,1.26e-06,0.7183074355125427
cleanest,suffix,est,clean,True,family,2.94,8.71e-07,0.7202661037445068
weaker,suffix,er,weak,True,family,3.89,7.76e-06,0.7218368649482727
encourage,prefix,en,courage,True,family,4.45,2.82e-05,0.7223135828971863
importance,suffix,ance,import,True,family,4.56,3.63e-05,0.7230849266052246
barbarous,suffix,ious,barbar,True,family,2.54,3.47e-07,0.7231539487838745
cultural,suffix,al,culture,True,freeroot,4.75,5.62e-05,0.7231891751289368
doctorate,suffix,ate,doctor,True,family,3.38,2.4e-06,0.723219633102417
vigilant,suffix,ant,vigil,True,family,3.34,2.19e-06,0.7237856388092041
successful,suffix,ful,success,True,freeroot,4.94,8.71e-05,0.7242314219474792
compliance,suffix,ance,comply,True,freeroot,4.17,1.48e-05,0.7243351340293884
senator,suffix,or,senate,True,freeroot,4.58,3.8e-05,0.7244378328323364
sculptor,suffix,or,sculpt,True,family,3.34,2.19e-06,0.7248775959014893
pianist,suffix,ist,piano,True,freeroot,3.48,3.02e-06,0.7250432968139648
guitarist,suffix,ist,guitar,True,freeroot,3.63,4.27e-06,0.7251902222633362
immoral,prefix,im,moral,True,family,3.46,2.88e-06,0.7258822321891785
mediator,suffix,or,mediate,True,family,3.29,1.95e-06,0.7281116843223572
american,suffix,n,america,True,freeroot,5.49,0.000309,0.7285053730010986
mediation,suffix,ion,mediate,True,family,3.51,3.24e-06,0.7285919785499573
prussian,suffix,n,prussia,True,freeroot,3.26,1.82e-06,0.7287554740905762
abolition,suffix,ion,abolish,True,freeroot,3.51,3.24e-06,0.7303028702735901
asceticism,suffix,ism,ascetic,True,freeroot,2.4,2.51e-07,0.7316955327987671
extradition,suffix,ion,extradite,True,freeroot,3.28,1.91e-06,0.7319449782371521
gambian,suffix,n,gambia,True,freeroot,2.27,1.86e-07,0.7326468229293823
vigilance,suffix,ance,vigil,True,family,3.16,1.45e-06,0.7349656820297241
innovative,suffix,ive,innovate,True,family,4.1,1.26e-05,0.7366900444030762
abundant,suffix,ant,abound,True,family,3.77,5.89e-06,0.7367618680000305
siberian,suffix,n,siberia,True,freeroot,3.31,2.04e-06,0.7368947863578796
retaliatory,suffix,ory,retaliate,True,family,2.85,7.08e-07,0.737494945526123
panamanian,suffix,ian,panama,True,freeroot,2.74,5.5e-07,0.7382328510284424
strongest,suffix,est,strong,True,family,4.12,1.32e-05,0.7386841177940369
samoan,suffix,n,samoa,True,freeroot,2.87,7.41e-07,0.740898072719574
doctoral,suffix,al,doctor,True,family,3.55,3.55e-06,0.7414039373397827
laotian,suffix,ian,laos,True,freeroot,2.39,2.45e-07,0.7416043281555176
paraguayan,suffix,ian,paraguay,True,freeroot,2.47,2.95e-07,0.7430282235145569
crimean,suffix,n,crimea,True,freeroot,3.25,1.78e-06,0.7433859705924988
ninth,suffix,th,nine,True,family,4.07,1.17e-05,0.7444421648979187
harshest,suffix,est,harsh,True,family,2.7,5.01e-07,0.7499950528144836
ratification,suffix,ion,ratify,True,freeroot,3.14,1.38e-06,0.7512014508247375
kashmiri,suffix,i,kashmir,True,freeroot,2.96,9.12e-07,0.7516571879386902
retaliation,suffix,ion,retaliate,True,family,3.55,3.55e-06,0.7534420490264893
grandest,suffix,est,grand,True,family,2.76,5.75e-07,0.7542483806610107
albanian,suffix,n,albania,True,freeroot,3.25,1.78e-06,0.754284679889679
fifth,suffix,th,five,True,family,4.78,6.03e-05,0.7556654810905457
asian,suffix,n,asia,True,freeroot,4.69,4.9e-05,0.7558621764183044
expiry,suffix,y,expire,True,family,3.0,1e-06,0.7562838196754456
brighter,suffix,er,bright,True,family,3.73,5.37e-06,0.757498562335968
participation,suffix,ion,participate,True,freeroot,4.33,2.14e-05,0.7575289011001587
abundance,suffix,ance,abound,True,family,3.86,7.24e-06,0.7582675218582153
barbaric,suffix,ic,barbar,True,family,3.27,1.86e-06,0.7582753896713257
simpler,suffix,er,simple,True,family,3.83,6.76e-06,0.7597626447677612
european,suffix,ian,europe,True,freeroot,5.08,0.00012,0.7601454854011536
polypropylene,prefix,poly,propylene,True,freeroot,2.69,4.9e-07,0.7640810012817383
retirement,suffix,ment,retire,True,freeroot,4.53,3.39e-05,0.7681574821472168
relentless,suffix,less,relent,True,family,3.51,3.24e-06,0.7698303461074829
uruguayan,suffix,ian,uruguay,True,freeroot,2.96,9.12e-07,0.7701913118362427
fourfold,suffix,fold,four,True,family,2.44,2.75e-07,0.7715003490447998
seventh,suffix,th,seven,True,family,4.25,1.78e-05,0.7720907330513
expiration,suffix,ion,expire,True,family,3.48,3.02e-06,0.7724425196647644
unrelenting,prefix,un,relent,True,family,2.92,8.32e-07,0.7758520245552063
navy,suffix,y,nav,True,family,4.57,3.72e-05,0.7768356204032898
ghanaian,suffix,ian,ghana,True,freeroot,3.14,1.38e-06,0.7772451043128967
fivefold,suffix,fold,five,True,family,2.32,2.09e-07,0.7813489437103271
naval,suffix,al,nav,True,family,4.24,1.74e-05,0.784049928188324
senegalese,suffix,ese,senegal,True,freeroot,2.72,5.25e-07,0.7867227792739868
decrease,prefix,de,crease,True,family,4.17,1.48e-05,0.7912003397941589
armenian,suffix,n,armenia,True,freeroot,3.6,3.98e-06,0.7944768071174622
parliamentary,suffix,ory,parliament,True,freeroot,4.18,1.51e-05,0.7965089678764343
polemical,suffix,al,polemic,True,freeroot,2.49,3.09e-07,0.7973604202270508
tongan,suffix,n,tonga,True,freeroot,2.52,3.31e-07,0.7975091934204102
downstairs,prefix,down,stair,True,family,3.72,5.25e-06,0.79778653383255
cancellation,suffix,ion,cancel,True,freeroot,3.76,5.75e-06,0.7982653379440308
polyethylene,prefix,poly,ethylene,True,freeroot,2.97,9.33e-07,0.8062407970428467
mongolian,suffix,n,mongolia,True,freeroot,3.09,1.23e-06,0.8079307675361633
haitian,suffix,ian,haiti,True,freeroot,3.35,2.24e-06,0.8090231418609619
twelfth,suffix,th,twelve,True,freeroot,3.51,3.24e-06,0.8097288608551025
hungarian,suffix,ian,hungary,True,freeroot,3.79,6.17e-06,0.8112635016441345
chilean,suffix,ian,chile,True,freeroot,3.44,2.75e-06,0.8128990530967712
eritrean,suffix,n,eritrea,True,freeroot,2.72,5.25e-07,0.8136599063873291
mauritanian,suffix,n,mauritania,True,freeroot,2.29,1.95e-07,0.8138124942779541
increase,prefix,in,crease,True,family,5.08,0.00012,0.8142397999763489
tibetan,suffix,ian,tibet,True,freeroot,3.51,3.24e-06,0.8193224668502808
ukrainian,suffix,ian,ukraine,True,freeroot,4.18,1.51e-05,0.8210775256156921
eleventh,suffix,th,eleven,True,freeroot,3.48,3.02e-06,0.8232356905937195
canadian,suffix,ian,canada,True,freeroot,4.7,5.01e-05,0.8273705840110779
jamaican,suffix,n,jamaica,True,freeroot,3.57,3.72e-06,0.8274200558662415
norwegian,suffix,ian,norway,True,freeroot,3.95,8.91e-06,0.8281341195106506
slovenian,suffix,n,slovenia,True,freeroot,2.92,8.32e-07,0.8286188244819641
guatemalan,suffix,n,guatemala,True,freeroot,2.92,8.32e-07,0.8294729590415955
sixth,suffix,th,six,True,family,4.38,2.4e-05,0.8295146822929382
upstairs,prefix,up,stair,True,family,3.87,7.41e-06,0.8295254707336426
bangladeshi,suffix,i,bangladesh,True,freeroot,3.12,1.32e-06,0.8297554850578308
sixfold,suffix,fold,six,True,family,2.0,1e-07,0.8330591320991516
omani,suffix,i,oman,True,freeroot,2.41,2.57e-07,0.8371134400367737
qatari,suffix,i,qatar,True,freeroot,2.91,8.13e-07,0.841812014579773
ethiopian,suffix,n,ethiopia,True,freeroot,3.51,3.24e-06,0.8427566289901733
zimbabwean,suffix,ian,zimbabwe,True,freeroot,2.86,7.24e-07,0.8429843187332153
argentinian,suffix,ian,argentine,True,freeroot,3.1,1.26e-06,0.8433840870857239
bahraini,suffix,i,bahrain,True,freeroot,2.71,5.13e-07,0.8440221548080444
liberian,suffix,n,liberia,True,freeroot,3.01,1.02e-06,0.8506972789764404
namibian,suffix,n,namibia,True,freeroot,2.48,3.02e-07,0.8510590195655823
brazilian,suffix,ian,brazil,True,freeroot,4.23,1.7e-05,0.853482723236084
kuwaiti,suffix,i,kuwait,True,freeroot,2.91,8.13e-07,0.855039656162262
libyan,suffix,n,libya,True,freeroot,3.42,2.63e-06,0.855771005153656
nepalese,suffix,ese,nepal,True,freeroot,2.94,8.71e-07,0.8560579419136047
italian,suffix,ian,italy,True,freeroot,4.66,4.57e-05,0.8564066290855408
egyptian,suffix,ian,egypt,True,freeroot,4.21,1.62e-05,0.8594351410865784
macedonian,suffix,n,macedonia,True,freeroot,3.08,1.2e-06,0.8612086772918701
zambian,suffix,n,zambia,True,freeroot,2.86,7.24e-07,0.8621478080749512
angolan,suffix,n,angola,True,freeroot,2.63,4.27e-07,0.862917959690094
iranian,suffix,ian,iran,True,freeroot,4.16,1.45e-05,0.8629335165023804
tanzanian,suffix,n,tanzania,True,freeroot,2.72,5.25e-07,0.8637087941169739
bulgarian,suffix,n,bulgaria,True,freeroot,3.81,6.46e-06,0.8678841590881348
african,suffix,n,africa,True,freeroot,4.82,6.61e-05,0.8696274757385254
vietnamese,suffix,ese,vietnam,True,freeroot,3.85,7.08e-06,0.8795968890190125
nicaraguan,suffix,n,nicaragua,True,freeroot,2.82,6.61e-07,0.8797731995582581
rwandan,suffix,n,rwanda,True,freeroot,2.94,8.71e-07,0.8802689909934998
iraqi,suffix,i,iraq,True,freeroot,3.95,8.91e-06,0.8846235871315002
syrian,suffix,n,syria,True,freeroot,4.14,1.38e-05,0.8851698637008667
algerian,suffix,n,algeria,True,freeroot,3.26,1.82e-06,0.88701331615448
romanian,suffix,n,romania,True,freeroot,3.58,3.8e-06,0.8944398760795593
yemeni,suffix,i,yemen,True,freeroot,3.14,1.38e-06,0.8952061533927917
cuban,suffix,n,cuba,True,freeroot,3.93,8.51e-06,0.8964785933494568
kenyan,suffix,n,kenya,True,freeroot,3.57,3.72e-06,0.898227334022522
austrian,suffix,n,austria,True,freeroot,3.8,6.31e-06,0.9022060632705688
bolivian,suffix,n,bolivia,True,freeroot,3.03,1.07e-06,0.9026620388031006
australian,suffix,n,australia,True,freeroot,4.93,8.51e-05,0.9034361839294434
cambodian,suffix,n,cambodia,True,freeroot,3.25,1.78e-06,0.9054474830627441
ugandan,suffix,n,uganda,True,freeroot,3.2,1.58e-06,0.9077551960945129
taiwanese,suffix,ese,taiwan,True,freeroot,3.34,2.19e-06,0.9085311889648438
venezuelan,suffix,n,venezuela,True,freeroot,3.43,2.69e-06,0.9132595658302307
sudanese,suffix,ese,sudan,True,freeroot,3.29,1.95e-06,0.9173749089241028
malaysian,suffix,n,malaysia,True,freeroot,3.84,6.92e-06,0.9207041263580322
korean,suffix,n,korea,True,freeroot,4.49,3.09e-05,0.921996533870697
pakistani,suffix,i,pakistan,True,freeroot,4.01,1.02e-05,0.9283769130706787
japanese,suffix,ese,japan,True,freeroot,4.81,6.46e-05,0.9305147528648376
russian,suffix,n,russia,True,freeroot,5.01,0.000102,0.9308887124061584
colombian,suffix,n,colombia,True,freeroot,3.57,3.72e-06,0.9332570433616638
chinese,suffix,ese,china,True,freeroot,5.01,0.000102,0.9465067982673645
