word,root,affix,side,zipf,comp
refused,fused,re,prefix,4.54,-0.2469405084848404
mission,sion,mis,prefix,4.87,-0.20381641387939453
remains,mains,re,prefix,4.8,-0.2015889436006546
reported,ported,re,prefix,5.0,-0.1897127330303192
consist,cons,ist,suffix,3.94,-0.1826435774564743
preface,face,pre,prefix,3.39,-0.15902261435985565
refuses,fuses,re,prefix,4.02,-0.15847408771514893
relevant,levant,re,prefix,4.61,-0.15712179243564606
dispatch,patch,dis,prefix,3.76,-0.15412640571594238
reward,ward,re,prefix,4.33,-0.1539485901594162
resides,sides,re,prefix,3.54,-0.15301963686943054
reveal,veal,re,prefix,4.43,-0.14530564844608307
record,cord,re,prefix,5.21,-0.14356328547000885
charity,char,ity,suffix,4.45,-0.14136798679828644
records,cords,re,prefix,4.9,-0.13648369908332825
reactor,actor,re,prefix,3.83,-0.13199855387210846
reversed,versed,re,prefix,3.88,-0.13165871798992157
released,leased,re,prefix,5.05,-0.12806151807308197
rewards,wards,re,prefix,4.1,-0.12555623054504395
relate,late,re,prefix,4.24,-0.12358181923627853
retail,tail,re,prefix,4.55,-0.11957674473524094
reaching,aching,re,prefix,4.46,-0.11742310225963593
disappointing,appointing,dis,prefix,4.02,-0.11664091795682907
antigone,gone,anti,prefix,2.51,-0.11263643205165863
reactors,actors,re,prefix,3.52,-0.11249149590730667
cooperation,cooper,ation,suffix,4.3,-0.11189809441566467
resting,sting,re,prefix,3.89,-0.10937198251485825
refuse,fuse,re,prefix,4.39,-0.10462430864572525
situation,situ,ation,suffix,5.09,-0.10230717808008194
presides,sides,pre,prefix,2.71,-0.10119207948446274
overseeing,seeing,over,prefix,3.38,-0.09798314422369003
captive,capt,ive,suffix,3.7,-0.09629307687282562
replaces,places,re,prefix,3.63,-0.09319011867046356
interfaces,faces,inter,prefix,3.47,-0.08978889137506485
audition,audi,tion,suffix,3.77,-0.08976957201957703
repeat,peat,re,prefix,4.49,-0.0873880609869957
preside,side,pre,prefix,2.99,-0.08666297048330307
distribute,tribute,dis,prefix,3.79,-0.08362771570682526
resorts,sorts,re,prefix,3.75,-0.0806240662932396
really,ally,re,prefix,5.97,-0.07666952162981033
prevail,vail,pre,prefix,3.55,-0.07480413466691971
resorted,sorted,re,prefix,3.23,-0.07272224873304367
request,quest,re,prefix,4.76,-0.07047227025032043
oversight,sight,over,prefix,3.83,-0.06965796649456024
generalist,general,ist,suffix,2.63,-0.06458799540996552
outlined,lined,out,prefix,3.87,-0.06392093747854233
preceded,ceded,pre,prefix,3.68,-0.06276597827672958
violation,viola,tion,suffix,4.15,-0.0626726970076561
fallible,fall,ible,suffix,2.56,-0.06205727159976959
revolt,volt,re,prefix,3.73,-0.06041181832551956
transparent,parent,trans,prefix,4.01,-0.058823417872190475
outages,ages,out,prefix,3.09,-0.05856611952185631
sensation,sens,ation,suffix,3.9,-0.05786740407347679
refined,fined,re,prefix,3.83,-0.05763990804553032
transformer,former,trans,prefix,3.37,-0.055042628198862076
woodward,wood,ward,suffix,3.5,-0.05366165190935135
mothership,mother,ship,suffix,2.69,-0.05342312902212143
reliable,liable,re,prefix,4.29,-0.05337800085544586
casement,case,ment,suffix,2.68,-0.05331362411379814
reports,ports,re,prefix,4.9,-0.05285334214568138
unions,ions,un,prefix,4.24,-0.05176263675093651
methodist,method,ist,suffix,3.65,-0.05115898698568344
revenue,venue,re,prefix,4.64,-0.05011188983917236
understandings,standings,under,prefix,2.96,-0.048277031630277634
remembers,members,re,prefix,3.93,-0.046638261526823044
overseas,seas,over,prefix,4.29,-0.045645102858543396
underwriter,writer,under,prefix,2.64,-0.045574575662612915
cellist,cell,ist,suffix,2.71,-0.04474027827382088
unturned,turned,un,prefix,2.73,-0.043824728578329086
outward,ward,out,prefix,3.52,-0.04381381720304489
outputs,puts,out,prefix,3.39,-0.04282647371292114
prevent,vent,pre,prefix,4.79,-0.042563896626234055
release,lease,re,prefix,5.09,-0.04002571478486061
retina,tina,re,prefix,3.4,-0.03929167613387108
missing,sing,mis,prefix,5.05,-0.0375368632376194
probation,prob,ation,suffix,3.79,-0.03734401986002922
intermission,mission,inter,prefix,3.01,-0.03580564260482788
relays,lays,re,prefix,3.19,-0.034742165356874466
discrete,crete,dis,prefix,3.56,-0.03465056046843529
disorders,orders,dis,prefix,4.14,-0.03417449817061424
commandment,command,ment,suffix,3.17,-0.0325850248336792
grateful,grate,ful,suffix,4.35,-0.03203567862510681
underwriters,writers,under,prefix,2.84,-0.03145969286561012
releasing,leasing,re,prefix,4.14,-0.029742920771241188
supervision,vision,super,prefix,3.94,-0.0279163159430027
understudy,study,under,prefix,2.75,-0.027321629226207733
transporter,porter,trans,prefix,3.19,-0.026832960546016693
remember,member,re,prefix,5.38,-0.026514682918787003
outlast,last,out,prefix,2.81,-0.025329208001494408
preventing,venting,pre,prefix,4.12,-0.02436278760433197
diversity,divers,ity,suffix,4.32,-0.024294758215546608
dislocated,located,dis,prefix,3.03,-0.023894550278782845
presiding,siding,pre,prefix,3.46,-0.02327534183859825
reaches,aches,re,prefix,4.16,-0.022110115736722946
outgoing,going,out,prefix,3.59,-0.02160685695707798
oversees,sees,over,prefix,3.29,-0.021595478057861328
deviation,devi,ation,suffix,3.4,-0.021001195535063744
recent,cent,re,prefix,5.04,-0.019726067781448364
repairing,pairing,re,prefix,3.55,-0.018283406272530556
distracts,tracts,dis,prefix,2.81,-0.018165217712521553
moveable,move,able,suffix,2.75,-0.01795596070587635
reserves,serves,re,prefix,4.22,-0.017903245985507965
fidelity,fidel,ity,suffix,3.52,-0.017644647508859634
generation,genera,tion,suffix,4.82,-0.01760401390492916
reporter,porter,re,prefix,4.35,-0.017249368131160736
subsist,subs,ist,suffix,2.55,-0.017124027013778687
outcrop,crop,out,prefix,2.76,-0.01699412241578102
remorse,morse,re,prefix,3.49,-0.016558462753891945
discounts,counts,dis,prefix,3.79,-0.01627945713698864
archive,arch,ive,suffix,3.98,-0.015590460039675236
counterpart,part,counter,prefix,3.7,-0.014622312970459461
rebound,bound,re,prefix,3.53,-0.014046775177121162
reverses,verses,re,prefix,3.05,-0.014020745642483234
interface,face,inter,prefix,4.12,-0.013855946250259876
transpose,pose,trans,prefix,2.54,-0.012065760791301727
prelate,late,pre,prefix,2.65,-0.011698701418936253
requests,quests,re,prefix,4.28,-0.009844937361776829
forecast,cast,fore,prefix,4.09,-0.00963851809501648
outskirts,skirts,out,prefix,3.56,-0.009612098336219788
retiring,tiring,re,prefix,3.8,-0.006557255517691374
discord,cord,dis,prefix,3.45,-0.00528601324185729
undies,dies,un,prefix,2.89,-0.004412916488945484
repairs,pairs,re,prefix,4.08,-0.004096263088285923
uninitiated,initiated,un,prefix,2.7,-0.00406490545719862
transplantation,plantation,trans,prefix,3.23,-0.0038849646225571632
underlined,lined,under,prefix,3.1,-0.0021274297032505274
highness,high,ness,suffix,3.34,-0.0018898423295468092
reverse,verse,re,prefix,4.37,-0.0005507345194928348
discovers,covers,dis,prefix,3.62,6.48478016955778e-05
repost,post,re,prefix,3.6,0.00045912055065855384
regent,gent,re,prefix,3.45,0.0005696493899449706
preaching,aching,pre,prefix,3.69,0.0010345194023102522
intermediate,mediate,inter,prefix,4.04,0.0011272616684436798
recovers,covers,re,prefix,3.27,0.0011488832533359528
overriding,riding,over,prefix,3.09,0.0012750790920108557
reside,side,re,prefix,3.67,0.0017485462594777346
dispatched,patched,dis,prefix,3.61,0.0018908967031165957
retires,tires,re,prefix,3.29,0.0025557950139045715
resided,sided,re,prefix,3.33,0.003701504785567522
residing,siding,re,prefix,3.58,0.0037352393846958876
discourage,courage,dis,prefix,3.57,0.004345771856606007
contentment,content,ment,suffix,3.05,0.005681299138814211
underscored,scored,under,prefix,2.78,0.006073640193790197
forecasts,casts,fore,prefix,3.58,0.006264587864279747
represents,presents,re,prefix,4.48,0.007055879570543766
preying,ying,pre,prefix,2.77,0.007243606261909008
recoup,coup,re,prefix,2.98,0.008065196685492992
releases,leases,re,prefix,4.32,0.008195986971259117
detective,detect,ive,suffix,4.21,0.00824002269655466
revolts,volts,re,prefix,2.82,0.008468200452625751
statist,stat,ist,suffix,2.61,0.010032029822468758
authority,author,ity,suffix,4.81,0.010954502038657665
reconstructive,constructive,re,prefix,2.85,0.011785419657826424
present,sent,pre,prefix,5.18,0.012843567878007889
outlining,lining,out,prefix,3.31,0.013564788736402988
resort,sort,re,prefix,4.37,0.013740469701588154
report,port,re,prefix,5.32,0.014182500541210175
overthrow,throw,over,prefix,3.61,0.014342782087624073
distract,tract,dis,prefix,3.71,0.014433668926358223
redress,dress,re,prefix,3.15,0.015494589693844318
representing,presenting,re,prefix,4.36,0.016214745119214058
transposition,position,trans,prefix,2.54,0.01704426296055317
outlets,lets,out,prefix,4.0,0.018487242981791496
principality,principal,ity,suffix,2.78,0.019399074837565422
transitive,transit,ive,suffix,2.76,0.01961086317896843
unattended,attended,un,prefix,3.18,0.02071751095354557
underscore,score,under,prefix,2.97,0.020750265568494797
compliment,comply,ment,suffix,3.91,0.020932668820023537
translate,late,trans,prefix,3.93,0.02106187865138054
supercharged,charged,super,prefix,2.82,0.02121388539671898
transponder,ponder,trans,prefix,3.07,0.021661346778273582
livelihood,lively,hood,suffix,3.42,0.02215903252363205
superimposed,imposed,super,prefix,2.92,0.02227637730538845
displaces,places,dis,prefix,2.53,0.022410282865166664
dispatches,patches,dis,prefix,3.08,0.023335544392466545
rebates,bates,re,prefix,3.18,0.023505862802267075
displace,place,dis,prefix,2.97,0.0236311387270689
translocation,location,trans,prefix,2.72,0.023706484586000443
outbreaks,breaks,out,prefix,3.35,0.024295207113027573
outsource,source,out,prefix,2.92,0.024839535355567932
discount,count,dis,prefix,4.35,0.02581683360040188
renato,nato,re,prefix,2.68,0.026390891522169113
orientation,orient,ation,suffix,4.05,0.027314553037285805
dissect,sect,dis,prefix,2.9,0.027401629835367203
transverse,verse,trans,prefix,3.27,0.027916083112359047
rewind,wind,re,prefix,3.24,0.02795862965285778
underscores,scores,under,prefix,2.92,0.028892284259200096
disaffected,affected,dis,prefix,2.75,0.029044339433312416
transposed,posed,trans,prefix,2.55,0.029500193893909454
priceless,price,less,suffix,3.58,0.02952265366911888
considerable,consider,able,suffix,4.25,0.02956991456449032
retreat,treat,re,prefix,4.13,0.029642414301633835
outcrops,crops,out,prefix,2.79,0.03043581359088421
projective,project,ive,suffix,2.74,0.03056957758963108
dislodge,lodge,dis,prefix,2.79,0.0310781542211771
remarked,marked,re,prefix,3.59,0.03194822743535042
discredit,credit,dis,prefix,3.36,0.03445018455386162
pacification,pacific,ation,suffix,2.57,0.03456567972898483
prescribe,scribe,pre,prefix,3.39,0.03479287028312683
disappointed,appointed,dis,prefix,4.42,0.03499356284737587
dismantle,mantle,dis,prefix,3.24,0.035726845264434814
interment,inter,ment,suffix,2.75,0.03586959093809128
discontent,content,dis,prefix,3.37,0.036098457872867584
willful,will,ful,suffix,3.08,0.03619616478681564
relying,lying,re,prefix,3.81,0.03641476854681969
recaps,caps,re,prefix,2.65,0.03724479302763939
underlines,lines,under,prefix,2.76,0.037491243332624435
undermine,mine,under,prefix,3.65,0.038266170769929886
diseased,eased,dis,prefix,3.11,0.038298897445201874
unwind,wind,un,prefix,3.09,0.03923195227980614
overdraft,draft,over,prefix,2.84,0.03961886838078499
recollection,collection,re,prefix,3.28,0.04120192304253578
coronation,corona,tion,suffix,3.45,0.04138053581118584
outtakes,takes,out,prefix,2.63,0.041451528668403625
demotion,demo,tion,suffix,2.7,0.04145193472504616
habitable,habit,able,suffix,3.13,0.04162397235631943
retired,tired,re,prefix,4.44,0.04197915270924568
recognition,cognition,re,prefix,4.47,0.04211293160915375
resent,sent,re,prefix,3.38,0.04233647510409355
unsaid,said,un,prefix,2.69,0.042684245854616165
collation,coll,ation,suffix,2.61,0.04304466396570206
discovering,covering,dis,prefix,3.82,0.04359893128275871
dismissing,missing,dis,prefix,3.39,0.043862298130989075
maximize,maxim,ize,suffix,3.63,0.04397474601864815
recycling,cycling,re,prefix,3.76,0.04525751620531082
mischief,chief,mis,prefix,3.36,0.04534090682864189
amenity,amen,ity,suffix,2.75,0.04576362669467926
republic,public,re,prefix,4.6,0.046306315809488297
rebounds,bounds,re,prefix,3.76,0.046840962022542953
listless,list,less,suffix,2.53,0.04692336544394493
superposition,position,super,prefix,2.59,0.046962279826402664
unveiled,veiled,un,prefix,3.76,0.04757388308644295
overseen,seen,over,prefix,3.15,0.047747500240802765
dislocation,location,dis,prefix,2.87,0.04788750782608986
disbanded,banded,dis,prefix,3.15,0.04807098209857941
recovering,covering,re,prefix,3.84,0.04882502928376198
underlying,lying,under,prefix,4.17,0.04986860975623131
predestination,destination,pre,prefix,2.51,0.05033976212143898
prefaced,faced,pre,prefix,2.51,0.05062031000852585
repetition,petition,re,prefix,3.48,0.050981614738702774
remarking,marking,re,prefix,2.81,0.05114724487066269
ligation,liga,tion,suffix,2.51,0.05241073668003082
globalist,global,ist,suffix,2.77,0.05263499543070793
quotation,quot,ation,suffix,3.51,0.053254611790180206
prevents,vents,pre,prefix,3.89,0.05442209914326668
reverb,verb,re,prefix,2.92,0.055354632437229156
unveil,veil,un,prefix,3.2,0.05592869222164154
countless,count,less,suffix,3.96,0.055932268500328064
revisions,visions,re,prefix,3.45,0.05593842640519142
tireless,tire,less,suffix,3.04,0.05643945932388306
precursor,cursor,pre,prefix,3.44,0.056443557143211365
unfailing,failing,un,prefix,2.51,0.056869395077228546
intersects,sects,inter,prefix,2.76,0.05691750347614288
resection,section,re,prefix,2.79,0.05720816180109978
antifreeze,freeze,anti,prefix,2.56,0.05739391967654228
minority,minor,ity,suffix,4.41,0.05817413702607155
tangible,tang,ible,suffix,3.66,0.05829190835356712
ligament,liga,ment,suffix,3.34,0.05840548500418663
revenues,venues,re,prefix,4.06,0.05932587385177612
baseless,base,less,suffix,3.09,0.059772782027721405
foreword,word,fore,prefix,3.13,0.06023627519607544
disappoint,appoint,dis,prefix,3.67,0.060417644679546356
pretense,tense,pre,prefix,3.01,0.06070638447999954
forerunner,runner,fore,prefix,2.99,0.06116316467523575
ruthless,ruth,less,suffix,3.65,0.061251115053892136
retire,tire,re,prefix,4.05,0.061490997672080994
materialist,material,ist,suffix,2.61,0.061548586934804916
previews,views,pre,prefix,3.33,0.06157313287258148
retreated,treated,re,prefix,3.38,0.0625457838177681
resins,sins,re,prefix,2.94,0.0629211887717247
overhaul,haul,over,prefix,3.59,0.06318315118551254
recessive,recess,ive,suffix,2.91,0.0633423700928688
restore,store,re,prefix,4.18,0.06430525332689285
industrious,industry,ous,suffix,2.79,0.06440170109272003
internment,intern,ment,suffix,2.99,0.064781554043293
preoccupied,occupied,pre,prefix,3.26,0.06507730484008789
bearable,bear,able,suffix,2.89,0.06517713516950607
amenable,amen,able,suffix,2.89,0.06531813740730286
reruns,runs,re,prefix,2.89,0.06538804620504379
dismiss,miss,dis,prefix,3.85,0.06622058898210526
preform,form,pre,prefix,2.5,0.06625605374574661
reboots,boots,re,prefix,2.51,0.06680380553007126
outline,line,out,prefix,3.92,0.06688769906759262
displaced,placed,dis,prefix,3.8,0.06731003522872925
preserved,served,pre,prefix,4.07,0.06799425929784775
outboard,board,out,prefix,2.86,0.06854242086410522
retails,tails,re,prefix,2.63,0.06874296069145203
reunion,union,re,prefix,3.93,0.06898216158151627
transfixed,fixed,trans,prefix,2.52,0.06959936767816544
renews,news,re,prefix,2.75,0.07001976668834686
interment,ment,inter,prefix,2.75,0.07009493559598923
disclose,close,dis,prefix,3.84,0.07017208635807037
overhead,head,over,prefix,3.93,0.07069864124059677
generality,general,ity,suffix,2.51,0.07094879448413849
easement,ease,ment,suffix,2.79,0.07108104974031448
replays,plays,re,prefix,3.15,0.07113874703645706
unassuming,assuming,un,prefix,2.82,0.0714518204331398
reciting,citing,re,prefix,3.12,0.07156246900558472
transmission,mission,trans,prefix,4.33,0.07167816907167435
outcomes,comes,out,prefix,4.1,0.07203786820173264
multicast,cast,multi,prefix,2.57,0.07205259054899216
courtship,court,ship,suffix,3.19,0.07232244312763214
revision,vision,re,prefix,3.82,0.07378657162189484
unfounded,founded,un,prefix,3.23,0.07439751923084259
timeless,time,less,suffix,3.53,0.07497727870941162
repair,pair,re,prefix,4.41,0.07531603425741196
underwriting,writing,under,prefix,3.14,0.0756547674536705
unwell,well,un,prefix,3.14,0.07633017748594284
displayed,played,dis,prefix,4.18,0.07672960311174393
underhill,hill,under,prefix,2.62,0.07802161574363708
colonist,colon,ist,suffix,2.53,0.07827379554510117
underpass,pass,under,prefix,2.56,0.07831986993551254
disoriented,oriented,dis,prefix,2.9,0.07882846146821976
outbreak,break,out,prefix,3.99,0.07921887189149857
retreating,treating,re,prefix,3.27,0.07995151728391647
uncovers,covers,un,prefix,2.84,0.0801985114812851
understated,stated,under,prefix,3.11,0.08074119687080383
brotherhood,brother,hood,suffix,3.85,0.0808374434709549
dexterity,dexter,ity,suffix,3.07,0.08090318739414215
overwatch,watch,over,prefix,3.49,0.08110250532627106
reforms,forms,re,prefix,4.06,0.08124669641256332
distributes,tributes,dis,prefix,3.15,0.08126791566610336
untoward,toward,un,prefix,2.7,0.0818997472524643
peerless,peer,less,suffix,2.76,0.08212348818778992
preaches,aches,pre,prefix,2.89,0.0824907049536705
unsettling,settling,un,prefix,3.29,0.08250919729471207
disgusts,gusts,dis,prefix,2.68,0.0831204205751419
underworld,world,under,prefix,3.46,0.08339400589466095
discounted,counted,dis,prefix,3.58,0.08366207778453827
regents,gents,re,prefix,3.28,0.08417030423879623
untoward,unto,ward,suffix,2.7,0.08504119515419006
disposed,posed,dis,prefix,3.55,0.08545136451721191
wilderness,wilder,ness,suffix,3.95,0.08595956861972809
preserving,serving,pre,prefix,3.73,0.08605086803436279
formative,format,ive,suffix,3.27,0.08617305010557175
stateless,state,less,suffix,2.85,0.08661075681447983
relied,lied,re,prefix,3.82,0.08667454123497009
dentist,dent,ist,suffix,3.86,0.08672318607568741
probable,prob,able,suffix,3.79,0.08678197860717773
restores,stores,re,prefix,3.05,0.08699686080217361
basement,base,ment,suffix,4.18,0.08809022605419159
centrality,central,ity,suffix,2.62,0.088363878428936
installment,install,ment,suffix,3.58,0.08871114999055862
interpolation,interpol,ation,suffix,2.85,0.08966253697872162
understood,stood,under,prefix,4.58,0.08976518362760544
unleash,leash,un,prefix,3.41,0.09009277075529099
remedial,medial,re,prefix,3.08,0.09058331698179245
pretext,text,pre,prefix,3.27,0.09070710092782974
remark,mark,re,prefix,3.66,0.09080838412046432
pretenders,tenders,pre,prefix,2.65,0.0912037193775177
discover,cover,dis,prefix,4.39,0.09163656830787659
hilarious,hilary,ous,suffix,4.27,0.09201046824455261
resigns,signs,re,prefix,3.2,0.09204613417387009
callous,call,ous,suffix,3.07,0.09274917095899582
studious,study,ous,suffix,2.54,0.09317745268344879
remarks,marks,re,prefix,4.16,0.09398416429758072
outraged,raged,out,prefix,3.57,0.09410113841295242
overheads,heads,over,prefix,2.69,0.09425180405378342
pretender,tender,pre,prefix,2.8,0.09429637342691422
domestication,domestic,ation,suffix,2.74,0.09452534466981888
counterparts,parts,counter,prefix,3.75,0.09499616920948029
intersect,sect,inter,prefix,3.19,0.09522642940282822
intercourse,course,inter,prefix,3.6,0.0952300950884819
remission,mission,re,prefix,3.19,0.09531573206186295
preposition,position,pre,prefix,2.62,0.09593482315540314
overstate,state,over,prefix,2.67,0.09615404903888702
superconducting,conducting,super,prefix,2.71,0.09695370495319366
priority,prior,ity,suffix,4.41,0.09706056118011475
betterment,better,ment,suffix,3.02,0.09749581664800644
overland,land,over,prefix,3.23,0.09756562113761902
prefixes,fixes,pre,prefix,2.7,0.09800541400909424
undermining,mining,under,prefix,3.32,0.098924420773983
presided,sided,pre,prefix,3.41,0.09924772381782532
boundless,bound,less,suffix,3.04,0.09930727630853653
overlaps,laps,over,prefix,2.95,0.09983545541763306
contactless,contact,less,suffix,2.73,0.09987591207027435
reminding,minding,re,prefix,3.73,0.10005147010087967
prohibitive,prohibit,ive,suffix,2.95,0.1000523492693901
displacement,placement,dis,prefix,3.63,0.10027339309453964
incurable,incur,able,suffix,3.03,0.10028952360153198
unrest,rest,un,prefix,3.61,0.10058508068323135
liquidation,liquid,ation,suffix,3.26,0.10084690153598785
severity,sever,ity,suffix,3.71,0.10115290433168411
department,depart,ment,suffix,5.23,0.10121877491474152
retract,tract,re,prefix,3.03,0.10125701129436493
pavement,pave,ment,suffix,3.61,0.10158777981996536
reversion,version,re,prefix,2.6,0.10169662535190582
displays,plays,dis,prefix,4.07,0.10182532668113708
outdoors,doors,out,prefix,3.71,0.10275842249393463
lossless,loss,less,suffix,2.64,0.1030728742480278
uncommonly,commonly,un,prefix,2.58,0.10320389270782471
premature,mature,pre,prefix,3.7,0.10364583134651184
restrain,strain,re,prefix,3.27,0.10420805960893631
unyielding,yielding,un,prefix,2.67,0.10428054630756378
recourse,course,re,prefix,3.29,0.10436873883008957
foreclose,close,fore,prefix,2.51,0.10475004464387894
disowned,owned,dis,prefix,2.84,0.10480211675167084
replacements,placements,re,prefix,3.53,0.10497216880321503
overruns,runs,over,prefix,2.61,0.1049804836511612
passive,pass,ive,suffix,4.03,0.10515382140874863
undergrowth,growth,under,prefix,2.67,0.1053166463971138
preterm,term,pre,prefix,2.75,0.10565146058797836
authorize,author,ize,suffix,3.38,0.10589393973350525
reportage,portage,re,prefix,2.65,0.10596693307161331
transported,ported,trans,prefix,3.88,0.10597943514585495
disservice,service,dis,prefix,2.92,0.10617198795080185
forecasting,casting,fore,prefix,3.47,0.10626021772623062
recommended,commended,re,prefix,4.5,0.10781342536211014
preordered,ordered,pre,prefix,2.56,0.10840986669063568
remiss,miss,re,prefix,2.62,0.10879246890544891
resemblance,semblance,re,prefix,3.59,0.1088758036494255
dissent,sent,dis,prefix,3.56,0.10892246663570404
habitation,habit,ation,suffix,2.98,0.10896047949790955
disordered,ordered,dis,prefix,2.98,0.10907913744449615
accountable,account,able,suffix,3.9,0.10940960794687271
underlining,lining,under,prefix,2.69,0.10957884788513184
disclosed,closed,dis,prefix,3.8,0.10968691855669022
catchment,catch,ment,suffix,3.02,0.1098359152674675
remaster,master,re,prefix,2.7,0.11024811118841171
undercard,card,under,prefix,2.55,0.11030843108892441
restraining,straining,re,prefix,3.48,0.11048837006092072
outreach,reach,out,prefix,3.68,0.11080317944288254
recovered,covered,re,prefix,4.25,0.11106723546981812
tearful,tear,ful,suffix,2.99,0.11112289875745773
needful,need,ful,suffix,2.54,0.11156092584133148
mislead,lead,mis,prefix,3.22,0.11205676198005676
overlooking,looking,over,prefix,3.68,0.11213190853595734
replacement,placement,re,prefix,4.44,0.11222323775291443
redirection,direction,re,prefix,2.58,0.11235553026199341
disclosure,closure,dis,prefix,4.0,0.11240047961473465
disease,ease,dis,prefix,4.9,0.11241783201694489
available,avail,able,suffix,5.28,0.11254969239234924
rebounded,bounded,re,prefix,2.86,0.11256872117519379
unearth,earth,un,prefix,2.69,0.11272254586219788
understanding,standing,under,prefix,4.82,0.11308593302965164
totality,total,ity,suffix,2.98,0.11329801380634308
remarkable,remark,able,suffix,4.29,0.11343424022197723
pretensions,tensions,pre,prefix,2.63,0.11357872188091278
ideation,idea,tion,suffix,2.63,0.11371821165084839
multitask,task,multi,prefix,2.5,0.11385437846183777
restock,stock,re,prefix,2.78,0.11411722749471664
amorous,amor,ous,suffix,2.76,0.11431169509887695
hospitality,hospital,ity,suffix,3.9,0.11462867259979248
dissolved,solved,dis,prefix,3.87,0.1149788647890091
deductive,deduct,ive,suffix,2.65,0.11522261798381805
materialize,material,ize,suffix,2.99,0.11528795957565308
dispose,pose,dis,prefix,3.53,0.11565077304840088
antitrust,trust,anti,prefix,3.37,0.11637429147958755
sensible,sens,ible,suffix,3.98,0.11682666838169098
pensive,pens,ive,suffix,2.63,0.11758106201887131
research,search,re,prefix,5.39,0.1175822913646698
reminded,minded,re,prefix,4.17,0.11777593940496445
underwood,wood,under,prefix,3.46,0.11809305101633072
outcasts,casts,out,prefix,2.83,0.11830665916204453
portable,port,able,suffix,3.97,0.11851892620325089
reserve,serve,re,prefix,4.6,0.11872328072786331
unstuck,stuck,un,prefix,2.5,0.1187683492898941
origination,origin,ation,suffix,2.71,0.1190706267952919
interfacing,facing,inter,prefix,2.54,0.11916691064834595
serviceable,service,able,suffix,2.97,0.11925683915615082
relent,lent,re,prefix,2.52,0.11943184584379196
oversize,overs,ize,suffix,2.68,0.11958058178424835
refine,fine,re,prefix,3.28,0.11988065391778946
refresher,fresher,re,prefix,2.92,0.11991128325462341
dissing,sing,dis,prefix,2.59,0.1199454665184021
reform,form,re,prefix,4.53,0.12002688646316528
undermined,mined,under,prefix,3.32,0.1201084777712822
undermines,mines,under,prefix,3.13,0.12038742750883102
foretold,told,fore,prefix,2.84,0.12046069651842117
outwards,wards,out,prefix,2.99,0.12234462052583694
unbecoming,becoming,un,prefix,2.63,0.12288869172334671
forecourt,court,fore,prefix,2.51,0.12367763370275497
outdoor,door,out,prefix,4.23,0.12405343353748322
misdemeanor,demeanor,mis,prefix,3.38,0.12414128333330154
undated,dated,un,prefix,3.04,0.12419472634792328
restless,rest,less,suffix,3.6,0.12436240166425705
resigned,signed,re,prefix,4.04,0.12449438869953156
unmoved,moved,un,prefix,2.68,0.12454984337091446
stillness,still,ness,suffix,2.98,0.12472667545080185
multifamily,family,multi,prefix,2.61,0.12505020201206207
injurious,injury,ous,suffix,2.58,0.12520676851272583
disfigured,figured,dis,prefix,2.93,0.1252967268228531
repetitions,petitions,re,prefix,2.78,0.1256396770477295
spotless,spot,less,suffix,3.12,0.12567265331745148
antibodies,bodies,anti,prefix,3.56,0.12596988677978516
retort,tort,re,prefix,2.89,0.126007542014122
revelation,revel,ation,suffix,3.96,0.12609392404556274
overseer,seer,over,prefix,2.93,0.12619981169700623
reproductive,productive,re,prefix,3.8,0.126975879073143
flawless,flaw,less,suffix,3.6,0.1269889771938324
overrides,rides,over,prefix,2.67,0.12699547410011292
redeem,deem,re,prefix,3.53,0.12745852768421173
reserving,serving,re,prefix,2.93,0.12747149169445038
groundless,ground,less,suffix,2.52,0.12829025089740753
repress,press,re,prefix,2.82,0.12845487892627716
posterity,poster,ity,suffix,2.97,0.1286490261554718
realist,real,ist,suffix,3.26,0.12888315320014954
disgust,gust,dis,prefix,3.61,0.12900692224502563
suitable,suit,able,suffix,4.38,0.12921442091464996
wrongful,wrong,ful,suffix,3.33,0.12944476306438446
reunions,unions,re,prefix,2.94,0.1294846087694168
outlooks,looks,out,prefix,2.55,0.12957526743412018
antisocial,social,anti,prefix,3.13,0.1302042156457901
transaction,action,trans,prefix,4.21,0.1302982121706009
receptionist,reception,ist,suffix,3.26,0.13078367710113525
disintegrated,integrated,dis,prefix,2.96,0.13096536695957184
remakes,makes,re,prefix,2.94,0.13127413392066956
forebears,bears,fore,prefix,2.62,0.13156574964523315
counterweight,weight,counter,prefix,2.66,0.13165655732154846
prepositions,positions,pre,prefix,2.54,0.13168959319591522
replace,place,re,prefix,4.58,0.13206017017364502
countable,count,able,suffix,2.51,0.13207542896270752
mortality,mortal,ity,suffix,3.9,0.13227996230125427
dissolving,solving,dis,prefix,3.08,0.13229845464229584
underwritten,written,under,prefix,2.61,0.13265758752822876
untold,told,un,prefix,3.32,0.13288363814353943
unopened,opened,un,prefix,2.94,0.13354115188121796
replacing,placing,re,prefix,4.15,0.13354575634002686
rightful,right,ful,suffix,3.38,0.13361524045467377
downsize,downs,ize,suffix,2.65,0.1337871551513672
overhauling,hauling,over,prefix,2.57,0.13418592512607574
outback,back,out,prefix,3.21,0.13463757932186127
interchange,change,inter,prefix,3.49,0.13466602563858032
precast,cast,pre,prefix,2.51,0.134719580411911
interactivity,activity,inter,prefix,2.6,0.13478392362594604
locality,local,ity,suffix,3.67,0.13511575758457184
publicist,public,ist,suffix,3.07,0.13516481220722198
display,play,dis,prefix,4.63,0.13551364839076996
foregoing,going,fore,prefix,3.08,0.13575683534145355
outlines,lines,out,prefix,3.6,0.13599713146686554
antibody,body,anti,prefix,3.46,0.13643963634967804
recited,cited,re,prefix,3.14,0.13697496056556702
counterpoint,point,counter,prefix,3.11,0.13703545928001404
disband,band,dis,prefix,2.87,0.1370791345834732
ladyship,lady,ship,suffix,2.55,0.1376289576292038
reproductions,productions,re,prefix,2.93,0.13777536153793335
repose,pose,re,prefix,2.75,0.13795702159404755
forefront,front,fore,prefix,3.52,0.13800889253616333
dismissed,missed,dis,prefix,4.2,0.1381359100341797
remediation,mediation,re,prefix,3.03,0.13820095360279083
restrained,strained,re,prefix,3.44,0.13843101263046265
medication,medic,ation,suffix,4.15,0.13858836889266968
miscarriage,carriage,mis,prefix,3.32,0.13954174518585205
worshipful,worship,ful,suffix,2.5,0.1396818608045578
disarmament,armament,dis,prefix,3.17,0.13971753418445587
override,ride,over,prefix,3.42,0.13973256945610046
flagship,flag,ship,suffix,3.75,0.1398954689502716
repaired,paired,re,prefix,3.77,0.14066602289676666
distort,tort,dis,prefix,3.08,0.14066952466964722
underpinned,pinned,under,prefix,2.69,0.14080758392810822
reposting,posting,re,prefix,2.7,0.140874981880188
wellness,well,ness,suffix,3.57,0.14095595479011536
presumptuous,sumptuous,pre,prefix,2.86,0.14098671078681946
fearless,fear,less,suffix,3.55,0.14176800847053528
overturn,turn,over,prefix,3.22,0.1417957991361618
reviews,views,re,prefix,4.58,0.14203500747680664
overwork,work,over,prefix,2.62,0.14204703271389008
reserved,served,re,prefix,4.18,0.14239488542079926
reflex,flex,re,prefix,3.44,0.1424209177494049
superfund,fund,super,prefix,2.63,0.1426389366388321
misleading,leading,mis,prefix,3.9,0.14287933707237244
faultless,fault,less,suffix,2.6,0.14353199303150177
mentality,mental,ity,suffix,3.76,0.14385631680488586
retreats,treats,re,prefix,3.16,0.14387525618076324
eventuality,eventual,ity,suffix,2.67,0.14395777881145477
cleanliness,cleanly,ness,suffix,3.26,0.14414000511169434
protectionist,protection,ist,suffix,2.84,0.1441730111837387
overturned,turned,over,prefix,3.49,0.14433638751506805
plasticity,plastic,ity,suffix,2.96,0.14458827674388885
disarray,array,dis,prefix,2.96,0.14471803605556488
wireless,wire,less,suffix,4.2,0.14538834989070892
discovered,covered,dis,prefix,4.74,0.1453888714313507
collective,collect,ive,suffix,4.3,0.1458384096622467
interviewed,viewed,inter,prefix,4.0,0.1460205614566803
overpower,power,over,prefix,2.85,0.1466059684753418
dissolve,solve,dis,prefix,3.49,0.1466420441865921
seniority,senior,ity,suffix,3.16,0.14684876799583435
tourism,tour,ism,suffix,4.28,0.14694297313690186
creditable,credit,able,suffix,2.52,0.14724788069725037
relaying,laying,re,prefix,2.81,0.14729076623916626
underdogs,dogs,under,prefix,2.96,0.14732222259044647
preserve,serve,pre,prefix,4.19,0.14737483859062195
disappearances,appearances,dis,prefix,2.82,0.14759354293346405
disclosing,closing,dis,prefix,3.19,0.14802272617816925
polarisation,polaris,ation,suffix,2.52,0.1485656499862671
combative,combat,ive,suffix,2.88,0.1488107293844223
bloodless,blood,less,suffix,2.69,0.14906269311904907
reviewer,viewer,re,prefix,3.47,0.14907996356487274
representation,presentation,re,prefix,4.34,0.1492917239665985
outfits,fits,out,prefix,3.83,0.14951083064079285
recombination,combination,re,prefix,2.97,0.14955921471118927
recreation,creation,re,prefix,4.04,0.14965960383415222
expressive,express,ive,suffix,3.43,0.1497402936220169
repressed,pressed,re,prefix,3.26,0.14998377859592438
distraction,traction,dis,prefix,3.78,0.15005464851856232
retraction,traction,re,prefix,2.88,0.1501072645187378
redeemed,deemed,re,prefix,3.34,0.15010975301265717
prodigious,prodigy,ous,suffix,2.92,0.15017619729042053
understatement,statement,under,prefix,3.36,0.15110813081264496
interactive,active,inter,prefix,4.06,0.15119272470474243
transmissions,missions,trans,prefix,3.35,0.15138068795204163
nationality,national,ity,suffix,3.72,0.15148279070854187
majority,major,ity,suffix,4.94,0.15187163650989532
recommend,commend,re,prefix,4.61,0.15215656161308289
likeness,like,ness,suffix,3.34,0.15216919779777527
undergoing,going,under,prefix,3.71,0.15217803418636322
dissection,section,dis,prefix,3.01,0.1528787910938263
loveable,love,able,suffix,2.75,0.1528911590576172
interview,view,inter,prefix,4.86,0.15328821539878845
outcast,cast,out,prefix,3.09,0.15406517684459686
prefixed,fixed,pre,prefix,2.55,0.15434375405311584
outlive,live,out,prefix,2.72,0.15448296070098877
transnational,national,trans,prefix,3.18,0.15468963980674744
unopposed,opposed,un,prefix,2.86,0.15475575625896454
relies,lies,re,prefix,3.81,0.15507131814956665
federalist,federal,ist,suffix,3.04,0.15558688342571259
refund,fund,re,prefix,3.94,0.1558317095041275
displaying,playing,dis,prefix,3.68,0.155900776386261
undying,dying,un,prefix,2.91,0.15622158348560333
recurrent,current,re,prefix,3.24,0.15654951333999634
internationalist,international,ist,suffix,2.51,0.15680809319019318
recharged,charged,re,prefix,2.61,0.1571083664894104
reliability,liability,re,prefix,3.92,0.15742024779319763
reborn,born,re,prefix,3.39,0.15746819972991943
returner,turner,re,prefix,2.5,0.15777932107448578
underwent,went,under,prefix,3.65,0.15789614617824554
reunited,united,re,prefix,3.72,0.15806375443935394
business,busy,ness,suffix,5.56,0.15825560688972473
impressionist,impression,ist,suffix,2.85,0.1587768942117691
foreplay,play,fore,prefix,3.01,0.15934200584888458
repulse,pulse,re,prefix,2.55,0.15934936702251434
rewrites,writes,re,prefix,2.62,0.15950416028499603
underfoot,foot,under,prefix,2.66,0.15960410237312317
transphobia,phobia,trans,prefix,2.59,0.16045556962490082
disclosures,closures,dis,prefix,3.27,0.16074790060520172
uneasy,easy,un,prefix,3.45,0.16090694069862366
miscarried,carried,mis,prefix,2.53,0.16100941598415375
unduly,duly,un,prefix,2.98,0.16122613847255707
underline,line,under,prefix,2.98,0.16127535700798035
disposition,position,dis,prefix,3.48,0.16148969531059265
ridership,rider,ship,suffix,2.68,0.16166643798351288
outclassed,classed,out,prefix,2.65,0.1618787944316864
harmonize,harmon,ize,suffix,2.67,0.16224080324172974
multiverse,verse,multi,prefix,2.85,0.16244566440582275
intermodal,modal,inter,prefix,2.61,0.16285882890224457
windward,wind,ward,suffix,2.79,0.16317340731620789
recitation,citation,re,prefix,2.9,0.16386893391609192
outdated,dated,out,prefix,3.66,0.16434352099895477
outstanding,standing,out,prefix,4.5,0.16456638276576996
chargeable,charge,able,suffix,2.58,0.16474422812461853
foreground,ground,fore,prefix,3.26,0.16502918303012848
foreclosed,closed,fore,prefix,2.83,0.1650640219449997
misrepresenting,representing,mis,prefix,2.65,0.16555465757846832
recalled,called,re,prefix,3.98,0.1657860279083252
shortness,short,ness,suffix,2.88,0.16598308086395264
discredited,credited,dis,prefix,3.15,0.1660490483045578
unchecked,checked,un,prefix,3.15,0.16621825098991394
overthrown,thrown,over,prefix,3.1,0.16629891097545624
disposing,posing,dis,prefix,3.02,0.16691653430461884
underserved,served,under,prefix,2.81,0.16717879474163055
multinational,national,multi,prefix,3.56,0.16760854423046112
reprogramming,programming,re,prefix,2.6,0.16770212352275848
constructive,construct,ive,suffix,3.78,0.16775530576705933
resistive,resist,ive,suffix,2.61,0.1679563671350479
fundamentalist,fundamental,ist,suffix,3.16,0.16812361776828766
gullible,gull,ible,suffix,3.1,0.16813483834266663
mashable,mash,able,suffix,2.59,0.16814552247524261
discourse,course,dis,prefix,3.83,0.1686214655637741
resign,sign,re,prefix,3.97,0.16909123957157135
recounts,counts,re,prefix,3.23,0.16939230263233185
miscarriages,carriages,mis,prefix,2.8,0.16961801052093506
undertaker,taker,under,prefix,3.18,0.1698729544878006
reissue,issue,re,prefix,3.01,0.17030960321426392
reagents,agents,re,prefix,2.86,0.17090249061584473
demonize,demon,ize,suffix,2.61,0.1713080257177353
chemist,chem,ist,suffix,3.51,0.17132040858268738
outlander,lander,out,prefix,2.76,0.171744704246521
recycle,cycle,re,prefix,3.35,0.17176179587841034
regina,gina,re,prefix,3.61,0.1719658076763153
organize,organ,ize,suffix,3.98,0.17198659479618073
recommendation,commendation,re,prefix,4.09,0.17205610871315002
misrepresented,represented,mis,prefix,2.96,0.1721370965242386
gorgeous,gorge,ous,suffix,4.35,0.17218641936779022
unaided,aided,un,prefix,2.63,0.1721981167793274
overpass,pass,over,prefix,2.96,0.17221678793430328
overreach,reach,over,prefix,2.64,0.1728626936674118
discloses,closes,dis,prefix,2.87,0.1730644553899765
disorder,order,dis,prefix,4.31,0.17340482771396637
dissolves,solves,dis,prefix,3.0,0.1741718202829361
motorist,motor,ist,suffix,3.07,0.17434561252593994
overcast,cast,over,prefix,3.05,0.1744087189435959
successive,success,ive,suffix,3.85,0.17464114725589752
revocation,vocation,re,prefix,2.93,0.1748131662607193
preorder,order,pre,prefix,3.03,0.17506934702396393
resorting,sorting,re,prefix,3.16,0.17545929551124573
supernova,nova,super,prefix,3.13,0.17557330429553986
allowable,allow,able,suffix,2.97,0.17558881640434265
foresight,sight,fore,prefix,3.16,0.17563651502132416
reliving,living,re,prefix,2.84,0.17564280331134796
dispositions,positions,dis,prefix,2.69,0.17600835859775543
overbearing,bearing,over,prefix,2.91,0.17620748281478882
reworking,working,re,prefix,2.89,0.17642274498939514
universalist,universal,ist,suffix,2.63,0.1766805499792099
speciality,special,ity,suffix,3.14,0.17690110206604004
internationals,nationals,inter,prefix,3.09,0.1770893782377243
reacts,acts,re,prefix,3.57,0.17711453139781952
remediation,remedy,ation,suffix,3.03,0.17749229073524475
refraction,fraction,re,prefix,2.77,0.17756032943725586
outsmart,smart,out,prefix,2.67,0.17804424464702606
interviews,views,inter,prefix,4.36,0.17808282375335693
exceptionalism,exceptional,ism,suffix,2.66,0.17867091298103333
represented,presented,re,prefix,4.53,0.1788836419582367
discouragement,discourage,ment,suffix,2.53,0.18026414513587952
prospective,prospect,ive,suffix,3.87,0.18030740320682526
supercell,cell,super,prefix,2.55,0.1803748458623886
copious,copy,ous,suffix,3.1,0.18046194314956665
resolutions,solutions,re,prefix,3.7,0.1807427704334259
overkill,kill,over,prefix,2.98,0.1808142066001892
overpowered,powered,over,prefix,3.0,0.1808168590068817
discontinuing,continuing,dis,prefix,2.58,0.1809258759021759
presets,sets,pre,prefix,2.65,0.18113350868225098
devious,devi,ous,suffix,3.03,0.18136225640773773
recover,cover,re,prefix,4.29,0.18153999745845795
recall,call,re,prefix,4.4,0.18165768682956696
methodism,method,ism,suffix,2.5,0.18169964849948883
disappointment,appointment,dis,prefix,4.01,0.1817801296710968
directive,direct,ive,suffix,3.71,0.18198297917842865
dissolution,solution,dis,prefix,3.61,0.18198652565479279
researched,searched,re,prefix,3.56,0.18227040767669678
disappoints,appoints,dis,prefix,2.76,0.1823093146085739
fistful,fist,ful,suffix,2.58,0.1826600730419159
objectionable,objection,able,suffix,3.07,0.18432989716529846
receivership,receiver,ship,suffix,2.74,0.18496458232402802
overlaid,laid,over,prefix,2.78,0.1851791888475418
abortive,abort,ive,suffix,2.67,0.18539394438266754
remain,main,re,prefix,4.83,0.18599484860897064
undisputed,disputed,un,prefix,3.26,0.18599702417850494
defenceless,defence,less,suffix,2.82,0.18609477579593658
supersport,sport,super,prefix,2.69,0.1862318515777588
overthrew,threw,over,prefix,2.88,0.1864853799343109
discharges,charges,dis,prefix,3.06,0.18704047799110413
resets,sets,re,prefix,2.65,0.18741881847381592
mirrorless,mirror,less,suffix,2.53,0.18759264051914215
misfits,fits,mis,prefix,3.04,0.1880740523338318
unionization,ionization,un,prefix,2.6,0.1882621943950653
undercurrent,current,under,prefix,2.67,0.18888983130455017
weightless,weight,less,suffix,2.65,0.1890314817428589
disengagement,engagement,dis,prefix,2.72,0.1890963464975357
discourses,courses,dis,prefix,2.97,0.18926744163036346
dualism,dual,ism,suffix,2.6,0.18959136307239532
interviewing,viewing,inter,prefix,3.62,0.18976350128650665
refunding,funding,re,prefix,2.5,0.18986034393310547
outside,side,out,prefix,5.25,0.19066466391086578
conductive,conduct,ive,suffix,3.06,0.19071568548679352
undergone,gone,under,prefix,3.58,0.190724179148674
connective,connect,ive,suffix,3.01,0.19078825414180756
reformer,former,re,prefix,3.13,0.19086454808712006
capitalist,capital,ist,suffix,3.79,0.19163517653942108
multinationals,nationals,multi,prefix,2.75,0.19189736247062683
superfast,fast,super,prefix,2.69,0.19224843382835388
recollect,collect,re,prefix,2.69,0.1926029622554779
recite,cite,re,prefix,3.28,0.19274643063545227
presentable,present,able,suffix,2.81,0.192977637052536
interchangeable,interchange,able,suffix,3.28,0.19301289319992065
disappointments,appointments,dis,prefix,3.12,0.19307374954223633
intersectional,sectional,inter,prefix,2.51,0.19332964718341827
thankless,thank,less,suffix,2.61,0.19335409998893738
progressive,progress,ive,suffix,4.34,0.19338040053844452
overlying,lying,over,prefix,2.61,0.19360902905464172
unfold,fold,un,prefix,3.45,0.1936911642551422
preorders,orders,pre,prefix,2.57,0.19371554255485535
unsung,sung,un,prefix,2.91,0.19389700889587402
unhinged,hinged,un,prefix,3.02,0.19411815702915192
foundation,found,ation,suffix,4.81,0.1942610889673233
likeable,like,able,suffix,3.02,0.19426622986793518
driverless,driver,less,suffix,2.82,0.194443941116333
reviewing,viewing,re,prefix,3.92,0.1947028636932373
regeneration,generation,re,prefix,3.61,0.19482317566871643
overturning,turning,over,prefix,2.84,0.19510087370872498
transferable,transfer,able,suffix,3.06,0.19598326086997986
authentication,authentic,ation,suffix,3.35,0.19681310653686523
remover,mover,re,prefix,2.98,0.19689783453941345
unfolds,folds,un,prefix,3.15,0.1969335675239563
damnation,damn,ation,suffix,2.95,0.1973850429058075
rephrase,phrase,re,prefix,2.83,0.19803211092948914
overthrowing,throwing,over,prefix,2.76,0.19818273186683655
overridden,ridden,over,prefix,2.61,0.1982826143503189
careless,care,less,suffix,3.6,0.19851644337177277
federalism,federal,ism,suffix,2.98,0.1987777054309845
handful,hand,ful,suffix,4.11,0.19939613342285156
overlays,lays,over,prefix,2.69,0.1995592564344406
neighbourhood,neighbour,hood,suffix,3.94,0.1998547911643982
extractive,extract,ive,suffix,2.57,0.20018921792507172
disquiet,quiet,dis,prefix,2.5,0.20064932107925415
disqualifying,qualifying,dis,prefix,2.58,0.20071463286876678
reagent,agent,re,prefix,2.88,0.20097993314266205
operation,opera,tion,suffix,4.92,0.20169322192668915
interdisciplinary,disciplinary,inter,prefix,3.39,0.20195503532886505
outright,right,out,prefix,3.83,0.2023131549358368
seamless,seam,less,suffix,3.31,0.20277877151966095
passable,pass,able,suffix,2.8,0.2029598206281662
restful,rest,ful,suffix,2.75,0.20339561998844147
collectible,collect,ible,suffix,3.14,0.20396213233470917
overhang,hang,over,prefix,2.79,0.20398156344890594
overhauled,hauled,over,prefix,2.9,0.20399363338947296
redraw,draw,re,prefix,2.62,0.20404838025569916
technicality,technical,ity,suffix,2.83,0.20424705743789673
unjust,just,un,prefix,3.43,0.20562651753425598
fruitless,fruit,less,suffix,3.04,0.2058129608631134
wordless,word,less,suffix,2.57,0.20590120553970337
undercover,cover,under,prefix,3.77,0.20613819360733032
teachable,teach,able,suffix,2.53,0.20639246702194214
underrepresented,represented,under,prefix,2.91,0.2064240723848343
recollections,collections,re,prefix,3.04,0.20675352215766907
uneven,even,un,prefix,3.55,0.2069522887468338
review,view,re,prefix,5.12,0.20761848986148834
unborn,born,un,prefix,3.37,0.2076958417892456
internalize,internal,ize,suffix,2.54,0.20802059769630432
reproduction,production,re,prefix,3.79,0.20811235904693604
interchanges,changes,inter,prefix,2.51,0.2081429362297058
disappearance,appearance,dis,prefix,3.74,0.20899198949337006
remodel,model,re,prefix,2.92,0.209372878074646
globalism,global,ism,suffix,2.58,0.20949997007846832
preview,view,pre,prefix,3.96,0.21003277599811554
bashful,bash,ful,suffix,2.54,0.21012835204601288
resigning,signing,re,prefix,3.26,0.21013808250427246
alienation,alien,ation,suffix,3.16,0.21089236438274384
individualist,individual,ist,suffix,2.55,0.21090815961360931
apartment,apart,ment,suffix,4.65,0.21096794307231903
overboard,board,over,prefix,3.43,0.21111731231212616
actionable,action,able,suffix,3.0,0.21140089631080627
rearrangement,arrangement,re,prefix,2.72,0.2115693986415863
undoing,doing,un,prefix,3.08,0.2117130160331726
recalls,calls,re,prefix,3.67,0.21259602904319763
preserves,serves,pre,prefix,3.36,0.2133190631866455
uncalled,called,un,prefix,2.85,0.21344414353370667
liquidity,liquid,ity,suffix,3.45,0.21357883512973785
promotion,promo,tion,suffix,4.41,0.2139904797077179
repeatable,repeat,able,suffix,2.69,0.2140246480703354
remade,made,re,prefix,3.01,0.2141953557729721
unwanted,wanted,un,prefix,3.78,0.2149779051542282
hydration,hydra,tion,suffix,3.18,0.21553301811218262
wholeness,whole,ness,suffix,2.63,0.21569018065929413
displacements,placements,dis,prefix,2.52,0.21575051546096802
prejudicial,judicial,pre,prefix,2.7,0.21615001559257507
unfolding,folding,un,prefix,3.33,0.21617284417152405
outgrowth,growth,out,prefix,2.64,0.21721555292606354
overview,view,over,prefix,4.11,0.21732528507709503
enviable,envy,able,suffix,2.87,0.21765395998954773
colonize,colon,ize,suffix,2.78,0.2177843451499939
discounting,counting,dis,prefix,3.0,0.21789929270744324
prescott,scott,pre,prefix,3.42,0.21835556626319885
underground,ground,under,prefix,4.32,0.2185368835926056
discipleship,disciple,ship,suffix,2.5,0.21855716407299042
relive,live,re,prefix,3.24,0.21875900030136108
unbroken,broken,un,prefix,3.22,0.21896766126155853
adventist,advent,ist,suffix,2.79,0.21905508637428284
remake,make,re,prefix,3.79,0.21905957162380219
researches,searches,re,prefix,3.2,0.21919696033000946
ravenous,raven,ous,suffix,2.76,0.21936585009098053
reinvestment,investment,re,prefix,2.75,0.21951863169670105
unless,less,un,prefix,4.98,0.2195991724729538
overdrive,drive,over,prefix,3.18,0.21968026459217072
recharge,charge,re,prefix,3.4,0.21979941427707672
bottomless,bottom,less,suffix,2.96,0.22027964890003204
cordless,cord,less,suffix,2.73,0.22063246369361877
merciless,mercy,less,suffix,3.04,0.22109946608543396
zionist,zion,ist,suffix,3.4,0.22114607691764832
capitalism,capital,ism,suffix,3.97,0.2214033603668213
visitation,visit,ation,suffix,3.34,0.22231027483940125
retrospective,retrospect,ive,suffix,3.48,0.2224111258983612
plantation,plant,ation,suffix,3.72,0.2224511057138443
regroup,group,re,prefix,3.06,0.22249802947044373
mindfulness,mindful,ness,suffix,3.41,0.22280313074588776
specialize,special,ize,suffix,3.28,0.223584845662117
wishful,wish,ful,suffix,3.11,0.2241506427526474
exhaustive,exhaust,ive,suffix,3.3,0.22421975433826447
generalize,general,ize,suffix,2.91,0.22432874143123627
respectable,respect,able,suffix,3.71,0.22443220019340515
resounding,sounding,re,prefix,3.03,0.22464963793754578
winnable,winn,able,suffix,2.54,0.22505569458007812
battleship,battle,ship,suffix,3.15,0.22508589923381805
intercity,city,inter,prefix,2.66,0.22509753704071045
starship,star,ship,suffix,3.26,0.22510020434856415
interbank,bank,inter,prefix,2.55,0.2252182960510254
lifeless,life,less,suffix,3.23,0.22523459792137146
capitalize,capital,ize,suffix,3.34,0.2259657233953476
disgrace,grace,dis,prefix,3.73,0.2265859693288803
perishable,perish,able,suffix,2.8,0.22698141634464264
refresh,fresh,re,prefix,3.65,0.22751282155513763
replaceable,replace,able,suffix,2.92,0.22758448123931885
hideous,hide,ous,suffix,3.45,0.22759635746479034
replaced,placed,re,prefix,4.55,0.2279413789510727
disenchanted,enchanted,dis,prefix,2.66,0.22815558314323425
regenerated,generated,re,prefix,2.76,0.22843614220619202
nonstop,stop,non,prefix,3.37,0.22879818081855774
speechless,speech,less,suffix,3.26,0.22915144264698029
disability,ability,dis,prefix,4.21,0.2296009659767151
festive,fest,ive,suffix,3.58,0.229803666472435
personhood,person,hood,suffix,2.76,0.23005090653896332
faithless,faith,less,suffix,2.69,0.2301105558872223
supernatural,natural,super,prefix,3.89,0.23075354099273682
unclaimed,claimed,un,prefix,2.94,0.23080570995807648
amusement,amuse,ment,suffix,3.74,0.2309744656085968
interacts,acts,inter,prefix,3.21,0.2311505824327469
convertible,convert,ible,suffix,3.55,0.23131494224071503
entertainment,entertain,ment,suffix,4.6,0.23153041303157806
misdirection,direction,mis,prefix,2.61,0.23166599869728088
reorganization,organization,re,prefix,3.33,0.2317093461751938
unkind,kind,un,prefix,2.99,0.23198513686656952
obstructive,obstruct,ive,suffix,2.96,0.23214228451251984
multilateral,lateral,multi,prefix,3.1,0.23216676712036133
unoriginal,original,un,prefix,2.56,0.23263509571552277
regrouping,grouping,re,prefix,2.54,0.23282639682292938
reboot,boot,re,prefix,3.54,0.23317214846611023
removed,moved,re,prefix,4.79,0.2331750988960266
uncovering,covering,un,prefix,3.05,0.23379699885845184
effortless,effort,less,suffix,3.14,0.2340187132358551
digestive,digest,ive,suffix,3.46,0.23403486609458923
finality,final,ity,suffix,2.62,0.23405461013317108
restarting,starting,re,prefix,2.92,0.2341836839914322
assistive,assist,ive,suffix,2.58,0.2345278114080429
underside,side,under,prefix,3.24,0.23487386107444763
pretending,tending,pre,prefix,4.06,0.23508727550506592
underperformed,performed,under,prefix,2.51,0.23528914153575897
spiteful,spite,ful,suffix,2.92,0.23539230227470398
expressionist,expression,ist,suffix,2.53,0.23547308146953583
repossessed,possessed,re,prefix,2.55,0.23560629785060883
defenseless,defense,less,suffix,3.05,0.23575209081172943
overstepped,stepped,over,prefix,2.53,0.23579786717891693
soundness,sound,ness,suffix,2.56,0.23622126877307892
misrepresent,represent,mis,prefix,2.65,0.23635467886924744
productive,product,ive,suffix,4.22,0.23651599884033203
counterbalance,balance,counter,prefix,2.74,0.23669032752513885
revisiting,visiting,re,prefix,3.0,0.2368164211511612
unreserved,reserved,un,prefix,2.54,0.2370259016752243
stewardship,steward,ship,suffix,3.22,0.2371356338262558
unblock,block,un,prefix,2.72,0.23724666237831116
nothingness,nothing,ness,suffix,2.97,0.23756666481494904
overheat,heat,over,prefix,2.7,0.2375878542661667
reviewed,viewed,re,prefix,4.23,0.2378644198179245
regardless,regard,less,suffix,4.48,0.23794294893741608
penniless,penny,less,suffix,2.85,0.23803730309009552
displacing,placing,dis,prefix,2.9,0.23829445242881775
remodeling,modeling,re,prefix,3.16,0.23829510807991028
humanist,human,ist,suffix,3.07,0.23841151595115662
respite,spite,re,prefix,3.18,0.23881202936172485
organism,organ,ism,suffix,3.59,0.23903918266296387
recalling,calling,re,prefix,3.38,0.23943376541137695
misguided,guided,mis,prefix,3.42,0.23969462513923645
represent,present,re,prefix,4.58,0.24004167318344116
counterculture,culture,counter,prefix,2.58,0.24028851091861725
expandable,expand,able,suffix,2.72,0.24075236916542053
understand,stand,under,prefix,5.37,0.24084042012691498
calvinist,calvin,ist,suffix,2.64,0.24086815118789673
homeless,home,less,suffix,4.26,0.24102026224136353
unwinding,winding,un,prefix,2.62,0.2412882000207901
representations,presentations,re,prefix,3.67,0.2414086014032364
motionless,motion,less,suffix,2.97,0.24173907935619354
imperialist,imperial,ist,suffix,3.14,0.24176999926567078
unattached,attached,un,prefix,2.68,0.24191676080226898
localize,local,ize,suffix,2.53,0.24205031991004944
overtaken,taken,over,prefix,3.14,0.2421138733625412
unhurt,hurt,un,prefix,2.52,0.24290332198143005
understands,stands,under,prefix,4.13,0.24290621280670166
materialism,material,ism,suffix,3.05,0.24294625222682953
transplant,plant,trans,prefix,3.76,0.24299775063991547
stainless,stain,less,suffix,3.76,0.24311000108718872
foldable,fold,able,suffix,2.62,0.24347683787345886
regularity,regular,ity,suffix,3.03,0.2435290515422821
rekindle,kindle,re,prefix,2.71,0.24379950761795044
possessive,possess,ive,suffix,3.17,0.2438238561153412
injectable,inject,able,suffix,2.6,0.2438891977071762
interlaced,laced,inter,prefix,2.52,0.24399274587631226
underpinning,pinning,under,prefix,2.88,0.24416041374206543
healthful,health,ful,suffix,2.8,0.24422688782215118
recites,cites,re,prefix,2.64,0.24440111219882965
neighborhood,neighbor,hood,suffix,4.5,0.2444186806678772
redirected,directed,re,prefix,3.02,0.24522387981414795
unspoken,spoken,un,prefix,3.17,0.2452462762594223
unbeaten,beaten,un,prefix,3.36,0.24561172723770142
reworked,worked,re,prefix,3.11,0.24587216973304749
fruitful,fruit,ful,suffix,3.3,0.2459406852722168
answerable,answer,able,suffix,2.69,0.24640591442584991
removing,moving,re,prefix,4.26,0.24658557772636414
hardship,hard,ship,suffix,3.56,0.24661390483379364
reactivity,activity,re,prefix,2.89,0.24666476249694824
receded,ceded,re,prefix,2.78,0.2466874122619629
uncooperative,cooperative,un,prefix,2.65,0.24692833423614502
dutiful,duty,ful,suffix,2.63,0.2470865100622177
transfusion,fusion,trans,prefix,3.13,0.24716491997241974
disinfection,infection,dis,prefix,2.67,0.24750937521457672
impressionable,impression,able,suffix,2.85,0.2475746124982834
disgraceful,graceful,dis,prefix,3.33,0.24780046939849854
disappeared,appeared,dis,prefix,4.26,0.24784532189369202
undoubted,doubted,un,prefix,2.61,0.24786515533924103
sizeable,size,able,suffix,3.23,0.24828141927719116
restored,stored,re,prefix,4.12,0.2484075278043747
marketable,market,able,suffix,3.06,0.24903146922588348
preoccupation,occupation,pre,prefix,2.87,0.2490648329257965
refreshment,refresh,ment,suffix,2.94,0.24960748851299286
transmutation,mutation,trans,prefix,2.57,0.24964076280593872
reminds,minds,re,prefix,4.22,0.24971230328083038
superhuman,human,super,prefix,3.11,0.24979279935359955
merriment,merry,ment,suffix,2.51,0.25011685490608215
resources,sources,re,prefix,4.91,0.2504209280014038
regenerating,generating,re,prefix,2.78,0.2508801519870758
dismount,mount,dis,prefix,2.61,0.25099724531173706
reflux,flux,re,prefix,2.99,0.2514900267124176
overlooks,looks,over,prefix,3.12,0.2518962025642395
specialist,special,ist,suffix,4.28,0.25194230675697327
transplants,plants,trans,prefix,3.15,0.25229743123054504
sisterhood,sister,hood,suffix,2.96,0.2525874674320221
misplaced,placed,mis,prefix,3.39,0.2526942193508148
monetize,monet,ize,suffix,2.81,0.25297853350639343
virginity,virgin,ity,suffix,3.48,0.25349992513656616
impressive,impress,ive,suffix,4.47,0.2537715435028076
outperformed,performed,out,prefix,2.78,0.2538805902004242
undocumented,documented,un,prefix,3.44,0.25408002734184265
interplay,play,inter,prefix,3.15,0.25442513823509216
outlying,lying,out,prefix,3.07,0.254709929227829
unseat,seat,un,prefix,2.59,0.25475892424583435
rebooted,booted,re,prefix,2.74,0.25481218099594116
handedness,handed,ness,suffix,2.55,0.25491559505462646
overactive,active,over,prefix,2.5,0.2550164461135864
overpowering,powering,over,prefix,2.98,0.25539901852607727
undergoes,goes,under,prefix,3.19,0.25540801882743835
brainless,brain,less,suffix,2.75,0.2554909586906433
zionism,zion,ism,suffix,3.1,0.25561535358428955
outpost,post,out,prefix,3.39,0.2563287019729614
overshadow,shadow,over,prefix,2.71,0.2565349042415619
regrouped,grouped,re,prefix,2.55,0.2567533552646637
dispossessed,possessed,dis,prefix,2.75,0.2569611072540283
multilevel,level,multi,prefix,2.54,0.257242888212204
endangerment,endanger,ment,suffix,2.67,0.25737616419792175
dismisses,misses,dis,prefix,3.1,0.2578044533729553
overtakes,takes,over,prefix,2.58,0.257815957069397
restoring,storing,re,prefix,3.72,0.25782275199890137
retold,told,re,prefix,2.57,0.25783005356788635
punishable,punish,able,suffix,3.3,0.2579801380634308
renewable,renew,able,suffix,3.91,0.2583370506763458
mouthful,mouth,ful,suffix,3.01,0.25890201330184937
mistaking,taking,mis,prefix,3.01,0.258911669254303
replaying,playing,re,prefix,2.75,0.25925326347351074
interagency,agency,inter,prefix,2.7,0.2598291337490082
americanism,american,ism,suffix,2.56,0.26086899638175964
squidward,squid,ward,suffix,2.53,0.26092857122421265
tourist,tour,ist,suffix,4.2,0.2610526978969574
refunds,funds,re,prefix,3.37,0.26112499833106995
supersonic,sonic,super,prefix,3.15,0.2612302005290985
remove,move,re,prefix,4.71,0.2616181969642639
methylation,methyl,ation,suffix,2.91,0.2618536651134491
conformation,conform,ation,suffix,2.85,0.26194432377815247
returns,turns,re,prefix,4.6,0.26231443881988525
misreading,reading,mis,prefix,2.56,0.2626447379589081
dreadful,dread,ful,suffix,3.66,0.2628185451030731
rebecca,becca,re,prefix,3.96,0.26318299770355225
unchained,chained,un,prefix,2.77,0.26337549090385437
polarity,polar,ity,suffix,3.06,0.26357465982437134
firmness,firm,ness,suffix,2.8,0.26384809613227844
designation,design,ation,suffix,3.76,0.26401472091674805
interaction,action,inter,prefix,4.29,0.2641375660896301
reclaimed,claimed,re,prefix,3.33,0.26435208320617676
supergirl,girl,super,prefix,3.14,0.2645096182823181
naturalist,natural,ist,suffix,3.15,0.2647112309932709
superpower,power,super,prefix,3.22,0.26489895582199097
frankness,frank,ness,suffix,2.51,0.2649047374725342
reformation,formation,re,prefix,3.53,0.2656532824039459
alignment,align,ment,suffix,3.78,0.2658083736896515
underperforming,performing,under,prefix,2.74,0.26638612151145935
impressionism,impression,ism,suffix,2.64,0.26690956950187683
disallowed,allowed,dis,prefix,3.08,0.2669679820537567
resurface,surface,re,prefix,2.63,0.2674081027507782
previewed,viewed,pre,prefix,2.58,0.26748740673065186
resettlement,settlement,re,prefix,3.14,0.2676054835319519
overtaking,taking,over,prefix,3.01,0.2676117718219757
undead,dead,un,prefix,3.27,0.26791685819625854
partition,party,tion,suffix,3.67,0.26795458793640137
reorganisation,organisation,re,prefix,2.88,0.26820504665374756
discernment,discern,ment,suffix,2.79,0.26874393224716187
characterize,character,ize,suffix,3.32,0.2689989507198334
disintegrate,integrate,dis,prefix,2.88,0.26935815811157227
familiarize,familiar,ize,suffix,2.79,0.2694071829319
interlocking,locking,inter,prefix,2.98,0.26963430643081665
rework,work,re,prefix,2.89,0.26963698863983154
remixed,mixed,re,prefix,2.87,0.26977449655532837
playful,play,ful,suffix,3.53,0.2697983682155609
removes,moves,re,prefix,3.72,0.27023017406463623
revolutionize,revolution,ize,suffix,2.85,0.2707948088645935
rehash,hash,re,prefix,2.51,0.2716945707798004
whiteness,white,ness,suffix,3.0,0.27187421917915344
unorthodox,orthodox,un,prefix,3.16,0.27188169956207275
sleepiness,sleepy,ness,suffix,2.56,0.27198678255081177
overlooked,looked,over,prefix,3.82,0.2723565101623535
minimalist,minimal,ist,suffix,3.28,0.2724902629852295
mistook,took,mis,prefix,3.07,0.2725847363471985
recoverable,recover,able,suffix,2.8,0.27258628606796265
nonsense,sense,non,prefix,4.21,0.2729174494743347
collectable,collect,able,suffix,2.65,0.27302810549736023
uncovered,covered,un,prefix,3.73,0.2731989920139313
fabrication,fabric,ation,suffix,3.48,0.2733520269393921
retelling,telling,re,prefix,2.95,0.2734943628311157
retardation,retard,ation,suffix,2.89,0.2736525237560272
thunderous,thunder,ous,suffix,2.77,0.2736873924732208
uncover,cover,un,prefix,3.48,0.27376338839530945
toothless,tooth,less,suffix,2.96,0.27382129430770874
outbound,bound,out,prefix,3.0,0.27390238642692566
underwrite,write,under,prefix,2.55,0.2740083634853363
cashless,cash,less,suffix,2.5,0.274178147315979
disused,used,dis,prefix,2.89,0.27429723739624023
revisionism,revision,ism,suffix,2.62,0.2744123339653015
unfairly,fairly,un,prefix,3.36,0.2744194269180298
segmentation,segment,ation,suffix,3.23,0.27458205819129944
disrespected,respected,dis,prefix,2.93,0.27506497502326965
preconceived,conceived,pre,prefix,2.86,0.27507779002189636
naturalism,natural,ism,suffix,2.79,0.27521005272865295
foreclosure,closure,fore,prefix,3.41,0.27522575855255127
refinance,finance,re,prefix,2.92,0.2764095664024353
nationalism,national,ism,suffix,3.83,0.276479035615921
disinfect,infect,dis,prefix,2.55,0.2764791250228882
discard,card,dis,prefix,3.37,0.27651116251945496
conformist,conform,ist,suffix,2.55,0.2766799032688141
changeable,change,able,suffix,2.75,0.2771899402141571
blackness,black,ness,suffix,3.09,0.27720439434051514
tribalism,tribal,ism,suffix,2.68,0.2772916555404663
pluralism,plural,ism,suffix,2.9,0.27752766013145447
formalism,formal,ism,suffix,2.68,0.2787637710571289
patriotism,patriot,ism,suffix,3.59,0.27929309010505676
morbidity,morbid,ity,suffix,2.95,0.2793005108833313
loudness,loud,ness,suffix,2.68,0.2793964743614197
baldness,bald,ness,suffix,2.66,0.2794424295425415
repressing,pressing,re,prefix,2.54,0.27963197231292725
absenteeism,absentee,ism,suffix,2.57,0.2796440124511719
unmarked,marked,un,prefix,3.24,0.27975890040397644
outhouse,house,out,prefix,2.64,0.27999234199523926
unquestionable,questionable,un,prefix,2.62,0.2800388038158417
overtake,take,over,prefix,3.3,0.2810121774673462
outlook,look,out,prefix,4.07,0.2810734212398529
selectable,select,able,suffix,2.55,0.28130507469177246
reactive,active,re,prefix,3.54,0.2814672887325287
compressive,compress,ive,suffix,2.6,0.2823355793952942
headless,head,less,suffix,3.01,0.28243571519851685
alarmist,alarm,ist,suffix,2.56,0.28248730301856995
revisionist,revision,ist,suffix,2.92,0.28354716300964355
untouched,touched,un,prefix,3.42,0.2836363613605499
respective,respect,ive,suffix,4.19,0.28373271226882935
unprofessional,professional,un,prefix,3.26,0.2840878367424011
unloved,loved,un,prefix,2.79,0.2842909097671509
interacting,acting,inter,prefix,3.66,0.28436189889907837
affective,affect,ive,suffix,3.0,0.284595787525177
returning,turning,re,prefix,4.49,0.28473982214927673
unspoiled,spoiled,un,prefix,2.57,0.28512120246887207
unfolded,folded,un,prefix,3.16,0.2854004204273224
transactions,actions,trans,prefix,4.22,0.2854262888431549
creationism,creation,ism,suffix,2.75,0.2860791087150574
attestation,attest,ation,suffix,2.61,0.28614795207977295
disparity,parity,dis,prefix,3.42,0.28682953119277954
prehistoric,historic,pre,prefix,3.42,0.28714364767074585
displeasure,pleasure,dis,prefix,3.14,0.2878293991088867
reaction,action,re,prefix,4.73,0.28786197304725647
neutralize,neutral,ize,suffix,3.12,0.28798702359199524
connectedness,connected,ness,suffix,2.61,0.2882833480834961
mismatch,match,mis,prefix,3.1,0.2885192036628723
overgrowth,growth,over,prefix,2.52,0.28859880566596985
overlord,lord,over,prefix,3.02,0.28861841559410095
actuality,actual,ity,suffix,3.1,0.2886451780796051
reacting,acting,re,prefix,3.62,0.2893056869506836
homeward,home,ward,suffix,2.7,0.28939303755760193
mismanaged,managed,mis,prefix,2.58,0.29032596945762634
reactions,actions,re,prefix,4.24,0.29068365693092346
reviewers,viewers,re,prefix,3.47,0.29073864221572876
containment,contain,ment,suffix,3.47,0.2908305525779724
nonzero,zero,non,prefix,2.55,0.29084885120391846
overtime,time,over,prefix,3.94,0.29110366106033325
multidisciplinary,disciplinary,multi,prefix,3.06,0.2915893495082855
workable,work,able,suffix,3.12,0.29161396622657776
unorganized,organized,un,prefix,2.82,0.2917623817920685
civility,civil,ity,suffix,3.03,0.29302728176116943
disqualification,qualification,dis,prefix,3.11,0.29314282536506653
reformation,reform,ation,suffix,3.53,0.29323869943618774
personality,personal,ity,suffix,4.55,0.29328233003616333
afterward,after,ward,suffix,3.83,0.2932908833026886
overheating,heating,over,prefix,3.1,0.29345372319221497
viewable,view,able,suffix,2.61,0.29362401366233826
resourceful,resource,ful,suffix,3.08,0.2936403453350067
unchanging,changing,un,prefix,2.73,0.2943897247314453
transformations,formations,trans,prefix,3.4,0.2945069670677185
undecided,decided,un,prefix,3.2,0.2946849465370178
untill,till,un,prefix,2.97,0.2946995496749878
singularity,singular,ity,suffix,3.16,0.29476988315582275
unreported,reported,un,prefix,2.91,0.2947768270969391
mindful,mind,ful,suffix,3.49,0.29479506611824036
prenatal,natal,pre,prefix,3.16,0.2950207591056824
rearrangement,rearrange,ment,suffix,2.72,0.2951104938983917
overstated,stated,over,prefix,2.93,0.2951974868774414
reacted,acted,re,prefix,3.64,0.29531532526016235
prosperity,prosper,ity,suffix,3.91,0.29545074701309204
unknowing,knowing,un,prefix,2.51,0.29553699493408203
objective,object,ive,suffix,4.36,0.2956625819206238
adoptive,adopt,ive,suffix,3.22,0.296705424785614
overtook,took,over,prefix,3.01,0.29676443338394165
outdone,done,out,prefix,2.8,0.2969276010990143
enlightenment,enlighten,ment,suffix,3.67,0.297398179769516
steamship,steam,ship,suffix,3.07,0.2975347638130188
realism,real,ism,suffix,3.69,0.2978649139404297
industrialist,industrial,ist,suffix,2.83,0.29788535833358765
disregarded,regarded,dis,prefix,3.09,0.2979317009449005
humanism,human,ism,suffix,2.99,0.29810571670532227
unsupported,supported,un,prefix,2.99,0.29830265045166016
untapped,tapped,un,prefix,2.94,0.29866352677345276
mediation,media,tion,suffix,3.51,0.2986766993999481
reclaiming,claiming,re,prefix,3.03,0.29902487993240356
unquestioned,questioned,un,prefix,2.54,0.2990325093269348
derailment,derail,ment,suffix,2.7,0.29958799481391907
temptation,tempt,ation,suffix,3.72,0.30012014508247375
revisited,visited,re,prefix,3.25,0.30018436908721924
regains,gains,re,prefix,2.72,0.30026835203170776
uninspired,inspired,un,prefix,2.7,0.3003515303134918
discontinued,continued,dis,prefix,3.63,0.300431489944458
misdirected,directed,mis,prefix,2.59,0.30050522089004517
playable,play,able,suffix,3.4,0.30054518580436707
regrowth,growth,re,prefix,2.64,0.30089035630226135
unearned,earned,un,prefix,2.71,0.301011860370636
unfunded,funded,un,prefix,2.73,0.3015504777431488
isolationist,isolation,ist,suffix,2.63,0.30161717534065247
printable,print,able,suffix,2.92,0.3017753064632416
disabilities,abilities,dis,prefix,3.93,0.30212873220443726
duality,dual,ity,suffix,3.13,0.3021337389945984
government,govern,ment,suffix,5.57,0.30222323536872864
dislike,like,dis,prefix,3.89,0.3022986650466919
disinformation,information,dis,prefix,2.96,0.3024895191192627
uncertain,certain,un,prefix,3.99,0.30260491371154785
disqualify,qualify,dis,prefix,2.94,0.3027792274951935
disembodied,embodied,dis,prefix,2.73,0.3027878701686859
uninvited,invited,un,prefix,2.85,0.3030543625354767
refunded,funded,re,prefix,3.18,0.3032589852809906
undeclared,declared,un,prefix,2.67,0.3035445809364319
protectionism,protection,ism,suffix,2.81,0.3038720190525055
outweighs,weighs,out,prefix,2.86,0.3040328621864319
disinterested,interested,dis,prefix,2.91,0.3040876090526581
prepaid,paid,pre,prefix,3.3,0.30410537123680115
marvelous,marvel,ous,suffix,3.53,0.30421656370162964
placement,place,ment,suffix,4.04,0.3056720495223999
reseller,seller,re,prefix,2.79,0.3057745397090912
elective,elect,ive,suffix,3.32,0.3061962425708771
journalism,journal,ism,suffix,4.12,0.3070386052131653
awesomeness,awesome,ness,suffix,2.96,0.3071875274181366
analogous,analog,ous,suffix,3.36,0.307204931974411
overcharged,charged,over,prefix,2.52,0.3073354959487915
misrepresentation,representation,mis,prefix,2.98,0.30740031599998474
breathable,breath,able,suffix,2.75,0.30762729048728943
mistakes,takes,mis,prefix,4.45,0.30772143602371216
distaste,taste,dis,prefix,2.92,0.3077922761440277
forerunners,runners,fore,prefix,2.59,0.30855387449264526
discharged,charged,dis,prefix,3.76,0.3086039125919342
preheat,heat,pre,prefix,2.9,0.3086135983467102
reusing,using,re,prefix,2.69,0.30873486399650574
outcome,come,out,prefix,4.35,0.30879858136177063
unharmed,harmed,un,prefix,3.12,0.30889877676963806
interstate,state,inter,prefix,3.99,0.3090701103210449
disrepair,repair,dis,prefix,2.79,0.3098353445529938
uncompromising,compromising,un,prefix,3.08,0.31032514572143555
underwater,water,under,prefix,3.92,0.31057050824165344
pettiness,petty,ness,suffix,2.55,0.31093281507492065
lightness,light,ness,suffix,2.97,0.3112572729587555
unannounced,announced,un,prefix,3.05,0.3117685317993164
unchallenged,challenged,un,prefix,2.87,0.31193313002586365
redistribution,distribution,re,prefix,3.27,0.31234830617904663
replayed,played,re,prefix,2.8,0.31255480647087097
publication,public,ation,suffix,4.45,0.31259819865226746
panelist,panel,ist,suffix,2.66,0.313059538602829
dependable,depend,able,suffix,3.25,0.31313732266426086
transsexual,sexual,trans,prefix,2.99,0.3133407235145569
unaccompanied,accompanied,un,prefix,2.98,0.31351932883262634
remodeled,modeled,re,prefix,3.04,0.313852995634079
disinterest,interest,dis,prefix,2.56,0.3140203654766083
unpatriotic,patriotic,un,prefix,2.61,0.3141117990016937
riotous,riot,ous,suffix,2.51,0.3144417107105255
overnight,night,over,prefix,4.19,0.3144727051258087
overthinking,thinking,over,prefix,2.85,0.31455889344215393
fatherhood,father,hood,suffix,2.89,0.31471383571624756
renoir,noir,re,prefix,2.73,0.3148196041584015
refueling,fueling,re,prefix,2.93,0.31506291031837463
untied,tied,un,prefix,2.73,0.31541773676872253
reposted,posted,re,prefix,2.79,0.31555405259132385
musicianship,musician,ship,suffix,2.57,0.31567031145095825
discharge,charge,dis,prefix,3.93,0.3157541751861572
counterproductive,productive,counter,prefix,3.05,0.3159148395061493
unionism,union,ism,suffix,2.72,0.31595754623413086
dishonored,honored,dis,prefix,2.73,0.31599608063697815
mismatched,matched,mis,prefix,2.78,0.3161218464374542
warrantless,warrant,less,suffix,2.53,0.3162654638290405
outsourced,sourced,out,prefix,3.0,0.3164363205432892
nationalist,national,ist,suffix,3.91,0.3166106045246124
boneless,bone,less,suffix,2.75,0.31673306226730347
outpouring,pouring,out,prefix,2.82,0.3167858421802521
thoughtless,thought,less,suffix,2.9,0.3167975842952728
replication,replica,tion,suffix,3.42,0.31690534949302673
return,turn,re,prefix,5.19,0.31705936789512634
undercarriage,carriage,under,prefix,2.54,0.3171218931674957
reusable,usable,re,prefix,3.21,0.31712621450424194
rebirth,birth,re,prefix,3.4,0.31713932752609253
restructure,structure,re,prefix,3.01,0.31730523705482483
overblown,blown,over,prefix,2.83,0.3173697590827942
remaking,making,re,prefix,2.78,0.31772324442863464
undersized,sized,under,prefix,2.59,0.31784525513648987
supercharger,charger,super,prefix,2.69,0.3180350065231323
disarming,arming,dis,prefix,2.84,0.31844523549079895
statehood,state,hood,suffix,3.08,0.3186279535293579
unwritten,written,un,prefix,3.05,0.31891849637031555
unscientific,scientific,un,prefix,2.75,0.31925681233406067
outplayed,played,out,prefix,2.8,0.3192703127861023
disintegrating,integrating,dis,prefix,2.72,0.31982386112213135
unsavory,savory,un,prefix,2.72,0.3198296129703522
remodelling,modelling,re,prefix,2.57,0.3198310434818268
leninist,lenin,ist,suffix,2.7,0.3201240301132202
unassisted,assisted,un,prefix,2.57,0.3202347159385681
relocation,location,re,prefix,3.57,0.3203255236148834
unsound,sound,un,prefix,2.72,0.32037243247032166
reenactment,enactment,re,prefix,2.67,0.3204203248023987
recreations,creations,re,prefix,2.57,0.32044699788093567
guardianship,guardian,ship,suffix,2.93,0.3205975592136383
disable,able,dis,prefix,3.52,0.32100772857666016
misjudged,judged,mis,prefix,2.77,0.3210351765155792
undeveloped,developed,un,prefix,3.11,0.3211027979850769
relapse,lapse,re,prefix,3.32,0.3211789131164551
appeasement,appease,ment,suffix,2.79,0.32120731472969055
transport,port,trans,prefix,4.68,0.32127490639686584
disappearing,appearing,dis,prefix,3.6,0.3215618431568146
magnetism,magnet,ism,suffix,3.03,0.3216366171836853
fatherless,father,less,suffix,2.61,0.3219577670097351
outlived,lived,out,prefix,2.75,0.32211315631866455
undemocratic,democratic,un,prefix,2.85,0.3221227824687958
replay,play,re,prefix,3.82,0.32256078720092773
royalist,royal,ist,suffix,2.8,0.3230725824832916
interacted,acted,inter,prefix,3.11,0.3232479691505432
outspoken,spoken,out,prefix,3.35,0.3235447406768799
overshoot,shoot,over,prefix,2.52,0.32367759943008423
hairless,hair,less,suffix,2.9,0.32378873229026794
ceaseless,cease,less,suffix,2.57,0.3238171339035034
unlocks,locks,un,prefix,2.97,0.32384809851646423
purposeful,purpose,ful,suffix,3.07,0.3243853747844696
unionist,union,ist,suffix,3.29,0.32500529289245605
forehand,hand,fore,prefix,2.7,0.3251013457775116
internationalist,nationalist,inter,prefix,2.51,0.32558196783065796
survivalist,survival,ist,suffix,2.52,0.32586991786956787
outlaws,laws,out,prefix,3.16,0.3259028494358063
unintended,intended,un,prefix,3.28,0.32597023248672485
reentry,entry,re,prefix,2.83,0.3260980248451233
revisit,visit,re,prefix,3.36,0.3262980282306671
meaningful,meaning,ful,suffix,4.14,0.32633963227272034
overworked,worked,over,prefix,3.0,0.32660964131355286
recoil,coil,re,prefix,3.19,0.32687556743621826
heaviness,heavy,ness,suffix,2.59,0.32740381360054016
forewarned,warned,fore,prefix,2.51,0.3282328248023987
dislodged,lodged,dis,prefix,2.7,0.328239381313324
faceless,face,less,suffix,2.98,0.32829561829566956
foregone,gone,fore,prefix,2.76,0.32859885692596436
athleticism,athletic,ism,suffix,2.98,0.32873257994651794
unending,ending,un,prefix,2.95,0.32874754071235657
reconstructive,reconstruct,ive,suffix,2.85,0.3297168016433716
unexplained,explained,un,prefix,3.28,0.3308753967285156
minimalism,minimal,ism,suffix,2.9,0.3310149908065796
inducement,induce,ment,suffix,2.53,0.33159005641937256
heartless,heart,less,suffix,3.33,0.3317744731903076
reposition,position,re,prefix,2.71,0.33191829919815063
gelatinous,gelatin,ous,suffix,2.53,0.3320672810077667
solidity,solid,ity,suffix,2.63,0.332205206155777
retaking,taking,re,prefix,2.56,0.33223429322242737
unnecessarily,necessarily,un,prefix,3.42,0.3327612280845642
interviewer,viewer,inter,prefix,3.51,0.3329353332519531
breathless,breath,less,suffix,3.19,0.3330741226673126
roughness,rough,ness,suffix,2.81,0.33336347341537476
equipment,equip,ment,suffix,4.88,0.3334033489227295
unsurpassed,surpassed,un,prefix,2.71,0.33363762497901917
disconnects,connects,dis,prefix,2.65,0.3341406583786011
fundamentalism,fundamental,ism,suffix,2.92,0.3341711461544037
movement,move,ment,suffix,4.97,0.3343483805656433
precaution,caution,pre,prefix,3.4,0.33466529846191406
expressionism,expression,ism,suffix,2.57,0.33487963676452637
dispassionate,passionate,dis,prefix,2.53,0.3352159559726715
overcome,come,over,prefix,4.27,0.33538317680358887
resource,source,re,prefix,4.39,0.3357490003108978
pretended,tended,pre,prefix,3.57,0.33592090010643005
uninterrupted,interrupted,un,prefix,3.25,0.3362147808074951
hardness,hard,ness,suffix,3.17,0.33631420135498047
unreal,real,un,prefix,3.59,0.336457759141922
foremost,most,fore,prefix,3.78,0.33646777272224426
accompaniment,accompany,ment,suffix,3.22,0.3368295133113861
periodicity,periodic,ity,suffix,2.56,0.3368470370769501
recount,count,re,prefix,3.24,0.33692610263824463
predate,date,pre,prefix,2.59,0.3369690477848053
retrace,trace,re,prefix,2.69,0.3372076451778412
harmless,harm,less,suffix,3.79,0.337310791015625
overcoming,coming,over,prefix,3.55,0.33744561672210693
excitement,excite,ment,suffix,4.19,0.33760565519332886
powerless,power,less,suffix,3.49,0.3377055823802948
unfinished,finished,un,prefix,3.72,0.3378894031047821
overloading,loading,over,prefix,2.76,0.3379640579223633
unheard,heard,un,prefix,3.37,0.3384113311767578
interventionist,intervention,ist,suffix,2.62,0.33879685401916504
specification,specific,ation,suffix,3.75,0.33886268734931946
unnaturally,naturally,un,prefix,2.6,0.3394765853881836
sharpness,sharp,ness,suffix,3.01,0.33973464369773865
outgrow,grow,out,prefix,2.67,0.33978646993637085
disorientation,orientation,dis,prefix,2.69,0.34014442563056946
overthink,think,over,prefix,2.7,0.34042075276374817
unhindered,hindered,un,prefix,2.54,0.3407444655895233
nonviolence,violence,non,prefix,2.69,0.3409993350505829
openness,open,ness,suffix,3.4,0.3411254286766052
transformation,formation,trans,prefix,4.21,0.34117141366004944
eventful,event,ful,suffix,3.02,0.3412618041038513
unusually,usually,un,prefix,3.76,0.3415560722351074
resolution,solution,re,prefix,4.59,0.3415919244289398
restrict,strict,re,prefix,3.8,0.34178775548934937
transplanted,planted,trans,prefix,3.06,0.3418346643447876
uncomplicated,complicated,un,prefix,2.83,0.3419298231601715
togetherness,together,ness,suffix,2.8,0.34195631742477417
nonprofits,profits,non,prefix,3.02,0.34210363030433655
interlock,lock,inter,prefix,2.62,0.3421596884727478
redistributed,distributed,re,prefix,2.77,0.3423844873905182
limitless,limit,less,suffix,3.27,0.34255799651145935
foreseen,seen,fore,prefix,2.96,0.34265023469924927
plurality,plural,ity,suffix,3.42,0.34273985028266907
overrated,rated,over,prefix,3.52,0.3429795205593109
statement,state,ment,suffix,4.97,0.34303539991378784
nameless,name,less,suffix,3.15,0.34336188435554504
reconsidered,considered,re,prefix,2.9,0.3435501158237457
uncharacteristic,characteristic,un,prefix,2.58,0.343865305185318
originality,original,ity,suffix,3.34,0.3444425165653229
information,inform,ation,suffix,5.43,0.3448507785797119
unpack,pack,un,prefix,3.04,0.34490296244621277
redirecting,directing,re,prefix,2.67,0.3453218638896942
spineless,spine,less,suffix,2.91,0.3453754186630249
republicanism,republican,ism,suffix,2.68,0.34614717960357666
undivided,divided,un,prefix,3.05,0.34625229239463806
overestimated,estimated,over,prefix,2.76,0.34639763832092285
companionship,companion,ship,suffix,3.19,0.3465268015861511
reproduced,produced,re,prefix,3.46,0.3467530310153961
reforming,forming,re,prefix,3.26,0.34730079770088196
impactful,impact,ful,suffix,2.96,0.34761473536491394
disobedience,obedience,dis,prefix,3.28,0.34768515825271606
unsettled,settled,un,prefix,3.22,0.3477787375450134
dissimilar,similar,dis,prefix,3.01,0.34785810112953186
noticeable,notice,able,suffix,3.75,0.3479527235031128
unaccounted,accounted,un,prefix,2.85,0.34797558188438416
overcame,came,over,prefix,3.26,0.34803199768066406
needless,need,less,suffix,3.66,0.3481096029281616
bulbous,bulb,ous,suffix,2.66,0.3481918275356293
bountiful,bounty,ful,suffix,2.88,0.34822148084640503
nonhuman,human,non,prefix,2.51,0.34841179847717285
unexpected,expected,un,prefix,4.23,0.34852880239486694
disregarding,regarding,dis,prefix,2.96,0.3488016128540039
unfilled,filled,un,prefix,2.6,0.3488049805164337
criticize,critic,ize,suffix,3.63,0.3488417863845825
unusual,usual,un,prefix,4.45,0.3491685390472412
retrain,train,re,prefix,2.52,0.34924426674842834
selfless,self,less,suffix,3.3,0.3494901955127716
misread,read,mis,prefix,2.96,0.34968993067741394
calvinism,calvin,ism,suffix,2.58,0.34998828172683716
consumerism,consumer,ism,suffix,2.98,0.3501410484313965
expansionist,expansion,ist,suffix,2.57,0.3502782881259918
disbelief,belief,dis,prefix,3.43,0.350308358669281
preparedness,prepared,ness,suffix,3.32,0.35050252079963684
penalize,penal,ize,suffix,2.74,0.35152924060821533
disagreements,agreements,dis,prefix,3.38,0.35156336426734924
favorable,favor,able,suffix,3.85,0.3516412675380707
imperialism,imperial,ism,suffix,3.38,0.35174235701560974
mistrust,trust,mis,prefix,3.06,0.3518562316894531
predisposed,disposed,pre,prefix,2.81,0.35281452536582947
retractable,retract,able,suffix,2.94,0.3530614674091339
superbowl,bowl,super,prefix,3.06,0.3530806303024292
forestall,stall,fore,prefix,2.62,0.3532440960407257
leninism,lenin,ism,suffix,2.56,0.3534696698188782
unpacked,packed,un,prefix,2.8,0.35390862822532654
manliness,manly,ness,suffix,2.53,0.3543676435947418
outnumbered,numbered,out,prefix,3.35,0.3545343577861786
nonprofit,profit,non,prefix,3.86,0.35481178760528564
senseless,sense,less,suffix,3.35,0.3550525903701782
fateful,fate,ful,suffix,3.06,0.35518214106559753
uninjured,injured,un,prefix,2.65,0.3553626835346222
helpless,help,less,suffix,3.69,0.3553721010684967
rationalist,rational,ist,suffix,2.56,0.35542914271354675
individualism,individual,ism,suffix,3.0,0.35549837350845337
judgement,judge,ment,suffix,3.86,0.3556904196739197
forceful,force,ful,suffix,3.24,0.3557923436164856
retest,test,re,prefix,2.52,0.3558763861656189
redeveloped,developed,re,prefix,2.68,0.3565898537635803
antichrist,christ,anti,prefix,3.05,0.35688427090644836
rearranging,arranging,re,prefix,2.76,0.3571108281612396
overlook,look,over,prefix,3.53,0.35740894079208374
unguarded,guarded,un,prefix,2.75,0.3577488362789154
masterful,master,ful,suffix,3.06,0.35779663920402527
smokeless,smoke,less,suffix,2.63,0.3585016131401062
misusing,using,mis,prefix,2.69,0.35894694924354553
frightful,fright,ful,suffix,2.82,0.3590468168258667
repurchase,purchase,re,prefix,2.94,0.3595724403858185
intersection,section,inter,prefix,3.88,0.35977980494499207
authorship,author,ship,suffix,3.15,0.3597991466522217
intercontinental,continental,inter,prefix,3.15,0.3598819077014923
distrust,trust,dis,prefix,3.4,0.35988208651542664
forgetful,forget,ful,suffix,2.87,0.36000192165374756
terrorize,terror,ize,suffix,2.79,0.3602248430252075
unneeded,needed,un,prefix,2.64,0.3602493405342102
outstretched,stretched,out,prefix,2.91,0.36052870750427246
washable,wash,able,suffix,2.61,0.36065393686294556
unsteady,steady,un,prefix,2.73,0.3613971471786499
restarts,starts,re,prefix,2.69,0.3614486753940582
reorganizing,organizing,re,prefix,2.55,0.3616335391998291
unelected,elected,un,prefix,2.77,0.3617720603942871
discontinuation,continuation,dis,prefix,2.63,0.3617974519729614
pronouncement,pronounce,ment,suffix,2.54,0.3618406653404236
resetting,setting,re,prefix,2.81,0.3620074689388275
instructive,instruct,ive,suffix,2.98,0.362039715051651
parallelism,parallel,ism,suffix,2.58,0.36216261982917786
prefabricated,fabricated,pre,prefix,2.79,0.3622868061065674
unbound,bound,un,prefix,2.85,0.3624793589115143
supermarket,market,super,prefix,3.78,0.36255335807800293
careful,care,ful,suffix,4.59,0.362826943397522
interpretive,interpret,ive,suffix,3.04,0.36294811964035034
unbelievable,believable,un,prefix,4.08,0.36299028992652893
unsealed,sealed,un,prefix,2.66,0.3637709319591522
unsubscribe,subscribe,un,prefix,3.03,0.363791286945343
intermarriage,marriage,inter,prefix,2.52,0.3639243245124817
wearable,wear,able,suffix,3.29,0.3639543056488037
interactions,actions,inter,prefix,4.16,0.3640238046646118
discards,cards,dis,prefix,2.58,0.3641566038131714
amazement,amaze,ment,suffix,3.0,0.3641778826713562
recounted,counted,re,prefix,3.2,0.3647693395614624
overcomes,comes,over,prefix,2.93,0.3648523688316345
commendation,commend,ation,suffix,3.0,0.36491185426712036
reloaded,loaded,re,prefix,2.91,0.3649645745754242
pretends,tends,pre,prefix,3.32,0.3651159405708313
commencement,commence,ment,suffix,3.48,0.3657720386981964
lethality,lethal,ity,suffix,2.52,0.36580953001976013
unplugged,plugged,un,prefix,3.11,0.36591315269470215
various,vary,ous,suffix,5.12,0.36596953868865967
dishonour,honour,dis,prefix,2.71,0.3660476505756378
redone,done,re,prefix,2.86,0.3661015033721924
painless,pain,less,suffix,3.16,0.36611828207969666
reconfiguration,configuration,re,prefix,2.5,0.3663184344768524
unwashed,washed,un,prefix,2.72,0.3663584291934967
classless,class,less,suffix,2.62,0.36672478914260864
untested,tested,un,prefix,2.85,0.36713504791259766
mistaken,taken,mis,prefix,3.98,0.3672822415828705
overrule,rule,over,prefix,2.73,0.3673218786716461
illegality,illegal,ity,suffix,2.66,0.36742180585861206
godliness,godly,ness,suffix,2.53,0.3677554428577423
undisturbed,disturbed,un,prefix,2.99,0.36781302094459534
searchable,search,able,suffix,2.87,0.367910236120224
reheat,heat,re,prefix,2.6,0.36851876974105835
rewatch,watch,re,prefix,2.97,0.36870869994163513
regenerate,generate,re,prefix,3.15,0.3687750995159149
precondition,condition,pre,prefix,2.63,0.36920085549354553
pointless,point,less,suffix,3.88,0.3702058792114258
disbarred,barred,dis,prefix,2.5,0.3707672357559204
missteps,steps,mis,prefix,2.59,0.37117987871170044
reconstructions,constructions,re,prefix,2.81,0.37122103571891785
publicity,public,ity,suffix,4.0,0.3715682327747345
unsigned,signed,un,prefix,3.17,0.3716413974761963
interstellar,stellar,inter,prefix,3.34,0.3717762231826782
reproducing,producing,re,prefix,3.04,0.3719276487827301
traditionalist,traditional,ist,suffix,2.75,0.3721734583377838
outposts,posts,out,prefix,2.98,0.3724163770675659
outnumber,number,out,prefix,2.98,0.3727613091468811
antiseptic,septic,anti,prefix,2.81,0.37302061915397644
questionable,question,able,suffix,3.78,0.3731282949447632
underestimated,estimated,under,prefix,3.39,0.37360072135925293
transcontinental,continental,trans,prefix,2.77,0.373933345079422
watchful,watch,ful,suffix,3.09,0.37397268414497375
inferiority,inferior,ity,suffix,2.97,0.37425270676612854
personable,person,able,suffix,2.69,0.3750060498714447
intersections,sections,inter,prefix,3.27,0.3751766085624695
walkable,walk,able,suffix,2.6,0.37518492341041565
disconnection,connection,dis,prefix,2.66,0.37567079067230225
pretend,tend,pre,prefix,4.33,0.3759700357913971
underestimate,estimate,under,prefix,3.69,0.37612947821617126
fullness,full,ness,suffix,3.03,0.37617549300193787
remind,mind,re,prefix,4.37,0.3767397999763489
disapproved,approved,dis,prefix,2.94,0.3767681419849396
antivirus,virus,anti,prefix,2.9,0.3767799139022827
disorderly,orderly,dis,prefix,3.15,0.3775167465209961
foreclosures,closures,fore,prefix,2.8,0.37752845883369446
disorganized,organized,dis,prefix,3.0,0.37774717807769775
correctness,correct,ness,suffix,3.39,0.3780467212200165
disqualified,qualified,dis,prefix,3.44,0.37877604365348816
pregame,game,pre,prefix,2.93,0.37888070940971375
favourable,favour,able,suffix,3.53,0.3790980279445648
adaptive,adapt,ive,suffix,3.61,0.3791906535625458
geneticist,genetic,ist,suffix,2.61,0.37926554679870605
unread,read,un,prefix,2.71,0.37961503863334656
massive,mass,ive,suffix,4.72,0.3796302378177643
underbelly,belly,under,prefix,2.74,0.3800083100795746
undress,dress,un,prefix,2.87,0.38009732961654663
unfaithful,faithful,un,prefix,3.07,0.3802800476551056
selective,select,ive,suffix,3.88,0.38047438859939575
restated,stated,re,prefix,2.67,0.38074198365211487
redirect,direct,re,prefix,3.21,0.38096779584884644
augmentation,augment,ation,suffix,3.05,0.3811447024345398
reconnected,connected,re,prefix,2.68,0.3813495635986328
closeness,close,ness,suffix,3.14,0.38158702850341797
hurtful,hurt,ful,suffix,3.3,0.3818111717700958
unspecified,specified,un,prefix,3.3,0.38186711072921753
realignment,alignment,re,prefix,2.87,0.38213568925857544
leftist,left,ist,suffix,3.63,0.3821462094783783
intellectualism,intellectual,ism,suffix,2.5,0.382420152425766
banishment,banish,ment,suffix,2.76,0.38254833221435547
dizziness,dizzy,ness,suffix,3.11,0.3826102912425995
resellers,sellers,re,prefix,2.67,0.38312429189682007
ungrateful,grateful,un,prefix,3.33,0.38333091139793396
disappointment,disappoint,ment,suffix,4.01,0.3836195468902588
unfocused,focused,un,prefix,2.53,0.3838866055011749
uninspiring,inspiring,un,prefix,2.55,0.38389214873313904
disengaged,engaged,dis,prefix,2.82,0.384075790643692
resupply,supply,re,prefix,2.88,0.3841659128665924
undercutting,cutting,under,prefix,2.57,0.38418927788734436
redrawn,drawn,re,prefix,2.62,0.3847026824951172
tightness,tight,ness,suffix,2.96,0.3849363327026367
undone,done,un,prefix,3.37,0.3849486708641052
vigorous,vigor,ous,suffix,3.46,0.3849537670612335
reorganized,organized,re,prefix,3.0,0.3852089047431946
disbelieve,believe,dis,prefix,2.51,0.3853907287120819
undetermined,determined,un,prefix,2.89,0.385485976934433
uncomfortably,comfortably,un,prefix,3.0,0.38581815361976624
graceful,grace,ful,suffix,3.39,0.386142373085022
foreskin,skin,fore,prefix,2.72,0.3861677050590515
reconnecting,connecting,re,prefix,2.6,0.38650959730148315
universality,universal,ity,suffix,2.73,0.38676509261131287
contemptible,contempt,ible,suffix,2.55,0.3869122862815857
unclean,clean,un,prefix,3.06,0.3873499929904938
clueless,clue,less,suffix,3.5,0.3874642848968506
corrective,correct,ive,suffix,3.29,0.3876090943813324
reauthorization,authorization,re,prefix,2.54,0.3876098394393921
overprotective,protective,over,prefix,2.66,0.3879481852054596
childless,child,less,suffix,3.06,0.3882480561733246
misappropriation,appropriation,mis,prefix,2.6,0.38840267062187195
sportsmanship,sportsman,ship,suffix,3.01,0.38897979259490967
recast,cast,re,prefix,2.94,0.389122873544693
resolves,solves,re,prefix,3.13,0.38924065232276917
refills,fills,re,prefix,2.74,0.3895988464355469
interconnection,connection,inter,prefix,2.83,0.38966938853263855
spiritualism,spiritual,ism,suffix,2.58,0.3899002969264984
undertakes,takes,under,prefix,2.95,0.3899117410182953
kingship,king,ship,suffix,2.75,0.3899214565753937
murderous,murder,ous,suffix,3.37,0.3901046812534332
overtones,tones,over,prefix,2.92,0.3906874656677246
underweight,weight,under,prefix,2.83,0.3908330798149109
enlargement,enlarge,ment,suffix,3.2,0.3908529281616211
unforgiving,forgiving,un,prefix,2.95,0.3911985158920288
overflows,flows,over,prefix,2.65,0.39133521914482117
transports,ports,trans,prefix,3.29,0.39135926961898804
tasteful,taste,ful,suffix,3.0,0.3916049301624298
idealism,ideal,ism,suffix,3.1,0.3916833698749542
recharging,charging,re,prefix,2.65,0.3921610116958618
unlock,lock,un,prefix,3.9,0.392511248588562
undervalued,valued,under,prefix,2.91,0.392560750246048
attachment,attach,ment,suffix,3.88,0.3929290771484375
overgrown,grown,over,prefix,3.12,0.3930458724498749
distasteful,tasteful,dis,prefix,2.99,0.39328867197036743
unplayable,playable,un,prefix,2.58,0.39333367347717285
remastered,mastered,re,prefix,3.23,0.39356204867362976
reprocessing,processing,re,prefix,2.61,0.3937806189060211
researching,searching,re,prefix,3.63,0.39379051327705383
unblocked,blocked,un,prefix,2.59,0.3943323791027069
superiority,superior,ity,suffix,3.59,0.39439404010772705
antimatter,matter,anti,prefix,2.64,0.39445775747299194
vitality,vital,ity,suffix,3.41,0.39446622133255005
misconception,conception,mis,prefix,3.22,0.3945419192314148
socialize,social,ize,suffix,3.16,0.3948478698730469
criticism,critic,ism,suffix,4.49,0.39486250281333923
multimillion,million,multi,prefix,2.82,0.3948664665222168
predictable,predict,able,suffix,3.76,0.39488479495048523
modality,modal,ity,suffix,2.81,0.39510732889175415
unresponsive,responsive,un,prefix,2.99,0.39516881108283997
redoing,doing,re,prefix,2.54,0.39534494280815125
underclass,class,under,prefix,2.62,0.39534851908683777
interactive,interact,ive,suffix,4.06,0.3953958749771118
overused,used,over,prefix,2.77,0.39567553997039795
unappreciated,appreciated,un,prefix,2.58,0.39568445086479187
underlies,lies,under,prefix,2.68,0.3956853449344635
overflowing,flowing,over,prefix,3.23,0.3957863450050354
miscalculated,calculated,mis,prefix,2.5,0.39637506008148193
individuality,individual,ity,suffix,3.2,0.39688125252723694
unnamed,named,un,prefix,3.57,0.39717602729797363
outburst,burst,out,prefix,3.15,0.3974178433418274
unincorporated,incorporated,un,prefix,2.98,0.3978956937789917
indebtedness,indebted,ness,suffix,2.76,0.39801037311553955
untimely,timely,un,prefix,3.12,0.39806199073791504
cannibalism,cannibal,ism,suffix,3.01,0.3982110023498535
discharging,charging,dis,prefix,2.97,0.398262619972229
unplanned,planned,un,prefix,3.14,0.39833590388298035
interviewers,viewers,inter,prefix,2.87,0.39834609627723694
argumentation,argument,ation,suffix,2.65,0.39838531613349915
reimagined,imagined,re,prefix,2.64,0.3984036147594452
advancement,advance,ment,suffix,3.81,0.3984105885028839
reachable,reach,able,suffix,2.71,0.39888155460357666
scandalous,scandal,ous,suffix,3.28,0.39890092611312866
retaken,taken,re,prefix,2.56,0.39890727400779724
disarmed,armed,dis,prefix,2.98,0.39890772104263306
unprovoked,provoked,un,prefix,2.83,0.399000346660614
disguise,guise,dis,prefix,3.72,0.3990737795829773
underrated,rated,under,prefix,3.61,0.3994375765323639
forearms,arms,fore,prefix,2.79,0.3997223973274231
redevelop,develop,re,prefix,2.57,0.3997938632965088
goalless,goal,less,suffix,2.72,0.3997972309589386
supercars,cars,super,prefix,2.78,0.4000292420387268
kindness,kind,ness,suffix,4.0,0.4001222848892212
disassembly,assembly,dis,prefix,2.52,0.40018507838249207
equalize,equal,ize,suffix,2.57,0.4005383253097534
transformed,formed,trans,prefix,4.08,0.4007527232170105
homeownership,homeowner,ship,suffix,2.7,0.4011509120464325
outgrown,grown,out,prefix,2.82,0.4012148082256317
predetermined,determined,pre,prefix,3.3,0.4015549123287201
outsourcing,sourcing,out,prefix,3.36,0.40176504850387573
reassignment,assignment,re,prefix,2.89,0.40178242325782776
overflow,flow,over,prefix,3.39,0.4020170271396637
employment,employ,ment,suffix,4.56,0.4023735225200653
unholy,holy,un,prefix,3.07,0.40276047587394714
laughable,laugh,able,suffix,3.18,0.40285658836364746
unpretentious,pretentious,un,prefix,2.59,0.4030022919178009
loveless,love,less,suffix,2.73,0.4030061364173889
hardiness,hardy,ness,suffix,2.5,0.40302082896232605
blameless,blame,less,suffix,2.8,0.4031115770339966
strapless,strap,less,suffix,2.72,0.40317901968955994
youthful,youth,ful,suffix,3.58,0.40338587760925293
interfaith,faith,inter,prefix,2.9,0.4033927023410797
manageable,manage,able,suffix,3.38,0.4034801423549652
preconditions,conditions,pre,prefix,2.63,0.40363624691963196
reload,load,re,prefix,3.26,0.40364259481430054
dismissive,dismiss,ive,suffix,3.05,0.4036844074726105
overvalued,valued,over,prefix,2.62,0.403984934091568
unease,ease,un,prefix,2.78,0.4041132628917694
undefeated,defeated,un,prefix,3.62,0.4041217565536499
reschedule,schedule,re,prefix,2.92,0.40413305163383484
uncontrolled,controlled,un,prefix,3.2,0.40419453382492065
forehead,head,fore,prefix,3.87,0.40485891699790955
unpopular,popular,un,prefix,3.72,0.40492522716522217
unmasked,masked,un,prefix,2.79,0.40494027733802795
urbanism,urban,ism,suffix,2.59,0.4054422378540039
worthiness,worthy,ness,suffix,2.64,0.4054730236530304
overhanging,hanging,over,prefix,2.64,0.4059925079345703
discomfort,comfort,dis,prefix,3.65,0.40600600838661194
uncaring,caring,un,prefix,2.58,0.40609079599380493
outfield,field,out,prefix,3.11,0.40632951259613037
annexation,annex,ation,suffix,3.42,0.40641719102859497
unchanged,changed,un,prefix,3.74,0.4066832363605499
overdone,done,over,prefix,2.82,0.40734726190567017
wasteful,waste,ful,suffix,3.27,0.407583624124527
unpunished,punished,un,prefix,2.85,0.4075947105884552
subjective,subject,ive,suffix,3.79,0.4077381193637848
soulless,soul,less,suffix,2.88,0.4085415005683899
remoteness,remote,ness,suffix,2.57,0.40862956643104553
finalist,final,ist,suffix,3.45,0.40864548087120056
traitorous,traitor,ous,suffix,2.67,0.408686101436615
predates,dates,pre,prefix,2.87,0.40915611386299133
returned,turned,re,prefix,4.82,0.4091951251029968
prosperous,prosper,ous,suffix,3.6,0.4092135727405548
discontinue,continue,dis,prefix,3.11,0.40941372513771057
commitment,commit,ment,suffix,4.43,0.40948641300201416
undertones,tones,under,prefix,2.81,0.40997540950775146
unused,used,un,prefix,3.64,0.4102293848991394
prepayment,payment,pre,prefix,2.55,0.4104146361351013
overpopulation,population,over,prefix,2.71,0.4104738235473633
holiness,holy,ness,suffix,3.46,0.4105502963066101
uncool,cool,un,prefix,2.79,0.41056472063064575
unsanitary,sanitary,un,prefix,2.7,0.4108704626560211
interrelated,related,inter,prefix,2.7,0.41102394461631775
restarted,started,re,prefix,3.1,0.41120022535324097
overestimate,estimate,over,prefix,2.83,0.41169482469558716
foreshore,shore,fore,prefix,2.61,0.41179999709129333
socialism,social,ism,suffix,3.88,0.4121008515357971
rediscovery,discovery,re,prefix,2.51,0.4121408760547638
rename,name,re,prefix,3.18,0.4124452769756317
retake,take,re,prefix,3.28,0.4124767482280731
uninhibited,inhibited,un,prefix,2.59,0.4125770628452301
mournful,mourn,ful,suffix,2.73,0.4129832088947296
recreates,creates,re,prefix,2.63,0.4131254255771637
coldness,cold,ness,suffix,2.64,0.4138337969779968
international,national,inter,prefix,5.36,0.41443872451782227
rerouted,routed,re,prefix,2.55,0.4145146906375885
patronize,patron,ize,suffix,2.72,0.41498616337776184
nakedness,naked,ness,suffix,2.56,0.4150243103504181
faithful,faith,ful,suffix,4.1,0.41514328122138977
preexisting,existing,pre,prefix,2.91,0.41515955328941345
readership,reader,ship,suffix,3.12,0.41520944237709045
idealist,ideal,ist,suffix,2.83,0.415968120098114
reintroduction,introduction,re,prefix,2.71,0.41606929898262024
reconstituted,constituted,re,prefix,2.82,0.41624775528907776
disregards,regards,dis,prefix,2.55,0.41637516021728516
uninstall,install,un,prefix,2.95,0.4166003465652466
oversize,size,over,prefix,2.68,0.4167550802230835
rebrand,brand,re,prefix,2.89,0.41692155599594116
stiffness,stiff,ness,suffix,3.2,0.4169718623161316
knowledgeable,knowledge,able,suffix,3.53,0.41699063777923584
unaffiliated,affiliated,un,prefix,2.76,0.41732507944107056
reprints,prints,re,prefix,3.03,0.41734111309051514
unhappiness,happiness,un,prefix,3.15,0.41827648878097534
refuel,fuel,re,prefix,2.84,0.4183596074581146
rewrote,wrote,re,prefix,2.75,0.41837623715400696
reinvention,invention,re,prefix,2.64,0.41861796379089355
unmotivated,motivated,un,prefix,2.53,0.4188161790370941
retook,took,re,prefix,2.51,0.4188232421875
uncontested,contested,un,prefix,2.84,0.41921016573905945
arrangement,arrange,ment,suffix,4.25,0.4193151593208313
normality,normal,ity,suffix,2.93,0.419521301984787
relocate,locate,re,prefix,3.44,0.4195390045642853
assertive,assert,ive,suffix,3.19,0.4198663532733917
underfunded,funded,under,prefix,2.74,0.4199541211128235
reflexive,reflex,ive,suffix,2.84,0.4199885427951813
undiscovered,discovered,un,prefix,3.0,0.42014506459236145
shameless,shame,less,suffix,3.39,0.42044076323509216
addictive,addict,ive,suffix,3.61,0.42069193720817566
interpersonal,personal,inter,prefix,3.37,0.4206995666027069
antithesis,thesis,anti,prefix,2.96,0.4207010567188263
unsweetened,sweetened,un,prefix,2.53,0.4207974076271057
marxist,marx,ist,suffix,3.6,0.42081499099731445
criminalize,criminal,ize,suffix,2.58,0.4208585321903229
tenderness,tender,ness,suffix,3.24,0.4210129976272583
overhear,hear,over,prefix,2.65,0.4210658371448517
ungodly,godly,un,prefix,2.91,0.4212605357170105
tasteless,taste,less,suffix,3.03,0.42133060097694397
predictive,predict,ive,suffix,3.37,0.42167928814888
scoreless,score,less,suffix,3.12,0.42181697487831116
underestimates,estimates,under,prefix,2.53,0.4218980073928833
colourless,colour,less,suffix,2.51,0.4219461977481842
physicality,physical,ity,suffix,2.83,0.42243286967277527
undressing,dressing,un,prefix,2.62,0.4234330952167511
shipment,ship,ment,suffix,3.76,0.423458069562912
disallow,allow,dis,prefix,2.57,0.4235250651836395
abolitionist,abolition,ist,suffix,2.74,0.4238033890724182
worthless,worth,less,suffix,3.82,0.4238927364349365
redirects,directs,re,prefix,2.65,0.4242171347141266
unbelief,belief,un,prefix,2.53,0.42427051067352295
preventable,prevent,able,suffix,3.15,0.42449676990509033
shirtless,shirt,less,suffix,3.11,0.4245717227458954
undertaking,taking,under,prefix,3.72,0.424715518951416
involvement,involve,ment,suffix,4.3,0.4251995384693146
reality,real,ity,suffix,4.89,0.425276517868042
cavernous,cavern,ous,suffix,2.75,0.42542752623558044
proportionality,proportional,ity,suffix,2.65,0.42714056372642517
voiceless,voice,less,suffix,2.76,0.4273321330547333
instrumentalist,instrumental,ist,suffix,2.55,0.4273945093154907
colorless,color,less,suffix,3.02,0.4275576174259186
wonderful,wonder,ful,suffix,4.85,0.42778435349464417
undressed,dressed,un,prefix,2.96,0.4280703663825989
unremarkable,remarkable,un,prefix,2.83,0.42809000611305237
overruled,ruled,over,prefix,3.12,0.4281492829322815
reproduces,produces,re,prefix,2.71,0.4285481572151184
completeness,complete,ness,suffix,3.13,0.4286620616912842
redeemable,redeem,able,suffix,2.77,0.4290849566459656
unwrapped,wrapped,un,prefix,2.55,0.4293636977672577
underdeveloped,developed,under,prefix,2.99,0.4300019145011902
redesignated,designated,re,prefix,2.81,0.43005266785621643
uncredited,credited,un,prefix,2.54,0.4300651550292969
foreheads,heads,fore,prefix,2.66,0.43091440200805664
craftsmanship,craftsman,ship,suffix,3.1,0.4310283064842224
journalist,journal,ist,suffix,4.38,0.43108537793159485
replenishment,replenish,ment,suffix,2.74,0.43122416734695435
reunites,unites,re,prefix,2.64,0.4314408004283905
parenthood,parent,hood,suffix,3.51,0.4314808249473572
rebalance,balance,re,prefix,2.63,0.43202123045921326
lordship,lord,ship,suffix,3.29,0.4320358633995056
renegotiation,negotiation,re,prefix,2.63,0.43208205699920654
relocating,locating,re,prefix,3.2,0.4328679144382477
blindness,blind,ness,suffix,3.44,0.4329874515533447
realize,real,ize,suffix,4.83,0.4331943392753601
rethink,think,re,prefix,3.47,0.43326011300086975
nontraditional,traditional,non,prefix,2.6,0.43333128094673157
comfortable,comfort,able,suffix,4.66,0.4333552420139313
variable,vary,able,suffix,4.12,0.43385785818099976
adjustable,adjust,able,suffix,3.6,0.4339774549007416
approachable,approach,able,suffix,2.91,0.43411576747894287
unknown,known,un,prefix,4.53,0.4342590272426605
refinancing,financing,re,prefix,2.91,0.4343794286251068
confrontation,confront,ation,suffix,3.72,0.4345018267631531
visualize,visual,ize,suffix,3.27,0.4348989725112915
unsalted,salted,un,prefix,2.52,0.4350830316543579
disconnect,connect,dis,prefix,3.46,0.435151606798172
perfectionism,perfection,ism,suffix,2.56,0.43522584438323975
hopeless,hope,less,suffix,3.71,0.43543335795402527
misstep,step,mis,prefix,2.6,0.4356580972671509
untrue,true,un,prefix,3.41,0.4356672167778015
unselfish,selfish,un,prefix,2.72,0.43569299578666687
predefined,defined,pre,prefix,2.65,0.4361479878425598
removable,movable,re,prefix,3.29,0.43644827604293823
undertook,took,under,prefix,3.44,0.4364604949951172
interracial,racial,inter,prefix,3.37,0.43662673234939575
honourable,honour,able,suffix,3.67,0.43675556778907776
resentment,resent,ment,suffix,3.61,0.437252938747406
rearrange,arrange,re,prefix,3.01,0.4373604655265808
distinguishable,distinguish,able,suffix,2.87,0.43771710991859436
disloyal,loyal,dis,prefix,2.84,0.4377320408821106
disagreement,agreement,dis,prefix,3.66,0.43774914741516113
outperform,perform,out,prefix,3.01,0.43778520822525024
mistake,take,mis,prefix,4.67,0.4378567337989807
lobbyist,lobby,ist,suffix,3.1,0.43858715891838074
unnoticed,noticed,un,prefix,3.42,0.43870100378990173
lyricist,lyric,ist,suffix,2.84,0.43872180581092834
superstructure,structure,super,prefix,2.89,0.4389905333518982
discontinuity,continuity,dis,prefix,2.5,0.43908146023750305
transform,form,trans,prefix,4.04,0.43925315141677856
resettled,settled,re,prefix,2.69,0.43928495049476624
reformed,formed,re,prefix,3.61,0.4396575689315796
supercomputer,computer,super,prefix,2.76,0.4400894045829773
greatness,great,ness,suffix,3.71,0.44013240933418274
refilled,filled,re,prefix,2.66,0.4402139186859131
reappearance,appearance,re,prefix,2.62,0.44025182723999023
meaningless,meaning,less,suffix,3.7,0.44032520055770874
resale,sale,re,prefix,3.28,0.44040319323539734
preventive,prevent,ive,suffix,3.5,0.44050827622413635
unsurprisingly,surprisingly,un,prefix,3.01,0.4406174123287201
multiplayer,player,multi,prefix,3.64,0.4412422478199005
unpleasantness,unpleasant,ness,suffix,2.52,0.4415394961833954
underutilized,utilized,under,prefix,2.52,0.44163864850997925
dishonor,honor,dis,prefix,2.88,0.4416711628437042
legalize,legal,ize,suffix,3.26,0.4417113661766052
overdoing,doing,over,prefix,2.57,0.4419305622577667
fragmentation,fragment,ation,suffix,3.23,0.4421882629394531
pitiful,pity,ful,suffix,3.24,0.4425591230392456
rematch,match,re,prefix,3.44,0.4426025152206421
thoughtful,thought,ful,suffix,3.83,0.4428691267967224
mismanagement,management,mis,prefix,3.09,0.4431893825531006
underprivileged,privileged,under,prefix,2.92,0.44345542788505554
transforms,forms,trans,prefix,3.45,0.4442327618598938
reactivation,activation,re,prefix,2.51,0.4447445869445801
preschoolers,schoolers,pre,prefix,2.67,0.44496870040893555
presentation,present,ation,suffix,4.31,0.4453325867652893
relationship,relation,ship,suffix,5.15,0.44646891951560974
refundable,refund,able,suffix,2.75,0.44656479358673096
unaltered,altered,un,prefix,2.79,0.4465954899787903
fellowship,fellow,ship,suffix,3.86,0.44692471623420715
restructured,structured,re,prefix,2.98,0.4469601511955261
reselling,selling,re,prefix,2.56,0.44697192311286926
outrageous,outrage,ous,suffix,3.77,0.44705724716186523
watchable,watch,able,suffix,2.58,0.4470837116241455
uniformity,uniform,ity,suffix,3.03,0.44712695479393005
awareness,aware,ness,suffix,4.44,0.44720542430877686
emptiness,empty,ness,suffix,3.27,0.44775837659835815
underappreciated,appreciated,under,prefix,2.65,0.44789883494377136
reactivate,activate,re,prefix,2.63,0.44801265001296997
unimportant,important,un,prefix,3.23,0.44806617498397827
undercooked,cooked,under,prefix,2.58,0.44809824228286743
reclassified,classified,re,prefix,2.6,0.44851917028427124
reasonableness,reasonable,ness,suffix,2.53,0.4486401677131653
reconstruction,construction,re,prefix,3.96,0.4487423300743103
undertone,tone,under,prefix,2.62,0.44891926646232605
dismounted,mounted,dis,prefix,2.6,0.44910958409309387
quickness,quick,ness,suffix,2.83,0.4494013488292694
disengage,engage,dis,prefix,2.9,0.4495255649089813
misdeeds,deeds,mis,prefix,2.8,0.4496419131755829
overload,load,over,prefix,3.5,0.4497998356819153
isolationism,isolation,ism,suffix,2.54,0.45011118054389954
disintegration,integration,dis,prefix,3.02,0.4501987099647522
disregard,regard,dis,prefix,3.66,0.45038071274757385
overdose,dose,over,prefix,3.57,0.4509761929512024
treasonous,treason,ous,suffix,2.68,0.45101198554039
overlords,lords,over,prefix,2.7,0.45120784640312195
unnatural,natural,un,prefix,3.48,0.4520726799964905
reshuffle,shuffle,re,prefix,2.81,0.45211175084114075
unconscious,conscious,un,prefix,3.94,0.4522522985935211
loveliness,lovely,ness,suffix,2.54,0.45289748907089233
rearranged,arranged,re,prefix,2.94,0.4529363214969635
normalize,normal,ize,suffix,3.0,0.45323315262794495
assassination,assassin,ation,suffix,3.82,0.4534086585044861
blissful,bliss,ful,suffix,3.0,0.45394670963287354
outrage,rage,out,prefix,3.84,0.4540000557899475
rebalancing,balancing,re,prefix,2.53,0.45417600870132446
recreated,created,re,prefix,3.15,0.4544045031070709
unwrap,wrap,un,prefix,2.56,0.45447254180908203
unplug,plug,un,prefix,2.95,0.4544934630393982
overloaded,loaded,over,prefix,3.13,0.45460477471351624
discoloration,coloration,dis,prefix,2.81,0.45472845435142517
rediscover,discover,re,prefix,2.8,0.454921156167984
reproduce,produce,re,prefix,3.63,0.45527616143226624
unmatched,matched,un,prefix,3.13,0.45629140734672546
multichannel,channel,multi,prefix,2.6,0.45727670192718506
stalinist,stalin,ist,suffix,2.76,0.45739760994911194
unarmed,armed,un,prefix,3.72,0.45768874883651733
heterosexuality,heterosexual,ity,suffix,2.52,0.45808145403862
reimagining,imagining,re,prefix,2.57,0.45820745825767517
assignment,assign,ment,suffix,4.18,0.45826438069343567
reshaped,shaped,re,prefix,2.63,0.458343505859375
reissued,issued,re,prefix,2.8,0.458586722612381
transforming,forming,trans,prefix,3.65,0.4590325355529785
drinkable,drink,able,suffix,2.59,0.4591231048107147
validation,valid,ation,suffix,3.68,0.45917388796806335
restart,start,re,prefix,3.68,0.459775447845459
multipurpose,purpose,multi,prefix,2.95,0.4597891569137573
outscored,scored,out,prefix,2.89,0.4599936604499817
unrealized,realized,un,prefix,2.63,0.4601022005081177
disembark,embark,dis,prefix,2.68,0.46020373702049255
reintegration,integration,re,prefix,2.63,0.46030330657958984
misinformation,information,mis,prefix,3.27,0.46044623851776123
refilling,filling,re,prefix,2.53,0.46054303646087646
unsure,sure,un,prefix,3.75,0.46069616079330444
unseen,seen,un,prefix,3.61,0.46078190207481384
measurement,measure,ment,suffix,4.05,0.4608038365840912
unsecured,secured,un,prefix,3.15,0.4611318111419678
goodness,good,ness,suffix,4.13,0.4612763524055481
rationalism,rational,ism,suffix,2.6,0.4614872336387634
redesigned,designed,re,prefix,3.3,0.461936891078949
transformative,formative,trans,prefix,3.14,0.4619632661342621
disappears,appears,dis,prefix,3.67,0.462181031703949
undertaken,taken,under,prefix,3.85,0.462573766708374
reinvented,invented,re,prefix,2.77,0.46267497539520264
coloration,color,ation,suffix,3.01,0.46272432804107666
synonymous,synonym,ous,suffix,3.5,0.46332278847694397
misused,used,mis,prefix,3.05,0.46340465545654297
unambiguous,ambiguous,un,prefix,2.89,0.4634401798248291
recounting,counting,re,prefix,2.97,0.46347686648368835
digestible,digest,ible,suffix,2.68,0.46378737688064575
variation,vary,ation,suffix,4.08,0.4638112187385559
unsold,sold,un,prefix,2.88,0.46444204449653625
unimaginative,imaginative,un,prefix,2.54,0.46517205238342285
alteration,alter,ation,suffix,3.33,0.46537432074546814
disagreed,agreed,dis,prefix,3.49,0.4655818045139313
unconcerned,concerned,un,prefix,2.74,0.46566149592399597
supermodels,models,super,prefix,2.55,0.46578356623649597
relaunch,launch,re,prefix,2.91,0.4661926329135895
rewriting,writing,re,prefix,3.14,0.46635040640830994
emotionless,emotion,less,suffix,2.72,0.4664202630519867
reopen,open,re,prefix,3.42,0.46651169657707214
landless,land,less,suffix,2.53,0.4668259024620056
familiarity,familiar,ity,suffix,3.4,0.46701309084892273
unlimited,limited,un,prefix,4.1,0.4670173227787018
miscommunication,communication,mis,prefix,2.7,0.467080682516098
vastness,vast,ness,suffix,2.66,0.46728864312171936
reassuring,assuring,re,prefix,3.4,0.4673076272010803
remarriage,marriage,re,prefix,2.5,0.46741747856140137
advantageous,advantage,ous,suffix,3.33,0.4676894247531891
rethinking,thinking,re,prefix,3.12,0.46797293424606323
finalize,final,ize,suffix,2.89,0.4682788550853729
reinvested,invested,re,prefix,2.58,0.46860846877098083
reused,used,re,prefix,3.09,0.4687238931655884
unauthorised,authorised,un,prefix,3.01,0.46895140409469604
symbolism,symbol,ism,suffix,3.46,0.4700543284416199
unconsciousness,consciousness,un,prefix,2.69,0.4702339172363281
retraining,training,re,prefix,2.75,0.47023478150367737
disagreeable,disagree,able,suffix,2.73,0.4704553484916687
linearity,linear,ity,suffix,2.55,0.4708598852157593
avoidable,avoid,able,suffix,2.97,0.4709516167640686
freshness,fresh,ness,suffix,3.12,0.47138121724128723
unprotected,protected,un,prefix,3.29,0.4714641273021698
unauthorized,authorized,un,prefix,3.57,0.4716719686985016
victorious,victory,ous,suffix,3.57,0.47171175479888916
melodious,melody,ous,suffix,2.58,0.4717809855937958
efficacious,efficacy,ous,suffix,2.55,0.47191521525382996
unreasonably,reasonably,un,prefix,2.92,0.4723413586616516
outpatient,patient,out,prefix,3.32,0.47250989079475403
intercultural,cultural,inter,prefix,2.87,0.4731043875217438
unaccountable,accountable,un,prefix,2.66,0.4731212854385376
sleepless,sleep,less,suffix,3.18,0.4732988178730011
unwise,wise,un,prefix,3.09,0.47339504957199097
outbursts,bursts,out,prefix,3.0,0.4734232425689697
brightness,bright,ness,suffix,3.57,0.4734666049480438
reshape,shape,re,prefix,2.87,0.4739210605621338
disloyalty,loyalty,dis,prefix,2.62,0.4739326536655426
unlocking,locking,un,prefix,3.27,0.4739888310432434
fallacious,fallacy,ous,suffix,2.64,0.47408583760261536
miscalculation,calculation,mis,prefix,2.61,0.4743606746196747
inhumanity,inhuman,ity,suffix,2.56,0.4744013845920563
complexity,complex,ity,suffix,4.02,0.47446420788764954
utilitarianism,utilitarian,ism,suffix,2.51,0.47447100281715393
underestimating,estimating,under,prefix,2.87,0.47450709342956543
suggestive,suggest,ive,suffix,3.21,0.4745660126209259
understaffed,staffed,under,prefix,2.59,0.4746205806732178
adaptation,adapt,ation,suffix,4.01,0.4750555455684662
unanticipated,anticipated,un,prefix,2.72,0.4755106270313263
reactive,react,ive,suffix,3.54,0.47570329904556274
unedited,edited,un,prefix,2.77,0.47631409764289856
disembarked,embarked,dis,prefix,2.56,0.47631433606147766
disapproves,approves,dis,prefix,2.63,0.47636720538139343
outshine,shine,out,prefix,2.51,0.4763714373111725
rewrite,write,re,prefix,3.47,0.4763934314250946
darwinism,darwin,ism,suffix,2.73,0.47678008675575256
standardize,standard,ize,suffix,2.72,0.4769096374511719
municipality,municipal,ity,suffix,3.71,0.4771801233291626
orchestration,orchestra,tion,suffix,2.74,0.4773590862751007
uninteresting,interesting,un,prefix,2.87,0.4781326651573181
acknowledgement,acknowledge,ment,suffix,3.32,0.4783092439174652
surrealist,surreal,ist,suffix,2.75,0.4783295691013336
outweigh,weigh,out,prefix,3.27,0.4784681797027588
similarity,similar,ity,suffix,3.58,0.4790729582309723
unscheduled,scheduled,un,prefix,2.76,0.47917282581329346
defective,defect,ive,suffix,3.57,0.4792545437812805
criminality,criminal,ity,suffix,2.99,0.47991326451301575
colorful,color,ful,suffix,3.8,0.4799754023551941
intergalactic,galactic,inter,prefix,2.86,0.48027631640434265
overheated,heated,over,prefix,2.89,0.4806021749973297
unreadable,readable,un,prefix,2.62,0.48073118925094604
unlisted,listed,un,prefix,2.74,0.48096248507499695
islamist,islam,ist,suffix,3.39,0.4809691309928894
spoonful,spoon,ful,suffix,2.87,0.4810188412666321
professionalism,professional,ism,suffix,3.4,0.4810646176338196
township,town,ship,suffix,3.98,0.4812546968460083
numbness,numb,ness,suffix,2.89,0.48144271969795227
counterintuitive,intuitive,counter,prefix,2.69,0.4815642237663269
falsehood,false,hood,suffix,2.92,0.4815959632396698
wickedness,wicked,ness,suffix,2.93,0.48173946142196655
modernize,modern,ize,suffix,3.03,0.4819604754447937
unethical,ethical,un,prefix,3.31,0.4820937216281891
doubtless,doubt,less,suffix,3.09,0.4822872579097748
tsarist,tsar,ist,suffix,2.51,0.4824785590171814
uncertainty,certainty,un,prefix,4.03,0.4826522469520569
underpaid,paid,under,prefix,2.85,0.482661634683609
untamed,tamed,un,prefix,2.75,0.4827848970890045
uninformed,informed,un,prefix,2.99,0.4831607937812805
relocated,located,re,prefix,3.42,0.48323485255241394
inventive,invent,ive,suffix,3.26,0.4834052622318268
unexploded,exploded,un,prefix,2.52,0.48341357707977295
supermarkets,markets,super,prefix,3.42,0.4835784435272217
reappeared,appeared,re,prefix,2.92,0.48364195227622986
colourful,colour,ful,suffix,3.55,0.48368319869041443
procurement,procure,ment,suffix,3.68,0.4838268458843231
furious,fury,ous,suffix,3.98,0.48382797837257385
restocking,stocking,re,prefix,2.6,0.4838320016860962
strangeness,strange,ness,suffix,2.67,0.48447325825691223
undergarments,garments,under,prefix,2.57,0.4845166802406311
sensationalism,sensational,ism,suffix,2.52,0.48498058319091797
interdependence,dependence,inter,prefix,2.69,0.48501676321029663
undergrad,grad,under,prefix,2.85,0.4850219190120697
disconnecting,connecting,dis,prefix,2.67,0.4850563108921051
irregularity,irregular,ity,suffix,2.57,0.48519012331962585
encouragement,encourage,ment,suffix,3.79,0.48519274592399597
embarrassment,embarrass,ment,suffix,3.77,0.4855896830558777
underpants,pants,under,prefix,2.92,0.48566558957099915
boastful,boast,ful,suffix,2.5,0.48568016290664673
unrestrained,restrained,un,prefix,2.7,0.4857083261013031
sickness,sick,ness,suffix,3.83,0.48573923110961914
rereading,reading,re,prefix,2.67,0.48635637760162354
fanciful,fancy,ful,suffix,2.97,0.4868415892124176
flexible,flex,ible,suffix,4.13,0.48700863122940063
reassessment,assessment,re,prefix,2.61,0.4873117506504059
sustainable,sustain,able,suffix,4.19,0.487376868724823
unbiased,biased,un,prefix,3.33,0.4878571033477783
reopening,opening,re,prefix,3.24,0.48817503452301025
harassment,harass,ment,suffix,4.01,0.48830047249794006
flirtation,flirt,ation,suffix,2.74,0.48831644654273987
agreeable,agree,able,suffix,3.19,0.488779753446579
sleeveless,sleeve,less,suffix,2.89,0.48944664001464844
socialist,social,ist,suffix,4.22,0.48953747749328613
disproved,proved,dis,prefix,2.72,0.4899551570415497
viewership,viewer,ship,suffix,3.13,0.48998114466667175
rigorous,rigor,ous,suffix,3.68,0.4905354678630829
unafraid,afraid,un,prefix,2.71,0.4906197786331177
predominate,dominate,pre,prefix,2.59,0.49082913994789124
formality,formal,ity,suffix,3.15,0.4912220239639282
prehistory,history,pre,prefix,2.75,0.49145764112472534
mindless,mind,less,suffix,3.22,0.4914669990539551
robustness,robust,ness,suffix,2.83,0.4915860593318939
unemployed,employed,un,prefix,3.9,0.4926222860813141
limitation,limit,ation,suffix,3.71,0.4932461380958557
enlistment,enlist,ment,suffix,2.94,0.49375656247138977
disappear,appear,dis,prefix,4.09,0.49412018060684204
unclear,clear,un,prefix,3.93,0.49416884779930115
overpaid,paid,over,prefix,2.9,0.4944502115249634
uninterested,interested,un,prefix,3.02,0.49479666352272034
unconsciousness,unconscious,ness,suffix,2.69,0.49495890736579895
formulation,formula,tion,suffix,3.48,0.49503612518310547
recreating,creating,re,prefix,3.01,0.4951464533805847
oversized,sized,over,prefix,3.4,0.49526098370552063
disruptive,disrupt,ive,suffix,3.46,0.4953097999095917
commendable,commend,able,suffix,3.07,0.495387464761734
mistrial,trial,mis,prefix,2.64,0.49550434947013855
reasonable,reason,able,suffix,4.59,0.49569839239120483
lustful,lust,ful,suffix,2.66,0.4957630932331085
unfortunately,fortunately,un,prefix,4.62,0.49579229950904846
unbounded,bounded,un,prefix,2.54,0.4958129823207855
legality,legal,ity,suffix,3.37,0.4958319664001465
rebuilding,building,re,prefix,3.71,0.49586138129234314
disassembled,assembled,dis,prefix,2.68,0.49591532349586487
reinstall,install,re,prefix,2.76,0.49628177285194397
perfectionist,perfection,ist,suffix,2.89,0.4963020980358124
cheerful,cheer,ful,suffix,3.6,0.4964624047279358
superstars,stars,super,prefix,3.3,0.4967619478702545
deafness,deaf,ness,suffix,2.9,0.49697282910346985
untangle,tangle,un,prefix,2.54,0.49710747599601746
tactful,tact,ful,suffix,2.59,0.4974413514137268
mistreatment,treatment,mis,prefix,2.98,0.4974869191646576
predisposition,disposition,pre,prefix,2.82,0.49772560596466064
keyboardist,keyboard,ist,suffix,2.52,0.4977339804172516
unavailability,availability,un,prefix,2.54,0.498195618391037
reliable,rely,able,suffix,4.29,0.49826765060424805
supplementation,supplement,ation,suffix,2.95,0.49836188554763794
unsolved,solved,un,prefix,3.28,0.4983721673488617
outweighed,weighed,out,prefix,2.9,0.49839112162590027
unlocked,locked,un,prefix,3.76,0.49851447343826294
powerful,power,ful,suffix,4.85,0.4985252022743225
overfishing,fishing,over,prefix,2.55,0.4989950358867645
premarital,marital,pre,prefix,2.74,0.49902623891830444
islamism,islam,ism,suffix,2.65,0.499149888753891
disagreement,disagree,ment,suffix,3.66,0.5003830194473267
reincarnation,incarnation,re,prefix,3.15,0.5005521774291992
prerequisite,requisite,pre,prefix,3.24,0.5006677508354187
randomness,random,ness,suffix,2.9,0.5012197494506836
interplanetary,planetary,inter,prefix,2.82,0.5012581944465637
hazardous,hazard,ous,suffix,3.71,0.5012779831886292
coolness,cool,ness,suffix,2.82,0.5013741850852966
disrespecting,respecting,dis,prefix,2.91,0.5014174580574036
ruinous,ruin,ous,suffix,2.69,0.501508355140686
ridiculousness,ridiculous,ness,suffix,2.56,0.5017867684364319
tranquility,tranquil,ity,suffix,3.02,0.5019568800926208
arsonist,arson,ist,suffix,2.59,0.5020390152931213
unmodified,modified,un,prefix,2.59,0.5020893812179565
publicize,public,ize,suffix,2.86,0.502187192440033
unconnected,connected,un,prefix,2.83,0.5022446513175964
decoration,decor,ation,suffix,3.82,0.5023196935653687
reformist,reform,ist,suffix,2.92,0.5029179453849792
unqualified,qualified,un,prefix,3.19,0.5030379891395569
softness,soft,ness,suffix,2.99,0.5034430623054504
unimaginable,imaginable,un,prefix,3.15,0.5035916566848755
readable,read,able,suffix,3.29,0.5038319826126099
heroism,hero,ism,suffix,3.26,0.5038387775421143
bisexuality,bisexual,ity,suffix,2.66,0.5042054653167725
unverified,verified,un,prefix,2.72,0.5043616890907288
unconditional,conditional,un,prefix,3.49,0.5043994188308716
relaunched,launched,re,prefix,2.67,0.5044395923614502
loyalist,loyal,ist,suffix,3.03,0.5045433640480042
undisclosed,disclosed,un,prefix,3.37,0.5046118497848511
multiracial,racial,multi,prefix,2.63,0.5046188831329346
craziness,crazy,ness,suffix,3.1,0.5049386620521545
remixes,mixes,re,prefix,3.09,0.5050081610679626
treatable,treat,able,suffix,2.85,0.505326509475708
recreate,create,re,prefix,3.52,0.505548894405365
fatality,fatal,ity,suffix,3.16,0.5063601136207581
likelihood,likely,hood,suffix,3.91,0.5064191222190857
laziness,lazy,ness,suffix,3.17,0.5064861178398132
personalize,personal,ize,suffix,2.69,0.5067569017410278
overweight,weight,over,prefix,3.74,0.5068461894989014
reconsideration,consideration,re,prefix,2.65,0.5068484544754028
unprepared,prepared,un,prefix,3.27,0.5069814920425415
unlike,like,un,prefix,4.57,0.5070065259933472
disproportionate,proportionate,dis,prefix,3.34,0.5071379542350769
prefrontal,frontal,pre,prefix,2.82,0.5075165629386902
mysticism,mystic,ism,suffix,3.07,0.5077313184738159
superpowers,powers,super,prefix,3.14,0.5082112550735474
truthful,truth,ful,suffix,3.42,0.5085319876670837
redevelopment,development,re,prefix,3.44,0.5085971355438232
undrafted,drafted,un,prefix,2.66,0.5086296796798706
specificity,specific,ity,suffix,3.22,0.5089849233627319
environmentalism,environmental,ism,suffix,2.69,0.5090082287788391
undetected,detected,un,prefix,3.03,0.5093756914138794
constitutionality,constitutional,ity,suffix,2.94,0.5093921422958374
conformity,conform,ity,suffix,3.2,0.5096780061721802
refill,fill,re,prefix,3.24,0.5099593997001648
nastiness,nasty,ness,suffix,2.58,0.5102108716964722
renamed,named,re,prefix,3.54,0.5105845332145691
neutrality,neutral,ity,suffix,3.67,0.5110751390457153
soloist,solo,ist,suffix,3.0,0.5111883878707886
transmembrane,membrane,trans,prefix,2.51,0.5114317536354065
unregistered,registered,un,prefix,3.03,0.5115246176719666
powerlessness,powerless,ness,suffix,2.53,0.5115445852279663
spaceship,space,ship,suffix,3.36,0.5116720795631409
disconnected,connected,dis,prefix,3.52,0.5121216773986816
jihadist,jihad,ist,suffix,2.96,0.5121235847473145
acidity,acid,ity,suffix,3.2,0.5121948719024658
reorganize,organize,re,prefix,2.8,0.5122281312942505
reclaim,claim,re,prefix,3.44,0.5128270983695984
delightful,delight,ful,suffix,3.77,0.5129029154777527
unaffected,affected,un,prefix,3.34,0.5130553841590881
overdoses,doses,over,prefix,2.75,0.513177752494812
unfiltered,filtered,un,prefix,2.86,0.513187050819397
knighthood,knight,hood,suffix,2.89,0.5135200619697571
rationalize,rational,ize,suffix,2.89,0.5135678648948669
undiagnosed,diagnosed,un,prefix,2.78,0.5136004686355591
preeminent,eminent,pre,prefix,2.79,0.513660728931427
overheard,heard,over,prefix,3.4,0.5136755108833313
outflows,flows,out,prefix,2.57,0.5141108632087708
mistreated,treated,mis,prefix,3.05,0.5141109228134155
refinement,refine,ment,suffix,3.2,0.5144299864768982
richness,rich,ness,suffix,3.26,0.5146526098251343
interconnect,connect,inter,prefix,2.7,0.5146835446357727
unpublished,published,un,prefix,3.41,0.5150931477546692
internationally,nationally,inter,prefix,3.95,0.5153114795684814
modernity,modern,ity,suffix,3.25,0.5157744884490967
lawlessness,lawless,ness,suffix,2.91,0.515910804271698
momentous,moment,ous,suffix,3.11,0.5162022113800049
redistribute,distribute,re,prefix,2.77,0.5165427923202515
formation,form,ation,suffix,4.49,0.5168278813362122
hobbyist,hobby,ist,suffix,2.57,0.5170002579689026
overflowed,flowed,over,prefix,2.58,0.5170766115188599
electricity,electric,ity,suffix,4.43,0.5171347260475159
faithfulness,faithful,ness,suffix,3.0,0.5171734690666199
functionality,functional,ity,suffix,3.7,0.5172288417816162
dishonorable,honorable,dis,prefix,2.68,0.5175637602806091
untreated,treated,un,prefix,3.33,0.517715573310852
unsaturated,saturated,un,prefix,2.71,0.5184257626533508
uneducated,educated,un,prefix,3.24,0.5188233852386475
effective,effect,ive,suffix,4.89,0.5189059972763062
unfair,fair,un,prefix,4.17,0.5190531611442566
honorable,honor,able,suffix,3.81,0.5190743803977966
mentorship,mentor,ship,suffix,2.84,0.5190868377685547
humanity,human,ity,suffix,4.32,0.5194036364555359
reapply,apply,re,prefix,2.69,0.5194177627563477
reassurance,assurance,re,prefix,3.27,0.5197302103042603
multimodal,modal,multi,prefix,2.54,0.5197458267211914
unbelievers,believers,un,prefix,2.67,0.5198034048080444
appropriateness,appropriate,ness,suffix,2.76,0.5206588506698608
unranked,ranked,un,prefix,2.57,0.5216554999351501
underwear,wear,under,prefix,3.96,0.5220621228218079
reprint,print,re,prefix,3.39,0.522742509841919
backward,back,ward,suffix,3.71,0.5235508680343628
undamaged,damaged,un,prefix,2.8,0.5235609412193298
dishonesty,honesty,dis,prefix,3.17,0.5241943001747131
fashionable,fashion,able,suffix,3.65,0.5242689847946167
womanhood,woman,hood,suffix,2.88,0.5243812203407288
redefined,defined,re,prefix,2.99,0.5243967175483704
conceptualize,conceptual,ize,suffix,2.59,0.5250325202941895
outbuildings,buildings,out,prefix,2.73,0.5251994729042053
reconstruct,construct,re,prefix,3.22,0.5258088111877441
unrestricted,restricted,un,prefix,3.27,0.5258298516273499
marxism,marx,ism,suffix,3.35,0.5260953903198242
tiredness,tired,ness,suffix,2.92,0.5265114903450012
unwarranted,warranted,un,prefix,3.11,0.5269040465354919
misfortune,fortune,mis,prefix,3.38,0.5269843935966492
untidy,tidy,un,prefix,2.61,0.5270571112632751
unfortunate,fortunate,un,prefix,4.12,0.5271852016448975
unpopularity,popularity,un,prefix,2.62,0.527690589427948
traceable,trace,able,suffix,2.8,0.5279623866081238
eccentricity,eccentric,ity,suffix,2.84,0.5283650755882263
profitable,profit,able,suffix,4.03,0.5284111499786377
reuniting,uniting,re,prefix,2.95,0.5287184715270996
bilingualism,bilingual,ism,suffix,2.65,0.5287331938743591
intergenerational,generational,inter,prefix,2.73,0.5287622213363647
unreleased,released,un,prefix,3.24,0.5292589068412781
uncoordinated,coordinated,un,prefix,2.5,0.5292888879776001
satanism,satan,ism,suffix,2.55,0.5294116139411926
superstore,store,super,prefix,2.66,0.5295538306236267
entrepreneurship,entrepreneur,ship,suffix,3.57,0.5301777124404907
customize,custom,ize,suffix,3.27,0.5302252173423767
repaying,paying,re,prefix,2.67,0.5302636623382568
unpredictable,predictable,un,prefix,3.68,0.5304359197616577
transgender,gender,trans,prefix,3.91,0.5309252738952637
reflective,reflect,ive,suffix,3.58,0.5311224460601807
alertness,alert,ness,suffix,2.75,0.5313146710395813
peaceful,peace,ful,suffix,4.28,0.5314944386482239
disobedient,obedient,dis,prefix,2.67,0.531620979309082
overcoat,coat,over,prefix,2.77,0.531695544719696
fluidity,fluid,ity,suffix,2.9,0.5318261384963989
friendliness,friendly,ness,suffix,2.93,0.5318551659584045
rediscovered,discovered,re,prefix,2.98,0.5320488214492798
manifestation,manifest,ation,suffix,3.43,0.5322669744491577
modernist,modern,ist,suffix,3.21,0.5325977802276611
undesired,desired,un,prefix,2.55,0.5327338576316833
frugality,frugal,ity,suffix,2.52,0.532906174659729
repositioning,positioning,re,prefix,2.63,0.5330337285995483
christianity,christian,ity,suffix,4.19,0.5334504842758179
preschool,school,pre,prefix,3.51,0.533841073513031
unsuccessfully,successfully,un,prefix,3.28,0.5340359807014465
radicalism,radical,ism,suffix,2.89,0.5349155068397522
discernible,discern,ible,suffix,2.97,0.5349791049957275
unconventional,conventional,un,prefix,3.42,0.5350191593170166
cancerous,cancer,ous,suffix,3.15,0.5350396633148193
helplessness,helpless,ness,suffix,2.91,0.53514164686203
perilous,peril,ous,suffix,3.18,0.5353963375091553
unhealthy,healthy,un,prefix,3.72,0.5357905030250549
noncommercial,commercial,non,prefix,2.64,0.5364881157875061
fanaticism,fanatic,ism,suffix,2.73,0.5364893078804016
acceptable,accept,able,suffix,4.27,0.5367869138717651
obtainable,obtain,able,suffix,3.07,0.5368102192878723
unimpressed,impressed,un,prefix,2.92,0.5381265878677368
helpful,help,ful,suffix,4.43,0.5392096042633057
timeliness,timely,ness,suffix,2.67,0.5397642254829407
modernism,modern,ism,suffix,3.13,0.5398839712142944
usefulness,useful,ness,suffix,3.33,0.5400559902191162
unsupervised,supervised,un,prefix,2.92,0.5403406023979187
unpacking,packing,un,prefix,2.89,0.5404110550880432
concealment,conceal,ment,suffix,2.92,0.5411731600761414
overreacted,reacted,over,prefix,2.69,0.5417612791061401
unjustifiable,justifiable,un,prefix,2.6,0.5425455570220947
repaid,paid,re,prefix,3.29,0.54300856590271
unload,load,un,prefix,3.24,0.5431365370750427
censorship,censor,ship,suffix,3.85,0.5431665182113647
organist,organ,ist,suffix,2.91,0.5433240532875061
lyricism,lyric,ism,suffix,2.63,0.5440622568130493
unofficial,official,un,prefix,3.66,0.5443609952926636
ethnicity,ethnic,ity,suffix,3.73,0.5444028377532959
regained,gained,re,prefix,3.49,0.5444740653038025
undertake,take,under,prefix,3.73,0.5452197194099426
immortality,immortal,ity,suffix,3.41,0.5455196499824524
reconstructing,constructing,re,prefix,2.79,0.5456372499465942
discontinuous,continuous,dis,prefix,2.64,0.5457291007041931
superhero,hero,super,prefix,3.85,0.54574054479599
foreseeable,foresee,able,suffix,3.34,0.5462173819541931
friendship,friend,ship,suffix,4.39,0.546744167804718
preseason,season,pre,prefix,3.65,0.5470708608627319
justifiable,justify,able,suffix,3.14,0.5471257567405701
secretive,secret,ive,suffix,3.26,0.5472309589385986
disagreeing,agreeing,dis,prefix,2.9,0.5477706789970398
attractive,attract,ive,suffix,4.53,0.5490085482597351
documentation,document,ation,suffix,3.95,0.5490987300872803
plentiful,plenty,ful,suffix,3.36,0.5493176579475403
reinvest,invest,re,prefix,2.6,0.5510150790214539
repaint,paint,re,prefix,2.61,0.5510776042938232
supermodel,model,super,prefix,3.1,0.551146388053894
disagreeable,agreeable,dis,prefix,2.73,0.5513975620269775
vocalist,vocal,ist,suffix,3.4,0.5514179468154907
unrecognized,recognized,un,prefix,2.85,0.5519222021102905
rebranded,branded,re,prefix,2.93,0.552227795124054
countermeasures,measures,counter,prefix,2.89,0.5525665283203125
fondness,fond,ness,suffix,3.14,0.5527193546295166
merciful,mercy,ful,suffix,3.27,0.5529559254646301
preclinical,clinical,pre,prefix,2.61,0.5533632636070251
adulthood,adult,hood,suffix,3.6,0.5535159111022949
undefined,defined,un,prefix,3.04,0.5535712838172913
misbehave,behave,mis,prefix,2.51,0.5539627075195312
dissatisfaction,satisfaction,dis,prefix,3.32,0.5541544556617737
reloading,loading,re,prefix,2.77,0.554884672164917
motherhood,mother,hood,suffix,3.37,0.5549893975257874
unfairness,unfair,ness,suffix,2.81,0.5552279949188232
reunite,unite,re,prefix,3.37,0.5553428530693054
unfriendly,friendly,un,prefix,3.1,0.5553488731384277
boldness,bold,ness,suffix,2.9,0.5555391311645508
homelessness,homeless,ness,suffix,3.43,0.555648684501648
vagueness,vague,ness,suffix,2.58,0.5557289123535156
reinventing,inventing,re,prefix,2.84,0.5561012625694275
gentleness,gentle,ness,suffix,2.77,0.556348443031311
darkness,dark,ness,suffix,4.3,0.5565484166145325
mindedness,minded,ness,suffix,2.86,0.5567914247512817
childhood,child,hood,suffix,4.51,0.5570930242538452
multicultural,cultural,multi,prefix,3.39,0.5576573610305786
unconfirmed,confirmed,un,prefix,3.03,0.5576971769332886
misinformed,informed,mis,prefix,2.91,0.5577666759490967
consciousness,conscious,ness,suffix,4.13,0.5578132271766663
misunderstand,understand,mis,prefix,3.15,0.5579418540000916
unmanageable,manageable,un,prefix,2.68,0.5580326318740845
unsophisticated,sophisticated,un,prefix,2.57,0.5580987334251404
reactivated,activated,re,prefix,2.7,0.5581183433532715
unsafe,safe,un,prefix,3.67,0.5588311553001404
undersecretary,secretary,under,prefix,2.82,0.560204803943634
fairness,fair,ness,suffix,3.77,0.5602583885192871
disrespectful,respectful,dis,prefix,3.64,0.5606104731559753
unnecessary,necessary,un,prefix,4.18,0.5613864064216614
trustworthiness,trustworthy,ness,suffix,2.67,0.5618528723716736
unsurprising,surprising,un,prefix,2.69,0.5619983077049255
conservationist,conservation,ist,suffix,2.7,0.5626246333122253
enjoyable,enjoy,able,suffix,3.91,0.5630859136581421
toxicity,toxic,ity,suffix,3.58,0.5632324814796448
unevenly,evenly,un,prefix,2.66,0.5634058117866516
nutritionist,nutrition,ist,suffix,2.9,0.5634241700172424
inclusiveness,inclusive,ness,suffix,2.61,0.5640820860862732
misbehaving,behaving,mis,prefix,2.69,0.5642683506011963
unpleasant,pleasant,un,prefix,3.8,0.5645415186882019
unrecognizable,recognizable,un,prefix,2.76,0.5646291971206665
reappears,appears,re,prefix,2.71,0.5646640658378601
unsustainable,sustainable,un,prefix,3.15,0.5648632645606995
uncommon,common,un,prefix,3.87,0.5652258396148682
unappealing,appealing,un,prefix,2.61,0.5656366348266602
surrealism,surreal,ism,suffix,2.78,0.5656523704528809
intergovernmental,governmental,inter,prefix,3.1,0.5661870241165161
rebranding,branding,re,prefix,2.88,0.5666509866714478
essayist,essay,ist,suffix,2.66,0.5670876502990723
undetectable,detectable,un,prefix,2.83,0.5671485066413879
regain,gain,re,prefix,3.73,0.567216157913208
unfairness,fairness,un,prefix,2.81,0.5685132145881653
achievement,achieve,ment,suffix,4.36,0.5686553716659546
unwelcome,welcome,un,prefix,3.14,0.569025456905365
mishandled,handled,mis,prefix,2.51,0.5691081285476685
unpopularity,unpopular,ity,suffix,2.62,0.569738507270813
supportive,support,ive,suffix,4.05,0.5699180364608765
reconsideration,reconsider,ation,suffix,2.65,0.5699796080589294
solicitation,solicit,ation,suffix,3.17,0.5702375173568726
unproductive,productive,un,prefix,3.1,0.5702757239341736
envious,envy,ous,suffix,3.22,0.5709130167961121
mishandling,handling,mis,prefix,2.6,0.5710300803184509
misfortunes,fortunes,mis,prefix,2.78,0.5712042450904846
interdependent,dependent,inter,prefix,2.64,0.571895956993103
protective,protect,ive,suffix,4.13,0.5719714760780334
expectation,expect,ation,suffix,3.99,0.5721997618675232
deceitful,deceit,ful,suffix,2.97,0.5726471543312073
responsiveness,responsive,ness,suffix,3.04,0.5727475881576538
unequal,equal,un,prefix,3.3,0.5729009509086609
instrumentation,instrument,ation,suffix,3.46,0.5735796093940735
hopelessness,hopeless,ness,suffix,2.94,0.5738977193832397
exploitation,exploit,ation,suffix,3.84,0.5746940970420837
alcoholism,alcohol,ism,suffix,3.45,0.5751795768737793
rediscovering,discovering,re,prefix,2.64,0.575379490852356
misconduct,conduct,mis,prefix,3.66,0.5754064917564392
truthfulness,truthful,ness,suffix,2.59,0.5754733681678772
reconnect,connect,re,prefix,3.17,0.575782060623169
reprinted,printed,re,prefix,3.51,0.576124370098114
embodiment,embody,ment,suffix,3.31,0.5763057470321655
uncomfortable,comfortable,un,prefix,4.19,0.5763779878616333
engagement,engage,ment,suffix,4.31,0.5766280293464661
internship,intern,ship,suffix,3.61,0.5766344666481018
reconfigure,configure,re,prefix,2.57,0.5768918991088867
excessive,excess,ive,suffix,4.12,0.5770452618598938
reinsurance,insurance,re,prefix,2.82,0.5771998167037964
repackaged,packaged,re,prefix,2.6,0.5773028135299683
unenforceable,enforceable,un,prefix,2.71,0.5777580738067627
misunderstanding,understanding,mis,prefix,3.7,0.5779188275337219
overreaction,reaction,over,prefix,2.77,0.5780543684959412
renaming,naming,re,prefix,2.9,0.5781498551368713
overcrowding,crowding,over,prefix,3.05,0.5782657265663147
environmentalist,environmental,ist,suffix,2.92,0.5787200331687927
abandonment,abandon,ment,suffix,3.4,0.5798370242118835
practicality,practical,ity,suffix,2.96,0.5799313187599182
impartiality,impartial,ity,suffix,2.91,0.580064594745636
dealership,dealer,ship,suffix,3.42,0.5802556872367859
uncensored,censored,un,prefix,3.01,0.5803086161613464
disapproving,approving,dis,prefix,2.73,0.5804521441459656
happiness,happy,ness,suffix,4.44,0.5806547403335571
enforcement,enforce,ment,suffix,4.45,0.5812264084815979
stressful,stress,ful,suffix,3.88,0.5816389918327332
readiness,ready,ness,suffix,3.59,0.5820440649986267
multimedia,media,multi,prefix,3.56,0.5820909738540649
unbalanced,balanced,un,prefix,3.21,0.5828551650047302
righteousness,righteous,ness,suffix,3.48,0.5834088921546936
representation,represent,ation,suffix,4.34,0.583703339099884
untrained,trained,un,prefix,3.03,0.5837593078613281
stupidity,stupid,ity,suffix,3.66,0.583880603313446
misspelled,spelled,mis,prefix,2.99,0.5846437215805054
loneliness,lonely,ness,suffix,3.65,0.5848097801208496
misspelling,spelling,mis,prefix,2.54,0.5850792527198792
confidentiality,confidential,ity,suffix,3.45,0.5854452848434448
advertisement,advertise,ment,suffix,3.84,0.5856518149375916
enjoyment,enjoy,ment,suffix,3.81,0.5856556296348572
priesthood,priest,hood,suffix,3.3,0.5859162211418152
unfunny,funny,un,prefix,2.64,0.5861914157867432
disagrees,agrees,dis,prefix,3.25,0.5866895914077759
multidimensional,dimensional,multi,prefix,2.79,0.5867550373077393
verifiable,verify,able,suffix,2.94,0.5867580771446228
reconfigured,configured,re,prefix,2.61,0.5868404507637024
rechargeable,recharge,able,suffix,2.92,0.5869355797767639
implantation,implant,ation,suffix,3.01,0.5875759720802307
restlessness,restless,ness,suffix,2.8,0.5877669453620911
equality,equal,ity,suffix,4.26,0.5878391265869141
pretrial,trial,pre,prefix,2.72,0.5880749225616455
disobeying,obeying,dis,prefix,2.69,0.5881562829017639
unemployment,employment,un,prefix,4.22,0.5884448885917664
counterattack,attack,counter,prefix,2.88,0.5884654521942139
unmarried,married,un,prefix,3.47,0.5885416865348816
thickness,thick,ness,suffix,3.75,0.5889788866043091
unhappily,happily,un,prefix,2.56,0.5892728567123413
solemnity,solemn,ity,suffix,2.54,0.5893336534500122
immorality,immoral,ity,suffix,2.85,0.5894309878349304
competitiveness,competitive,ness,suffix,3.45,0.5895050168037415
unidentified,identified,un,prefix,3.61,0.5896710753440857
uneasiness,uneasy,ness,suffix,2.51,0.5896741151809692
unexplored,explored,un,prefix,2.88,0.5897946357727051
settlement,settle,ment,suffix,4.49,0.5899200439453125
ugliness,ugly,ness,suffix,2.98,0.5902366638183594
dishonest,honest,dis,prefix,3.52,0.5905694365501404
repayments,payments,re,prefix,2.97,0.5905859470367432
sexiness,sexy,ness,suffix,2.6,0.5908277034759521
unlawfully,lawfully,un,prefix,3.09,0.5908331871032715
reinterpretation,interpretation,re,prefix,2.51,0.5912078022956848
reassess,assess,re,prefix,2.8,0.5913291573524475
predominance,dominance,pre,prefix,2.55,0.5918700695037842
unclassified,classified,un,prefix,2.79,0.5920376181602478
veganism,vegan,ism,suffix,2.66,0.5920918583869934
forefathers,fathers,fore,prefix,2.92,0.5921827554702759
reimbursement,reimburse,ment,suffix,3.35,0.592277467250824
rewritten,written,re,prefix,3.19,0.5934870839118958
disassemble,assemble,dis,prefix,2.58,0.593640148639679
unworkable,workable,un,prefix,2.63,0.5938928127288818
reelection,election,re,prefix,3.32,0.5939682722091675
reconsidering,considering,re,prefix,2.68,0.5941405296325684
unlicensed,licensed,un,prefix,3.1,0.5942511558532715
restrictive,restrict,ive,suffix,3.54,0.5948111414909363
cuteness,cute,ness,suffix,2.88,0.595812976360321
sensuality,sensual,ity,suffix,2.82,0.5959745645523071
uneventful,eventful,un,prefix,2.91,0.5961308479309082
scholarship,scholar,ship,suffix,4.15,0.59637051820755
membership,member,ship,suffix,4.47,0.5972080826759338
libertarianism,libertarian,ism,suffix,2.62,0.5974656939506531
sorrowful,sorrow,ful,suffix,2.7,0.597483217716217
zealous,zeal,ous,suffix,2.99,0.5974893569946289
chairmanship,chairman,ship,suffix,2.98,0.5975968837738037
reinforcement,reinforce,ment,suffix,3.43,0.5979976058006287
doubtful,doubt,ful,suffix,3.52,0.59818035364151
weariness,weary,ness,suffix,2.63,0.5983664393424988
disrespect,respect,dis,prefix,3.63,0.5986125469207764
amendment,amend,ment,suffix,4.38,0.5987257957458496
nonviolent,violent,non,prefix,3.06,0.5987995862960815
weirdness,weird,ness,suffix,2.92,0.5991385579109192
reestablished,established,re,prefix,2.52,0.5993926525115967
untitled,titled,un,prefix,3.23,0.5999057292938232
symbolize,symbol,ize,suffix,3.04,0.5999556183815002
disapproval,approval,dis,prefix,3.28,0.6000129580497742
unmanned,manned,un,prefix,3.28,0.6000402569770813
unpaid,paid,un,prefix,3.73,0.6000474095344543
overcooked,cooked,over,prefix,2.67,0.6002532839775085
overeating,eating,over,prefix,2.69,0.6002666354179382
existentialism,existential,ism,suffix,2.59,0.6002917885780334
unstable,stable,un,prefix,3.87,0.6005297303199768
preferable,prefer,able,suffix,3.44,0.6010358929634094
reunification,unification,re,prefix,3.09,0.6011433601379395
overreact,react,over,prefix,2.82,0.6017245650291443
consultation,consult,ation,suffix,4.02,0.6017327308654785
preteen,teen,pre,prefix,2.53,0.6019300222396851
beautiful,beauty,ful,suffix,5.22,0.6028735041618347
smoothness,smooth,ness,suffix,2.85,0.6029107570648193
interconnected,connected,inter,prefix,3.25,0.6029725074768066
unhappiness,unhappy,ness,suffix,3.15,0.6031813025474548
recruitment,recruit,ment,suffix,4.0,0.6031862497329712
counterinsurgency,insurgency,counter,prefix,2.53,0.6035766005516052
unanswered,answered,un,prefix,3.31,0.6036011576652527
outflow,flow,out,prefix,3.01,0.6036871075630188
downward,down,ward,suffix,3.71,0.603903591632843
uninhabited,inhabited,un,prefix,3.01,0.6039443612098694
mountainous,mountain,ous,suffix,3.38,0.6047675013542175
slowness,slow,ness,suffix,2.62,0.6050878763198853
redefining,defining,re,prefix,2.95,0.6051657199859619
condemnation,condemn,ation,suffix,3.52,0.6054412126541138
disgraceful,disgrace,ful,suffix,3.33,0.6056612730026245
politeness,polite,ness,suffix,2.93,0.6061294674873352
empowerment,empower,ment,suffix,3.54,0.6061966419219971
overpriced,priced,over,prefix,3.12,0.6063709259033203
unconstitutional,constitutional,un,prefix,3.65,0.6063797473907471
drunkenness,drunken,ness,suffix,2.89,0.6064329743385315
ornamentation,ornament,ation,suffix,2.77,0.6064373254776001
premiership,premier,ship,suffix,3.61,0.606737494468689
misdiagnosed,diagnosed,mis,prefix,2.55,0.6068115234375
affordable,afford,able,suffix,4.22,0.6074714660644531
apprenticeship,apprentice,ship,suffix,3.47,0.6077313423156738
punishment,punish,ment,suffix,4.34,0.6079591512680054
unregulated,regulated,un,prefix,3.07,0.6084269881248474
redesign,design,re,prefix,3.42,0.6090158820152283
secessionist,secession,ist,suffix,2.59,0.6091818809509277
disapprove,approve,dis,prefix,3.12,0.6095600724220276
reinvent,invent,re,prefix,3.06,0.6096146106719971
reassembled,assembled,re,prefix,2.63,0.6097036004066467
unconvinced,convinced,un,prefix,2.62,0.6105937361717224
incitement,incite,ment,suffix,2.86,0.6108272075653076
enforceable,enforce,able,suffix,3.02,0.6112982630729675
dissatisfied,satisfied,dis,prefix,3.31,0.6113017797470093
disadvantage,advantage,dis,prefix,3.71,0.6114855408668518
supervillain,villain,super,prefix,2.53,0.6118693947792053
unhelpful,helpful,un,prefix,2.99,0.6119114756584167
transatlantic,atlantic,trans,prefix,3.2,0.6122549176216125
consideration,consider,ation,suffix,4.28,0.6124421954154968
irrationality,irrational,ity,suffix,2.55,0.6124426126480103
spirituality,spiritual,ity,suffix,3.55,0.612608790397644
reopens,opens,re,prefix,2.59,0.6128640174865723
humidity,humid,ity,suffix,3.83,0.6129570603370667
undisciplined,disciplined,un,prefix,2.65,0.6134698390960693
uncivilized,civilized,un,prefix,2.61,0.6141746640205383
instinctive,instinct,ive,suffix,3.04,0.6143423914909363
misinterpretation,interpretation,mis,prefix,2.68,0.6143997311592102
identifiable,identify,able,suffix,3.37,0.61477130651474
causality,causal,ity,suffix,2.92,0.6147904396057129
unofficially,officially,un,prefix,2.94,0.6154566407203674
nonpartisan,partisan,non,prefix,2.91,0.6156954169273376
superstar,star,super,prefix,3.83,0.6159781217575073
detectable,detect,able,suffix,3.04,0.6162141561508179
unusable,usable,un,prefix,2.97,0.6167550086975098
unsatisfying,satisfying,un,prefix,2.57,0.6170613169670105
unhappy,happy,un,prefix,4.06,0.6173338890075684
seriousness,serious,ness,suffix,3.56,0.6173855662345886
quantifiable,quantify,able,suffix,2.65,0.6174424290657043
experimentation,experiment,ation,suffix,3.47,0.6174808740615845
adaptable,adapt,able,suffix,3.12,0.6175471544265747
unavailable,available,un,prefix,3.63,0.6176374554634094
unoccupied,occupied,un,prefix,2.93,0.6177881360054016
undeserved,deserved,un,prefix,2.69,0.6185311675071716
rudeness,rude,ness,suffix,2.91,0.6186081171035767
unreasonable,reasonable,un,prefix,3.75,0.6188178658485413
thoughtfulness,thoughtful,ness,suffix,2.55,0.6188445091247559
enrollment,enroll,ment,suffix,3.92,0.6190054416656494
painful,pain,ful,suffix,4.32,0.6194755434989929
retrial,trial,re,prefix,2.7,0.619726836681366
reinstalled,installed,re,prefix,2.54,0.6201668381690979
unproven,proven,un,prefix,2.95,0.6203358769416809
rationality,rational,ity,suffix,3.1,0.6209609508514404
peculiarity,peculiar,ity,suffix,2.5,0.6211726665496826
regretful,regret,ful,suffix,2.55,0.6212035417556763
sectarianism,sectarian,ism,suffix,2.57,0.6214208602905273
cartoonist,cartoon,ist,suffix,3.07,0.6228035688400269
harmful,harm,ful,suffix,3.97,0.622913122177124
reaffirmed,affirmed,re,prefix,3.12,0.6230724453926086
toughness,tough,ness,suffix,3.31,0.6231094002723694
rigidity,rigid,ity,suffix,2.99,0.6234301328659058
vegetarianism,vegetarian,ism,suffix,2.6,0.623492956161499
untrustworthy,trustworthy,un,prefix,2.83,0.6238417625427246
uniqueness,unique,ness,suffix,3.21,0.6239601969718933
endorsement,endorse,ment,suffix,3.75,0.6241208910942078
liberalism,liberal,ism,suffix,3.5,0.6242733001708984
harshness,harsh,ness,suffix,2.65,0.6243680119514465
uninsured,insured,un,prefix,3.23,0.6247247457504272
glorious,glory,ous,suffix,4.08,0.6260018944740295
superheroes,heroes,super,prefix,3.4,0.6263157725334167
reassured,assured,re,prefix,3.11,0.6265370845794678
repainted,painted,re,prefix,2.7,0.6267292499542236
intercollegiate,collegiate,inter,prefix,2.64,0.6269095540046692
disobey,obey,dis,prefix,2.83,0.6273866891860962
fulfilment,fulfil,ment,suffix,2.97,0.6274415850639343
resell,sell,re,prefix,2.93,0.6277113556861877
secularism,secular,ism,suffix,3.03,0.628358781337738
silliness,silly,ness,suffix,2.79,0.6284682750701904
antimicrobial,microbial,anti,prefix,3.01,0.6286567449569702
unconvincing,convincing,un,prefix,2.69,0.6289892196655273
soulful,soul,ful,suffix,3.13,0.6291297674179077
reassemble,assemble,re,prefix,2.54,0.6291695833206177
distrustful,distrust,ful,suffix,2.6,0.6293766498565674
pigmentation,pigment,ation,suffix,2.87,0.6294159293174744
harmonious,harmony,ous,suffix,3.15,0.630259096622467
unresolved,resolved,un,prefix,3.3,0.6309910416603088
mysterious,mystery,ous,suffix,4.17,0.6311178803443909
misinterpret,interpret,mis,prefix,2.6,0.6316001415252686
venomous,venom,ous,suffix,3.08,0.6317367553710938
antipsychotic,psychotic,anti,prefix,2.57,0.631972074508667
unabridged,abridged,un,prefix,2.64,0.6321746110916138
shameful,shame,ful,suffix,3.57,0.6323668360710144
unimpressive,impressive,un,prefix,2.55,0.6327766180038452
abnormality,abnormal,ity,suffix,2.89,0.6329914331436157
counterintelligence,intelligence,counter,prefix,2.64,0.6331235766410828
fulfillment,fulfill,ment,suffix,3.44,0.6342010498046875
egalitarianism,egalitarian,ism,suffix,2.52,0.634956955909729
authenticity,authentic,ity,suffix,3.6,0.6349978446960449
elasticity,elastic,ity,suffix,3.1,0.6350811123847961
unfulfilled,fulfilled,un,prefix,2.93,0.6367624998092651
unlawful,lawful,un,prefix,3.72,0.6369649767875671
repayment,payment,re,prefix,3.44,0.6370371580123901
reevaluate,evaluate,re,prefix,2.9,0.6372368931770325
misbehavior,behavior,mis,prefix,2.53,0.6375220417976379
thankful,thank,ful,suffix,3.93,0.6377716064453125
reread,read,re,prefix,3.0,0.6379638910293579
validity,valid,ity,suffix,3.7,0.6381694674491882
nervousness,nervous,ness,suffix,3.04,0.6384871006011963
forgiveness,forgive,ness,suffix,3.87,0.6386218070983887
installation,install,ation,suffix,4.16,0.6389259696006775
bassist,bass,ist,suffix,3.2,0.63907390832901
stoicism,stoic,ism,suffix,2.63,0.6390821933746338
insightful,insight,ful,suffix,3.41,0.6390889883041382
uncooked,cooked,un,prefix,2.69,0.6392484903335571
recapture,capture,re,prefix,3.2,0.6399579048156738
hateful,hate,ful,suffix,3.52,0.6402312517166138
reassure,assure,re,prefix,3.3,0.6404811143875122
assertiveness,assertive,ness,suffix,2.62,0.6409319639205933
outfitted,fitted,out,prefix,2.99,0.641516923904419
resourcefulness,resourceful,ness,suffix,2.55,0.6418094635009766
remarry,marry,re,prefix,2.66,0.6420624256134033
interwoven,woven,inter,prefix,2.81,0.6427884697914124
disobeyed,obeyed,dis,prefix,2.69,0.6428194642066956
neoliberalism,neoliberal,ism,suffix,2.79,0.6432799100875854
effectiveness,effective,ness,suffix,4.05,0.6434201598167419
requirement,require,ment,suffix,4.26,0.6434915661811829
reappointed,appointed,re,prefix,2.53,0.6444451808929443
distinctive,distinct,ive,suffix,4.0,0.6447963714599609
overreacting,reacting,over,prefix,3.1,0.6448769569396973
ownership,owner,ship,suffix,4.4,0.6454506516456604
predominant,dominant,pre,prefix,3.28,0.6455944776535034
remorseful,remorse,ful,suffix,2.6,0.6460839509963989
sweetness,sweet,ness,suffix,3.48,0.646452009677887
unprocessed,processed,un,prefix,2.59,0.6465842723846436
resold,sold,re,prefix,2.76,0.6467005014419556
attainable,attain,able,suffix,3.1,0.6467945575714111
resolved,solved,re,prefix,4.1,0.6467965245246887
unrealistic,realistic,un,prefix,3.54,0.6469141840934753
foolishness,foolish,ness,suffix,3.06,0.647053062915802
recklessness,reckless,ness,suffix,2.78,0.6476302742958069
citizenship,citizen,ship,suffix,4.1,0.6477808952331543
feudalism,feudal,ism,suffix,2.78,0.6478750109672546
unworthy,worthy,un,prefix,3.2,0.6478898525238037
stubbornness,stubborn,ness,suffix,2.83,0.6479139924049377
reappear,appear,re,prefix,3.01,0.6484069228172302
sentimentality,sentimental,ity,suffix,2.81,0.6487001180648804
displeased,pleased,dis,prefix,2.97,0.6490948796272278
deportation,deport,ation,suffix,3.57,0.6491270661354065
dangerous,danger,ous,suffix,4.79,0.649828314781189
regaining,gaining,re,prefix,3.06,0.6498741507530212
multiculturalism,multicultural,ism,suffix,3.09,0.6501041650772095
unloaded,loaded,un,prefix,3.18,0.6513229012489319
unfamiliar,familiar,un,prefix,3.62,0.6515662670135498
sexuality,sexual,ity,suffix,3.97,0.652092456817627
sedimentation,sediment,ation,suffix,2.66,0.6526601910591125
management,manage,ment,suffix,5.13,0.6527438759803772
carelessness,careless,ness,suffix,2.83,0.6531931757926941
misunderstood,understood,mis,prefix,3.61,0.6532196998596191
colonialism,colonial,ism,suffix,3.33,0.6538183093070984
protestantism,protestant,ism,suffix,2.97,0.6539526581764221
reestablish,establish,re,prefix,2.71,0.6541895270347595
unstructured,structured,un,prefix,2.76,0.6544039845466614
rebuild,build,re,prefix,3.9,0.6550324559211731
republished,published,re,prefix,2.97,0.655276894569397
reconsider,consider,re,prefix,3.63,0.655393660068512
romanticism,romantic,ism,suffix,2.97,0.6554399728775024
attainment,attain,ment,suffix,3.15,0.6559770107269287
understandable,understand,able,suffix,3.74,0.6559903025627136
flavorful,flavor,ful,suffix,2.67,0.6568318605422974
confirmation,confirm,ation,suffix,4.08,0.6571090817451477
nonexistent,existent,non,prefix,3.19,0.6572266221046448
unscripted,scripted,un,prefix,2.55,0.6573886871337891
misconstrued,construed,mis,prefix,2.56,0.6574691534042358
partnership,partner,ship,suffix,4.48,0.6576101183891296
dislikes,likes,dis,prefix,3.23,0.6577465534210205
unsatisfied,satisfied,un,prefix,2.98,0.6580200791358948
establishment,establish,ment,suffix,4.42,0.6582669615745544
renegotiate,negotiate,re,prefix,2.72,0.6584728360176086
hinduism,hindu,ism,suffix,3.27,0.6585568785667419
reconstructed,constructed,re,prefix,3.28,0.6586432456970215
interpretation,interpret,ation,suffix,4.22,0.6588568091392517
poisonous,poison,ous,suffix,3.57,0.6589545011520386
governorship,governor,ship,suffix,2.92,0.6590958833694458
unrelated,related,un,prefix,3.8,0.659559428691864
unaffordable,affordable,un,prefix,2.66,0.6601462364196777
impeachment,impeach,ment,suffix,3.59,0.6608982682228088
calmness,calm,ness,suffix,2.89,0.6617643237113953
eroticism,erotic,ism,suffix,2.55,0.6618524193763733
redesigning,designing,re,prefix,2.62,0.6627019643783569
recommendation,recommend,ation,suffix,4.09,0.6627441048622131
affirmation,affirm,ation,suffix,3.24,0.6629540920257568
disprove,prove,dis,prefix,2.93,0.6632987856864929
partisanship,partisan,ship,suffix,2.87,0.6643187999725342
humorous,humor,ous,suffix,3.6,0.6658632755279541
enhancement,enhance,ment,suffix,3.63,0.6659486889839172
readjust,adjust,re,prefix,2.58,0.6674034595489502
bitterness,bitter,ness,suffix,3.45,0.667447566986084
morality,moral,ity,suffix,3.86,0.667772650718689
importation,import,ation,suffix,3.05,0.6693518757820129
enrichment,enrich,ment,suffix,3.52,0.6696889400482178
accomplishment,accomplish,ment,suffix,3.69,0.6699066758155823
unattainable,attainable,un,prefix,2.88,0.6700721383094788
transformation,transform,ation,suffix,4.21,0.6702413558959961
overcrowded,crowded,over,prefix,3.09,0.6704683899879456
adjustment,adjust,ment,suffix,3.88,0.6710352301597595
unsympathetic,sympathetic,un,prefix,2.67,0.6718748211860657
resolve,solve,re,prefix,4.17,0.6726315021514893
rescheduled,scheduled,re,prefix,3.11,0.6738152503967285
antiviral,viral,anti,prefix,2.83,0.6740732192993164
relaxation,relax,ation,suffix,3.71,0.6741450428962708
agreement,agree,ment,suffix,4.88,0.6745398640632629
appointment,appoint,ment,suffix,4.49,0.6746083498001099
aggressiveness,aggressive,ness,suffix,2.86,0.6759704947471619
absurdity,absurd,ity,suffix,3.21,0.6767448782920837
unsuited,suited,un,prefix,2.5,0.6770355105400085
misadventures,adventures,mis,prefix,2.56,0.677230179309845
unlikely,likely,un,prefix,4.31,0.677448034286499
assessment,assess,ment,suffix,4.46,0.6784405708312988
accessible,access,ible,suffix,4.18,0.6793572902679443
professorship,professor,ship,suffix,2.72,0.6794668436050415
leadership,leader,ship,suffix,4.77,0.6797779202461243
resentful,resent,ful,suffix,2.97,0.6806073188781738
catholicism,catholic,ism,suffix,3.37,0.6815950274467468
reshaping,shaping,re,prefix,2.87,0.6818164587020874
mormonism,mormon,ism,suffix,2.75,0.6819267868995667
nonlinear,linear,non,prefix,3.27,0.6821557283401489
cleverness,clever,ness,suffix,2.69,0.6824190020561218
championship,champion,ship,suffix,4.54,0.6825568675994873
columnist,column,ist,suffix,3.58,0.682558000087738
brutality,brutal,ity,suffix,3.6,0.6828085780143738
misinterpreted,interpreted,mis,prefix,3.03,0.6835382580757141
resolving,solving,re,prefix,3.51,0.6836274862289429
courageous,courage,ous,suffix,3.59,0.6838757991790771
reaffirming,affirming,re,prefix,2.65,0.6845780611038208
reaffirm,affirm,re,prefix,2.83,0.6848107576370239
unsuccessful,successful,un,prefix,3.73,0.684906542301178
unacceptable,acceptable,un,prefix,3.87,0.68551105260849
hopeful,hope,ful,suffix,3.79,0.6855735778808594
skillful,skill,ful,suffix,3.13,0.685600221157074
nonverbal,verbal,non,prefix,2.66,0.6861697435379028
reelected,elected,re,prefix,2.95,0.6866140961647034
soreness,sore,ness,suffix,3.0,0.6869547367095947
unflattering,flattering,un,prefix,2.76,0.687006413936615
unwillingly,willingly,un,prefix,2.56,0.6875420212745667
unintentionally,intentionally,un,prefix,3.21,0.6890484690666199
disliked,liked,dis,prefix,3.41,0.6904348134994507
antibacterial,bacterial,anti,prefix,2.89,0.6907221674919128
respectful,respect,ful,suffix,3.71,0.6908841729164124
popularity,popular,ity,suffix,4.24,0.6914114356040955
downloadable,download,able,suffix,3.16,0.6915193796157837
undesirable,desirable,un,prefix,3.36,0.6919811964035034
multicolored,colored,multi,prefix,2.61,0.6924960017204285
improvement,improve,ment,suffix,4.49,0.6928911805152893
refocus,focus,re,prefix,2.72,0.693495512008667
deductible,deduct,ible,suffix,3.36,0.6935427188873291
reopened,opened,re,prefix,3.49,0.6943183541297913
attractiveness,attractive,ness,suffix,3.25,0.6958205103874207
unknowingly,knowingly,un,prefix,3.11,0.6961275339126587
counterterrorism,terrorism,counter,prefix,2.85,0.697689950466156
weakness,weak,ness,suffix,4.19,0.6978088617324829
ruthlessness,ruthless,ness,suffix,2.52,0.6983866095542908
unprofitable,profitable,un,prefix,2.91,0.698582649230957
resurfaced,surfaced,re,prefix,2.88,0.6989211440086365
homosexuality,homosexual,ity,suffix,3.74,0.6994652152061462
transportation,transport,ation,suffix,4.57,0.699748158454895
investment,invest,ment,suffix,4.84,0.7019432783126831
undergraduates,graduates,under,prefix,3.14,0.7021830677986145
disrespectful,disrespect,ful,suffix,3.64,0.7023075222969055
reintroduce,introduce,re,prefix,2.71,0.7034959197044373
nonfiction,fiction,non,prefix,3.26,0.7036731839179993
antisemitism,semitism,anti,prefix,3.15,0.7040214538574219
repayment,repay,ment,suffix,3.44,0.7043694853782654
medalist,medal,ist,suffix,3.22,0.7048541307449341
disagree,agree,dis,prefix,4.09,0.705525279045105
reassert,assert,re,prefix,2.51,0.7070701718330383
enactment,enact,ment,suffix,3.22,0.7074102163314819
unloading,loading,un,prefix,3.24,0.7076669931411743
selfishness,selfish,ness,suffix,3.22,0.7078486680984497
inventiveness,inventive,ness,suffix,2.54,0.7081835865974426
awkwardness,awkward,ness,suffix,3.0,0.7104303240776062
disliking,liking,dis,prefix,2.63,0.712739884853363
suspenseful,suspense,ful,suffix,2.75,0.7145509719848633
totalitarianism,totalitarian,ism,suffix,2.82,0.7147706151008606
vulgarity,vulgar,ity,suffix,2.65,0.7151071429252625
antifungal,fungal,anti,prefix,2.51,0.7160018682479858
authoritarianism,authoritarian,ism,suffix,3.0,0.7162434458732605
unlucky,lucky,un,prefix,3.63,0.7165352702140808
rejoining,joining,re,prefix,2.63,0.7168301343917847
antisemitic,semitic,anti,prefix,2.97,0.7172321677207947
reinstatement,reinstate,ment,suffix,2.99,0.7180385589599609
unaware,aware,un,prefix,3.87,0.7198876738548279
unpalatable,palatable,un,prefix,2.56,0.7210016846656799
rejoin,join,re,prefix,3.19,0.7220591902732849
unjustified,justified,un,prefix,3.03,0.7226892709732056
villainous,villain,ous,suffix,2.84,0.7236285209655762
paganism,pagan,ism,suffix,2.79,0.7239470481872559
development,develop,ment,suffix,5.31,0.724306046962738
recaptured,captured,re,prefix,2.92,0.7245584726333618
undeserving,deserving,un,prefix,2.64,0.7250531911849976
violinist,violin,ist,suffix,3.1,0.7269158959388733
sponsorship,sponsor,ship,suffix,3.72,0.7284614443778992
dictatorship,dictator,ship,suffix,3.64,0.7290776968002319
treatment,treat,ment,suffix,5.01,0.7312461733818054
transplantation,transplant,ation,suffix,3.23,0.7328808307647705
reintroduced,introduced,re,prefix,2.88,0.7361536026000977
unintentional,intentional,un,prefix,3.12,0.7362009882926941
remarried,married,re,prefix,3.08,0.7366220355033875
eagerness,eager,ness,suffix,2.9,0.7368656992912292
postmodernism,postmodern,ism,suffix,2.71,0.7388712167739868
rebuilt,built,re,prefix,3.62,0.7394974827766418
fearful,fear,ful,suffix,3.58,0.7428905963897705
reconvene,convene,re,prefix,2.54,0.743069589138031
unreliable,reliable,un,prefix,3.53,0.7431877255439758
guitarist,guitar,ist,suffix,3.63,0.7435295581817627
reassures,assures,re,prefix,2.57,0.7438414692878723
unwillingness,unwilling,ness,suffix,3.11,0.7442548274993896
successful,success,ful,suffix,4.94,0.7468898892402649
unskilled,skilled,un,prefix,3.05,0.7472481727600098
outfielder,fielder,out,prefix,3.01,0.7479454278945923
selflessness,selfless,ness,suffix,2.62,0.7495789527893066
reassigned,assigned,re,prefix,2.94,0.7500851154327393
unattractive,attractive,un,prefix,3.36,0.752206563949585
rejoined,joined,re,prefix,3.02,0.7526000738143921
unable,able,un,prefix,4.61,0.7549274563789368
redefine,define,re,prefix,3.09,0.7601561546325684
unsuitable,suitable,un,prefix,3.27,0.760623574256897
southward,south,ward,suffix,3.07,0.7611504793167114
replacement,replace,ment,suffix,4.44,0.7649919390678406
unconsciously,consciously,un,prefix,3.04,0.7652856707572937
retirement,retire,ment,suffix,4.53,0.7656486630439758
novelist,novel,ist,suffix,3.61,0.7665484547615051
luxurious,luxury,ous,suffix,3.55,0.7680491805076599
nongovernmental,governmental,non,prefix,2.59,0.768099308013916
unwillingness,willingness,un,prefix,3.11,0.7720509171485901
terrorism,terror,ism,suffix,4.24,0.7728619575500488
postponement,postpone,ment,suffix,3.03,0.7734142541885376
westward,west,ward,suffix,3.35,0.7815812230110168
willingness,willing,ness,suffix,3.82,0.7819893956184387
unsatisfactory,satisfactory,un,prefix,3.05,0.785974383354187
eastward,east,ward,suffix,3.24,0.7892007827758789
terrorist,terror,ist,suffix,4.35,0.7918555736541748
announcement,announce,ment,suffix,4.31,0.7937571406364441
counterclockwise,clockwise,counter,prefix,2.62,0.7950904369354248
undergraduate,graduate,under,prefix,3.85,0.7970741987228394
northward,north,ward,suffix,3.22,0.7974299192428589
unwilling,willing,un,prefix,3.7,0.8012896776199341
playfulness,playful,ness,suffix,2.55,0.8015879988670349
unfavorably,favorably,un,prefix,2.51,0.8080954551696777
unfavourable,favourable,un,prefix,2.79,0.8110653758049011
deployment,deploy,ment,suffix,3.91,0.8124741315841675
resignation,resign,ation,suffix,4.02,0.8144588470458984
implementation,implement,ation,suffix,4.31,0.814936101436615
disadvantages,advantages,dis,prefix,3.49,0.8309080600738525
unfavorable,favorable,un,prefix,3.21,0.8613268136978149
